N,P,K,temperature,humidity,ph,rainfall,soil_texture,crop_label
40.0,27.0,45.0,21.66,94.79,5.89,112.43,3.0,2.0
120.0,7.0,47.0,24.25,83.04,6.65,54.77,2.0,5.0
102.0,11.0,47.0,27.99,92.78,6.5,27.15,3.0,8.0
5.0,25.0,6.0,30.72,94.01,6.01,106.81,1.0,4.0
36.0,43.0,21.0,28.36,84.86,7.14,52.93,1.0,9.0
94.0,54.0,17.0,23.39,61.74,5.87,107.32,3.0,3.0
17.0,59.0,17.0,18.42,23.43,5.69,132.98,0.0,0.0
63.0,35.0,16.0,22.03,65.36,6.27,83.73,3.0,3.0
10.0,56.0,16.0,28.17,81.05,6.83,36.36,1.0,9.0
106.0,20.0,51.0,29.73,90.97,6.34,20.49,3.0,8.0
10.0,5.0,42.0,20.24,91.09,6.89,109.25,3.0,2.0
101.0,25.0,52.0,29.1,94.22,6.75,22.52,3.0,8.0
35.0,63.0,76.0,17.82,17.61,6.71,90.82,1.0,7.0
102.0,11.0,47.0,27.99,92.78,6.5,27.15,3.0,8.0
12.0,8.0,10.0,16.15,91.44,8.0,107.43,1.0,4.0
12.0,63.0,17.0,18.36,19.38,5.72,138.41,0.0,0.0
97.0,25.0,50.0,26.22,80.9,6.09,49.09,2.0,5.0
15.0,6.0,41.0,19.01,88.84,6.9,108.68,3.0,2.0
9.0,48.0,22.0,27.77,87.1,6.4,49.51,1.0,9.0
10.0,59.0,22.0,28.61,86.99,7.16,36.95,1.0,9.0
91.0,55.0,15.0,18.09,72.61,6.38,78.96,3.0,3.0
39.0,17.0,45.0,18.1,90.42,6.92,104.88,3.0,2.0
77.0,57.0,21.0,24.93,73.8,6.55,79.74,3.0,3.0
40.0,63.0,18.0,30.42,67.66,6.74,63.02,3.0,1.0
18.0,14.0,11.0,28.05,90.01,6.55,117.13,1.0,4.0
14.0,25.0,40.0,20.07,90.98,6.41,103.71,3.0,2.0
27.0,79.0,82.0,17.07,17.54,6.31,70.87,1.0,7.0
38.0,36.0,21.0,28.03,84.88,6.56,36.12,1.0,9.0
36.0,24.0,41.0,24.94,94.26,7.01,103.88,3.0,2.0
81.0,45.0,35.0,26.53,80.12,6.16,218.92,0.0,6.0
115.0,12.0,52.0,27.51,94.96,6.69,21.02,3.0,8.0
90.0,14.0,52.0,24.85,89.2,6.39,59.68,2.0,5.0
10.0,59.0,15.0,29.83,89.3,6.32,58.87,1.0,9.0
42.0,74.0,83.0,19.26,14.28,7.55,65.78,1.0,7.0
25.0,63.0,20.0,15.79,21.15,5.5,95.17,0.0,0.0
22.0,72.0,85.0,18.87,15.66,6.39,88.51,1.0,7.0
91.0,35.0,39.0,23.79,80.42,6.97,206.26,0.0,6.0
83.0,60.0,36.0,25.6,80.15,6.9,200.83,0.0,6.0
31.0,76.0,82.0,20.82,17.85,7.6,79.21,1.0,7.0
21.0,6.0,41.0,24.88,89.4,7.09,107.2,3.0,2.0
28.0,66.0,23.0,21.54,24.25,6.0,120.69,0.0,0.0
32.0,13.0,42.0,23.5,92.98,5.79,106.62,3.0,2.0
42.0,61.0,22.0,26.27,62.29,7.42,70.23,3.0,1.0
41.0,62.0,15.0,29.38,64.15,7.36,65.24,3.0,1.0
25.0,68.0,77.0,20.09,15.11,7.7,85.75,1.0,7.0
82.0,23.0,49.0,26.81,87.22,6.87,51.7,2.0,5.0
36.0,55.0,20.0,27.01,84.34,6.64,55.3,1.0,9.0
56.0,79.0,15.0,29.48,63.2,7.45,71.89,3.0,1.0
76.0,48.0,18.0,19.3,69.63,5.78,83.21,3.0,3.0
39.0,76.0,76.0,19.97,15.57,6.14,69.16,1.0,7.0
50.0,74.0,17.0,27.1,63.36,6.54,73.85,3.0,1.0
60.0,61.0,78.0,20.71,19.84,6.32,94.04,1.0,7.0
98.0,7.0,45.0,27.79,92.51,6.16,26.85,3.0,8.0
102.0,14.0,52.0,26.79,89.65,6.51,57.74,2.0,5.0
105.0,30.0,50.0,25.3,81.78,6.38,57.04,2.0,5.0
51.0,72.0,75.0,18.89,14.99,7.1,80.11,1.0,7.0
42.0,67.0,77.0,18.99,15.94,6.11,78.71,1.0,7.0
43.0,61.0,20.0,26.87,61.61,6.8,63.52,3.0,1.0
20.0,62.0,18.0,29.36,64.99,7.37,61.91,3.0,1.0
21.0,6.0,41.0,24.88,89.4,7.09,107.2,3.0,2.0
24.0,55.0,78.0,17.3,15.15,6.65,75.58,1.0,7.0
77.0,36.0,23.0,24.71,56.73,6.65,88.45,3.0,3.0
87.0,21.0,52.0,27.35,94.29,6.07,27.21,3.0,8.0
6.0,62.0,22.0,20.53,18.09,5.82,120.45,0.0,0.0
30.0,7.0,15.0,33.23,91.06,7.83,115.77,1.0,4.0
31.0,51.0,25.0,27.54,85.57,7.2,53.02,1.0,9.0
17.0,64.0,17.0,21.02,24.94,5.66,124.61,0.0,0.0
98.0,7.0,45.0,27.79,92.51,6.16,26.85,3.0,8.0
5.0,13.0,37.0,22.34,89.79,5.65,103.32,3.0,2.0
9.0,80.0,19.0,21.81,18.57,5.95,125.1,0.0,0.0
5.0,24.0,40.0,24.69,93.87,6.3,104.67,3.0,2.0
73.0,35.0,38.0,24.89,81.98,5.01,185.95,0.0,6.0
74.0,35.0,40.0,26.49,80.16,6.98,242.86,0.0,6.0
113.0,30.0,50.0,26.04,83.99,6.28,43.88,2.0,5.0
2.0,47.0,15.0,29.87,85.99,6.4,58.41,1.0,9.0
3.0,77.0,25.0,24.85,22.89,5.61,62.21,0.0,0.0
78.0,58.0,15.0,25.01,67.82,6.53,62.91,3.0,3.0
25.0,48.0,21.0,28.44,83.49,6.27,52.55,1.0,9.0
40.0,18.0,43.0,19.39,86.79,5.77,109.91,3.0,2.0
37.0,74.0,15.0,24.92,18.23,5.58,62.71,0.0,0.0
65.0,37.0,40.0,23.36,83.6,5.33,188.41,0.0,6.0
57.0,58.0,77.0,18.73,17.58,7.98,81.2,1.0,7.0
27.0,56.0,20.0,19.26,20.51,5.54,94.95,0.0,0.0
8.0,72.0,17.0,20.57,19.75,5.71,87.88,0.0,0.0
116.0,25.0,50.0,29.26,92.92,6.09,28.71,3.0,8.0
27.0,76.0,83.0,19.13,14.92,6.29,89.62,1.0,7.0
4.0,13.0,6.0,15.63,94.26,7.56,101.47,1.0,4.0
70.0,36.0,42.0,21.84,80.73,6.95,202.38,0.0,6.0
29.0,36.0,25.0,28.29,88.44,7.13,48.57,1.0,9.0
40.0,58.0,15.0,29.46,87.61,6.98,43.15,1.0,9.0
71.0,35.0,24.0,22.27,59.52,5.83,67.97,3.0,3.0
81.0,18.0,50.0,26.44,80.92,6.51,47.82,2.0,5.0
85.0,27.0,45.0,26.07,88.73,6.47,57.8,2.0,5.0
18.0,9.0,40.0,19.45,89.02,5.63,106.16,3.0,2.0
22.0,72.0,85.0,18.87,15.66,6.39,88.51,1.0,7.0
89.0,60.0,17.0,25.38,57.21,5.98,101.7,3.0,3.0
78.0,37.0,22.0,25.34,63.32,6.33,74.52,3.0,3.0
71.0,52.0,18.0,25.11,55.98,5.79,78.16,3.0,3.0
27.0,72.0,23.0,19.93,21.8,5.96,64.03,0.0,0.0
60.0,36.0,43.0,23.43,83.06,5.29,219.9,0.0,6.0
35.0,66.0,81.0,19.37,15.77,6.14,85.25,1.0,7.0
78.0,43.0,42.0,21.32,83.0,7.28,192.32,0.0,6.0
97.0,8.0,52.0,24.91,86.97,6.24,49.49,2.0,5.0
21.0,39.0,20.0,28.14,82.12,7.06,46.76,1.0,9.0
93.0,22.0,52.0,26.59,81.33,6.93,41.88,2.0,5.0
4.0,23.0,5.0,22.68,93.36,7.48,110.33,1.0,4.0
31.0,79.0,75.0,18.82,16.11,8.2,89.73,1.0,7.0
8.0,26.0,36.0,18.78,87.4,6.8,102.52,3.0,2.0
52.0,60.0,79.0,19.45,18.23,8.38,75.63,1.0,7.0
23.0,65.0,20.0,23.04,22.43,5.83,108.37,0.0,0.0
37.0,18.0,39.0,24.15,94.51,6.42,110.23,3.0,2.0
95.0,55.0,42.0,26.8,82.15,5.95,193.35,0.0,6.0
90.0,44.0,38.0,23.84,83.88,7.47,241.2,0.0,6.0
5.0,21.0,38.0,22.43,90.34,6.11,112.46,3.0,2.0
24.0,53.0,17.0,28.95,89.08,6.42,57.66,1.0,9.0
91.0,36.0,45.0,24.44,82.45,5.95,267.98,0.0,6.0
12.0,8.0,10.0,16.15,91.44,8.0,107.43,1.0,4.0
29.0,75.0,75.0,19.62,18.71,7.06,88.46,1.0,7.0
14.0,22.0,9.0,17.25,91.14,6.54,112.51,1.0,4.0
74.0,55.0,19.0,18.05,62.89,6.29,84.24,3.0,3.0
36.0,38.0,15.0,28.36,87.6,6.32,58.0,1.0,9.0
14.0,22.0,9.0,17.25,91.14,6.54,112.51,1.0,4.0
27.0,79.0,82.0,17.07,17.54,6.31,70.87,1.0,7.0
99.0,39.0,18.0,19.2,68.31,6.11,87.85,3.0,3.0
90.0,14.0,52.0,24.85,89.2,6.39,59.68,2.0,5.0
3.0,26.0,39.0,24.38,91.19,7.08,103.6,3.0,2.0
34.0,11.0,10.0,31.75,94.6,7.36,115.2,1.0,4.0
90.0,23.0,54.0,28.56,90.46,6.16,27.27,3.0,8.0
38.0,14.0,37.0,21.81,94.64,6.66,102.65,3.0,2.0
99.0,5.0,47.0,24.13,84.84,6.65,51.19,2.0,5.0
42.0,74.0,83.0,19.26,14.28,7.55,65.78,1.0,7.0
9.0,77.0,17.0,20.12,24.45,5.78,106.16,0.0,0.0
83.0,10.0,53.0,24.93,85.01,6.2,48.76,2.0,5.0
29.0,45.0,16.0,28.44,87.91,6.58,43.12,1.0,9.0
108.0,22.0,46.0,26.18,86.73,6.12,53.33,2.0,5.0
59.0,69.0,80.0,19.08,17.87,8.17,69.41,1.0,7.0
81.0,6.0,55.0,24.89,85.87,6.11,51.71,2.0,5.0
40.0,64.0,16.0,16.43,24.24,5.93,140.37,0.0,0.0
6.0,13.0,9.0,34.51,90.56,7.79,118.33,1.0,4.0
107.0,12.0,46.0,29.57,93.62,6.56,27.57,3.0,8.0
31.0,70.0,77.0,20.89,14.32,6.49,90.46,1.0,7.0
31.0,55.0,22.0,22.91,21.34,5.87,109.23,0.0,0.0
84.0,29.0,49.0,29.94,93.91,6.25,20.39,3.0,8.0
20.0,29.0,10.0,29.07,93.27,7.37,100.79,1.0,4.0
5.0,45.0,21.0,28.36,88.01,6.49,43.05,1.0,9.0
52.0,73.0,79.0,17.26,18.75,7.84,94.0,1.0,7.0
22.0,71.0,17.0,18.15,19.39,5.51,107.69,0.0,0.0
39.0,28.0,10.0,31.35,91.48,7.18,109.15,1.0,4.0
8.0,45.0,18.0,27.93,85.42,7.01,43.25,1.0,9.0
51.0,72.0,75.0,18.89,14.99,7.1,80.11,1.0,7.0
76.0,44.0,17.0,20.42,62.55,5.86,65.28,3.0,3.0
107.0,22.0,54.0,28.0,90.85,6.63,21.62,3.0,8.0
93.0,53.0,38.0,26.93,81.91,7.07,290.68,0.0,6.0
5.0,13.0,37.0,22.34,89.79,5.65,103.32,3.0,2.0
27.0,79.0,82.0,17.07,17.54,6.31,70.87,1.0,7.0
35.0,57.0,83.0,19.48,17.45,7.48,80.5,1.0,7.0
19.0,53.0,22.0,27.86,80.45,6.85,42.83,1.0,9.0
107.0,5.0,52.0,26.66,89.98,6.88,57.41,2.0,5.0
105.0,14.0,50.0,26.21,87.69,6.42,59.66,2.0,5.0
4.0,14.0,41.0,19.85,89.81,6.43,102.82,3.0,2.0
118.0,12.0,47.0,27.97,92.17,6.01,28.95,3.0,8.0
32.0,79.0,15.0,23.91,20.75,5.71,81.6,0.0,0.0
108.0,26.0,52.0,28.83,94.27,6.2,26.24,3.0,8.0
22.0,30.0,12.0,15.78,92.51,6.35,119.04,1.0,4.0
27.0,69.0,22.0,17.92,24.91,5.93,69.15,0.0,0.0
40.0,9.0,41.0,24.38,85.4,5.78,106.13,3.0,2.0
20.0,40.0,15.0,29.57,88.08,7.2,45.04,1.0,9.0
109.0,10.0,53.0,26.82,87.83,6.55,46.06,2.0,5.0
1.0,27.0,36.0,23.99,93.34,5.68,104.99,3.0,2.0
12.0,78.0,23.0,16.07,18.72,6.0,88.07,0.0,0.0
28.0,80.0,17.0,19.62,18.67,5.81,144.16,0.0,0.0
98.0,26.0,52.0,27.34,90.7,6.15,28.69,3.0,8.0
89.0,11.0,47.0,29.79,94.65,6.33,27.87,3.0,8.0
4.0,20.0,41.0,24.27,93.8,6.54,104.54,3.0,2.0
72.0,40.0,38.0,20.41,82.21,7.59,245.15,0.0,6.0
74.0,35.0,40.0,26.49,80.16,6.98,242.86,0.0,6.0
39.0,58.0,85.0,17.89,15.41,6.0,68.55,1.0,7.0
53.0,73.0,77.0,19.71,18.1,7.33,73.64,1.0,7.0
29.0,22.0,43.0,19.66,87.95,5.56,106.04,3.0,2.0
37.0,74.0,15.0,24.92,18.23,5.58,62.71,0.0,0.0
35.0,64.0,15.0,28.47,63.54,6.5,69.53,3.0,1.0
9.0,80.0,19.0,21.81,18.57,5.95,125.1,0.0,0.0
32.0,73.0,81.0,20.45,15.4,5.99,92.68,1.0,7.0
60.0,55.0,44.0,23.0,82.32,7.84,263.96,0.0,6.0
25.0,68.0,77.0,20.09,15.11,7.7,85.75,1.0,7.0
1.0,27.0,36.0,23.99,93.34,5.68,104.99,3.0,2.0
89.0,60.0,19.0,25.19,66.69,5.91,78.07,3.0,3.0
12.0,78.0,23.0,16.07,18.72,6.0,88.07,0.0,0.0
93.0,41.0,17.0,25.62,66.5,6.05,105.47,3.0,3.0
73.0,35.0,38.0,24.89,81.98,5.01,185.95,0.0,6.0
30.0,63.0,16.0,23.61,21.91,5.53,100.6,0.0,0.0
13.0,60.0,25.0,17.14,20.61,5.69,128.26,0.0,0.0
34.0,60.0,23.0,20.13,24.97,5.66,100.05,0.0,0.0
7.0,20.0,12.0,16.53,94.77,6.48,110.04,1.0,4.0
106.0,21.0,52.0,28.9,94.79,6.29,23.04,3.0,8.0
108.0,23.0,51.0,26.84,83.85,6.11,40.23,2.0,5.0
58.0,73.0,16.0,33.37,65.68,6.87,64.9,3.0,1.0
94.0,54.0,17.0,23.39,61.74,5.87,107.32,3.0,3.0
30.0,70.0,79.0,20.27,19.97,7.31,69.64,1.0,7.0
25.0,68.0,77.0,20.09,15.11,7.7,85.75,1.0,7.0
78.0,40.0,38.0,26.46,83.86,7.55,248.23,0.0,6.0
21.0,80.0,20.0,28.21,68.27,7.35,64.33,3.0,1.0
72.0,60.0,25.0,18.53,69.03,5.77,88.1,3.0,3.0
106.0,20.0,51.0,29.73,90.97,6.34,20.49,3.0,8.0
101.0,17.0,55.0,24.37,87.13,6.45,44.64,2.0,5.0
42.0,67.0,77.0,18.99,15.94,6.11,78.71,1.0,7.0
59.0,63.0,18.0,31.66,60.13,6.53,66.69,3.0,1.0
81.0,18.0,50.0,26.81,88.23,6.43,58.8,2.0,5.0
110.0,21.0,54.0,26.74,87.82,6.75,47.46,2.0,5.0
37.0,79.0,19.0,27.54,69.35,7.14,69.41,3.0,1.0
53.0,74.0,15.0,29.43,64.94,7.52,72.18,3.0,1.0
37.0,70.0,25.0,19.73,24.89,5.82,84.06,0.0,0.0
17.0,77.0,23.0,24.51,20.82,5.67,64.19,0.0,0.0
34.0,60.0,23.0,20.13,24.97,5.66,100.05,0.0,0.0
118.0,18.0,52.0,28.05,90.83,6.56,20.76,3.0,8.0
93.0,22.0,48.0,29.13,91.52,6.78,21.9,3.0,8.0
13.0,60.0,25.0,17.14,20.61,5.69,128.26,0.0,0.0
33.0,15.0,7.0,15.83,91.68,7.65,109.76,1.0,4.0
117.0,19.0,55.0,28.8,91.78,6.12,25.16,3.0,8.0
20.0,23.0,11.0,31.85,90.12,6.41,109.95,1.0,4.0
101.0,17.0,55.0,24.37,87.13,6.45,44.64,2.0,5.0
78.0,37.0,22.0,25.34,63.32,6.33,74.52,3.0,3.0
22.0,60.0,85.0,18.84,14.74,6.81,94.78,1.0,7.0
34.0,35.0,21.0,28.45,82.68,6.68,58.19,1.0,9.0
8.0,26.0,36.0,18.78,87.4,6.8,102.52,3.0,2.0
89.0,54.0,38.0,24.52,83.54,6.69,230.45,0.0,6.0
44.0,58.0,18.0,28.04,65.07,6.81,72.5,3.0,1.0
7.0,20.0,12.0,16.53,94.77,6.48,110.04,1.0,4.0
77.0,36.0,23.0,24.71,56.73,6.65,88.45,3.0,3.0
21.0,78.0,19.0,27.16,66.76,6.92,69.85,3.0,1.0
21.0,29.0,12.0,22.3,92.16,6.44,117.37,1.0,4.0
41.0,69.0,82.0,20.02,16.63,6.72,68.98,1.0,7.0
99.0,29.0,55.0,29.19,91.46,6.66,26.48,3.0,8.0
98.0,35.0,18.0,23.8,74.83,6.25,91.76,3.0,3.0
85.0,58.0,41.0,21.77,80.32,7.04,226.66,0.0,6.0
0.0,49.0,18.0,29.68,87.94,6.99,41.82,1.0,9.0
37.0,6.0,13.0,26.03,91.51,7.51,101.28,1.0,4.0
95.0,52.0,36.0,26.23,83.84,5.54,286.51,0.0,6.0
13.0,5.0,8.0,23.85,90.11,7.47,103.92,1.0,4.0
15.0,11.0,38.0,23.13,92.68,6.63,109.39,3.0,2.0
57.0,56.0,78.0,17.34,18.76,6.86,67.95,1.0,7.0
67.0,43.0,39.0,26.04,84.97,6.0,186.75,0.0,6.0
117.0,25.0,53.0,29.12,92.13,6.41,24.52,3.0,8.0
31.0,53.0,16.0,28.74,85.82,6.45,48.55,1.0,9.0
28.0,6.0,40.0,22.11,91.34,6.77,106.87,3.0,2.0
120.0,8.0,46.0,29.56,90.71,6.73,28.37,3.0,8.0
63.0,58.0,22.0,18.25,55.28,6.2,63.72,3.0,3.0
0.0,12.0,7.0,20.18,90.65,6.97,116.81,1.0,4.0
83.0,57.0,19.0,25.73,70.75,6.88,98.74,3.0,3.0
117.0,25.0,53.0,29.12,92.13,6.41,24.52,3.0,8.0
111.0,6.0,53.0,26.49,88.59,6.31,46.06,2.0,5.0
85.0,58.0,41.0,21.77,80.32,7.04,226.66,0.0,6.0
36.0,11.0,13.0,17.34,93.05,7.19,112.72,1.0,4.0
81.0,6.0,55.0,24.89,85.87,6.11,51.71,2.0,5.0
55.0,77.0,22.0,31.43,62.99,7.76,64.78,3.0,1.0
72.0,60.0,25.0,18.53,69.03,5.77,88.1,3.0,3.0
22.0,60.0,24.0,18.78,20.25,5.63,104.26,0.0,0.0
80.0,16.0,46.0,25.5,81.4,6.94,48.48,2.0,5.0
120.0,24.0,47.0,26.99,89.41,6.26,58.55,2.0,5.0
34.0,45.0,21.0,28.19,82.61,6.29,37.01,1.0,9.0
33.0,15.0,7.0,15.83,91.68,7.65,109.76,1.0,4.0
21.0,29.0,12.0,22.3,92.16,6.44,117.37,1.0,4.0
83.0,9.0,45.0,25.85,89.13,6.05,46.85,2.0,5.0
87.0,21.0,52.0,27.35,94.29,6.07,27.21,3.0,8.0
0.0,18.0,14.0,29.77,92.01,7.21,114.42,1.0,4.0
54.0,77.0,85.0,17.14,17.07,7.83,83.75,1.0,7.0
4.0,13.0,6.0,15.63,94.26,7.56,101.47,1.0,4.0
98.0,35.0,18.0,23.8,74.83,6.25,91.76,3.0,3.0
80.0,16.0,46.0,25.5,81.4,6.94,48.48,2.0,5.0
77.0,57.0,21.0,24.93,73.8,6.55,79.74,3.0,3.0
80.0,43.0,16.0,23.56,71.59,6.66,66.72,3.0,3.0
83.0,58.0,45.0,25.76,83.52,5.88,245.66,0.0,6.0
41.0,69.0,82.0,20.02,16.63,6.72,68.98,1.0,7.0
33.0,23.0,45.0,20.0,85.84,7.12,112.34,3.0,2.0
114.0,27.0,48.0,27.82,93.04,6.53,26.32,3.0,8.0
49.0,72.0,15.0,31.56,67.84,7.14,74.87,3.0,1.0
27.0,62.0,77.0,18.2,14.71,6.58,70.18,1.0,7.0
120.0,20.0,45.0,25.67,88.7,6.11,54.23,2.0,5.0
35.0,69.0,23.0,16.79,24.97,5.58,75.45,0.0,0.0
99.0,12.0,52.0,28.7,94.31,6.0,22.22,3.0,8.0
99.0,36.0,20.0,20.58,65.35,6.67,78.35,3.0,3.0
14.0,19.0,14.0,17.68,94.36,6.7,108.06,1.0,4.0
59.0,69.0,80.0,19.08,17.87,8.17,69.41,1.0,7.0
107.0,10.0,49.0,25.83,89.0,6.76,45.25,2.0,5.0
60.0,43.0,44.0,21.02,82.95,7.42,298.4,0.0,6.0
31.0,53.0,16.0,28.74,85.82,6.45,48.55,1.0,9.0
25.0,59.0,19.0,29.07,83.69,6.63,43.95,1.0,9.0
80.0,18.0,51.0,28.05,91.82,6.71,20.77,3.0,8.0
11.0,60.0,23.0,27.34,88.5,7.03,51.1,1.0,9.0
5.0,45.0,21.0,28.36,88.01,6.49,43.05,1.0,9.0
76.0,51.0,18.0,26.17,71.96,6.25,79.85,3.0,3.0
81.0,16.0,45.0,26.9,86.25,6.73,59.76,2.0,5.0
21.0,51.0,15.0,29.36,89.19,6.68,48.3,1.0,9.0
29.0,16.0,36.0,19.81,88.93,5.74,102.86,3.0,2.0
118.0,21.0,51.0,24.43,86.34,6.68,48.58,2.0,5.0
31.0,25.0,38.0,24.96,92.41,6.5,109.42,3.0,2.0
27.0,62.0,77.0,18.2,14.71,6.58,70.18,1.0,7.0
120.0,7.0,47.0,24.25,83.04,6.65,54.77,2.0,5.0
14.0,8.0,43.0,21.93,94.46,7.05,111.72,3.0,2.0
87.0,6.0,45.0,29.83,90.79,6.4,22.84,3.0,8.0
37.0,18.0,39.0,24.15,94.51,6.42,110.23,3.0,2.0
28.0,76.0,82.0,20.57,14.26,6.65,83.76,1.0,7.0
120.0,24.0,47.0,26.99,89.41,6.26,58.55,2.0,5.0
84.0,29.0,49.0,29.94,93.91,6.25,20.39,3.0,8.0
12.0,6.0,8.0,30.85,92.87,6.39,107.41,1.0,4.0
26.0,80.0,83.0,17.08,16.15,7.53,71.31,1.0,7.0
31.0,25.0,12.0,18.05,90.04,7.02,111.78,1.0,4.0
37.0,6.0,13.0,26.03,91.51,7.51,101.28,1.0,4.0
7.0,23.0,35.0,19.75,88.72,7.05,102.55,3.0,2.0
8.0,54.0,20.0,28.33,80.77,7.03,38.8,1.0,9.0
24.0,56.0,85.0,18.2,17.41,6.55,80.64,1.0,7.0
53.0,67.0,17.0,31.78,69.02,7.3,61.47,3.0,1.0
52.0,70.0,16.0,33.67,66.6,7.53,67.33,3.0,1.0
20.0,41.0,20.0,29.27,89.49,7.07,50.92,1.0,9.0
84.0,18.0,46.0,27.09,93.42,6.78,25.32,3.0,8.0
114.0,8.0,50.0,24.75,88.31,6.58,57.96,2.0,5.0
69.0,46.0,41.0,23.64,80.29,5.01,263.11,0.0,6.0
27.0,72.0,23.0,19.93,21.8,5.96,64.03,0.0,0.0
29.0,21.0,45.0,23.41,93.13,6.75,105.22,3.0,2.0
40.0,18.0,43.0,19.39,86.79,5.77,109.91,3.0,2.0
49.0,68.0,22.0,28.57,61.53,7.13,63.5,3.0,1.0
36.0,43.0,22.0,27.83,87.17,6.39,58.37,1.0,9.0
27.0,79.0,82.0,17.07,17.54,6.31,70.87,1.0,7.0
57.0,68.0,81.0,17.17,17.3,8.08,72.79,1.0,7.0
80.0,43.0,16.0,23.56,71.59,6.66,66.72,3.0,3.0
22.0,80.0,20.0,23.01,18.87,5.67,100.12,0.0,0.0
12.0,61.0,19.0,19.33,24.14,5.66,68.51,0.0,0.0
31.0,51.0,25.0,27.54,85.57,7.2,53.02,1.0,9.0
31.0,37.0,21.0,27.24,86.4,6.71,37.31,1.0,9.0
71.0,46.0,40.0,20.28,82.12,7.24,191.95,0.0,6.0
57.0,60.0,84.0,19.1,17.26,6.59,75.49,1.0,7.0
32.0,57.0,18.0,15.54,23.76,5.7,107.39,0.0,0.0
37.0,18.0,39.0,24.15,94.51,6.42,110.23,3.0,2.0
32.0,60.0,83.0,19.69,19.44,8.83,91.76,1.0,7.0
102.0,11.0,45.0,29.03,93.13,6.36,24.16,3.0,8.0
92.0,44.0,16.0,18.88,65.77,6.08,94.76,3.0,3.0
66.0,44.0,20.0,19.08,69.02,6.74,80.73,3.0,3.0
23.0,62.0,19.0,16.52,20.46,5.61,98.78,0.0,0.0
29.0,77.0,75.0,17.5,15.48,7.78,72.94,1.0,7.0
50.0,55.0,16.0,28.81,65.34,7.58,62.26,3.0,1.0
20.0,7.0,45.0,18.91,89.24,6.08,112.48,3.0,2.0
30.0,7.0,15.0,33.23,91.06,7.83,115.77,1.0,4.0
6.0,37.0,17.0,28.09,80.35,6.76,38.14,1.0,9.0
53.0,65.0,76.0,20.19,16.42,6.72,77.34,1.0,7.0
14.0,8.0,43.0,21.93,94.46,7.05,111.72,3.0,2.0
19.0,17.0,39.0,24.72,85.56,6.73,111.28,3.0,2.0
107.0,5.0,52.0,26.66,89.98,6.88,57.41,2.0,5.0
37.0,72.0,18.0,18.88,24.54,5.72,105.41,0.0,0.0
14.0,59.0,15.0,21.35,22.91,5.78,146.45,0.0,0.0
24.0,21.0,42.0,20.82,87.23,7.0,109.44,3.0,2.0
111.0,15.0,54.0,27.71,92.91,6.19,22.06,3.0,8.0
90.0,23.0,54.0,28.56,90.46,6.16,27.27,3.0,8.0
1.0,15.0,9.0,29.98,94.55,7.53,115.36,1.0,4.0
27.0,60.0,17.0,26.42,63.65,7.03,64.42,3.0,1.0
19.0,35.0,24.0,27.11,83.64,6.88,49.12,1.0,9.0
8.0,28.0,38.0,23.23,94.43,6.84,105.69,3.0,2.0
18.0,12.0,8.0,12.59,91.82,6.21,119.39,1.0,4.0
119.0,19.0,55.0,25.19,83.45,6.82,46.87,2.0,5.0
30.0,75.0,81.0,19.42,16.81,6.41,68.52,1.0,7.0
91.0,24.0,55.0,26.27,83.09,6.26,46.77,2.0,5.0
117.0,25.0,54.0,28.68,92.51,6.15,29.11,3.0,8.0
83.0,10.0,53.0,24.93,85.01,6.2,48.76,2.0,5.0
52.0,68.0,78.0,17.49,16.96,6.9,86.05,1.0,7.0
21.0,51.0,15.0,29.36,89.19,6.68,48.3,1.0,9.0
86.0,15.0,47.0,24.04,84.18,6.42,53.79,2.0,5.0
107.0,22.0,54.0,28.0,90.85,6.63,21.62,3.0,8.0
99.0,55.0,35.0,21.72,80.24,6.5,277.96,0.0,6.0
37.0,74.0,15.0,24.92,18.23,5.58,62.71,0.0,0.0
23.0,62.0,85.0,18.97,19.52,8.49,80.71,1.0,7.0
17.0,59.0,17.0,18.42,23.43,5.69,132.98,0.0,0.0
24.0,80.0,22.0,16.71,19.18,5.64,96.77,0.0,0.0
114.0,8.0,50.0,24.75,88.31,6.58,57.96,2.0,5.0
84.0,18.0,46.0,27.09,93.42,6.78,25.32,3.0,8.0
27.0,64.0,15.0,20.16,24.84,5.51,138.24,0.0,0.0
39.0,9.0,15.0,25.35,91.81,7.99,116.76,1.0,4.0
49.0,69.0,82.0,18.32,15.36,6.26,81.79,1.0,7.0
86.0,55.0,21.0,21.54,59.64,6.8,109.75,3.0,3.0
86.0,6.0,53.0,25.92,83.47,6.92,42.11,2.0,5.0
0.0,25.0,14.0,19.34,91.98,6.36,116.45,1.0,4.0
74.0,35.0,40.0,26.49,80.16,6.98,242.86,0.0,6.0
61.0,44.0,17.0,26.1,71.57,6.93,102.27,3.0,3.0
93.0,41.0,17.0,25.62,66.5,6.05,105.47,3.0,3.0
27.0,62.0,77.0,18.2,14.71,6.58,70.18,1.0,7.0
21.0,78.0,19.0,27.16,66.76,6.92,69.85,3.0,1.0
84.0,50.0,44.0,25.49,81.41,5.94,182.65,0.0,6.0
118.0,18.0,52.0,28.05,90.83,6.56,20.76,3.0,8.0
82.0,22.0,45.0,26.22,85.35,6.51,54.6,2.0,5.0
24.0,44.0,17.0,29.86,80.03,6.67,50.66,1.0,9.0
85.0,58.0,41.0,21.77,80.32,7.04,226.66,0.0,6.0
90.0,57.0,24.0,18.93,72.8,6.16,82.34,3.0,3.0
84.0,7.0,51.0,26.82,87.66,6.4,55.74,2.0,5.0
29.0,70.0,15.0,30.33,63.55,6.87,74.17,3.0,1.0
114.0,27.0,48.0,27.82,93.04,6.53,26.32,3.0,8.0
18.0,5.0,11.0,20.88,90.94,6.25,102.46,1.0,4.0
32.0,68.0,19.0,24.63,18.18,5.51,149.74,0.0,0.0
89.0,22.0,52.0,24.9,86.11,6.22,53.15,2.0,5.0
25.0,76.0,24.0,15.33,24.92,5.57,135.33,0.0,0.0
26.0,18.0,42.0,19.73,89.65,6.91,108.23,3.0,2.0
53.0,73.0,77.0,19.71,18.1,7.33,73.64,1.0,7.0
31.0,26.0,9.0,11.7,93.26,7.57,103.2,1.0,4.0
32.0,14.0,37.0,22.73,88.49,6.83,104.68,3.0,2.0
72.0,60.0,25.0,18.53,69.03,5.77,88.1,3.0,3.0
12.0,29.0,13.0,22.46,91.53,7.57,118.01,1.0,4.0
8.0,16.0,6.0,12.23,90.26,7.11,108.42,1.0,4.0
33.0,75.0,84.0,19.46,18.73,7.22,68.81,1.0,7.0
113.0,28.0,48.0,28.88,92.49,6.17,24.44,3.0,8.0
30.0,44.0,16.0,29.73,82.89,6.44,50.92,1.0,9.0
39.0,28.0,10.0,31.35,91.48,7.18,109.15,1.0,4.0
9.0,16.0,36.0,23.78,92.93,5.89,106.98,3.0,2.0
95.0,52.0,36.0,26.23,83.84,5.54,286.51,0.0,6.0
29.0,67.0,21.0,29.79,63.39,6.62,63.02,3.0,1.0
88.0,35.0,40.0,23.58,83.59,5.85,291.3,0.0,6.0
0.0,55.0,22.0,22.99,20.58,5.92,143.86,0.0,0.0
93.0,47.0,37.0,21.53,82.14,6.5,295.92,0.0,6.0
34.0,80.0,19.0,31.49,63.06,6.52,71.48,3.0,1.0
81.0,16.0,45.0,26.9,86.25,6.73,59.76,2.0,5.0
24.0,18.0,6.0,26.57,94.45,6.29,116.38,1.0,4.0
0.0,5.0,36.0,24.35,90.89,6.15,105.53,3.0,2.0
9.0,77.0,17.0,20.12,24.45,5.78,106.16,0.0,0.0
26.0,15.0,6.0,17.22,94.79,6.91,108.01,1.0,4.0
18.0,74.0,15.0,24.9,22.28,5.71,146.47,0.0,0.0
15.0,11.0,38.0,23.13,92.68,6.63,109.39,3.0,2.0
30.0,65.0,82.0,20.71,15.28,6.11,76.78,1.0,7.0
40.0,58.0,15.0,29.46,87.61,6.98,43.15,1.0,9.0
11.0,72.0,20.0,19.52,24.93,5.95,113.33,0.0,0.0
13.0,22.0,5.0,19.67,90.5,7.76,100.17,1.0,4.0
69.0,51.0,23.0,22.22,72.85,6.8,106.62,3.0,3.0
83.0,10.0,53.0,24.93,85.01,6.2,48.76,2.0,5.0
119.0,5.0,55.0,29.69,94.3,6.17,26.84,3.0,8.0
77.0,57.0,21.0,24.93,73.8,6.55,79.74,3.0,3.0
12.0,63.0,17.0,18.36,19.38,5.72,138.41,0.0,0.0
98.0,8.0,51.0,26.18,86.52,6.26,49.43,2.0,5.0
59.0,70.0,84.0,17.33,18.75,7.55,82.62,1.0,7.0
68.0,57.0,43.0,26.09,80.38,5.71,182.9,0.0,6.0
30.0,75.0,81.0,19.42,16.81,6.41,68.52,1.0,7.0
91.0,50.0,40.0,20.82,84.13,6.46,230.22,0.0,6.0
114.0,27.0,48.0,27.82,93.04,6.53,26.32,3.0,8.0
34.0,59.0,23.0,28.56,83.25,6.94,56.48,1.0,9.0
34.0,10.0,14.0,34.05,92.06,6.73,116.8,1.0,4.0
115.0,11.0,46.0,24.42,89.4,6.62,40.32,2.0,5.0
102.0,28.0,54.0,25.16,80.28,6.86,55.5,2.0,5.0
112.0,25.0,51.0,25.05,85.57,6.93,56.72,2.0,5.0
59.0,60.0,84.0,19.03,18.67,7.69,94.71,1.0,7.0
8.0,28.0,37.0,23.88,86.21,6.08,108.31,3.0,2.0
50.0,64.0,25.0,28.84,63.37,6.73,70.25,3.0,1.0
107.0,5.0,52.0,26.66,89.98,6.88,57.41,2.0,5.0
113.0,6.0,52.0,27.76,90.36,6.74,25.22,3.0,8.0
4.0,59.0,25.0,27.69,81.94,6.23,54.62,1.0,9.0
95.0,16.0,46.0,27.08,90.14,6.75,24.45,3.0,8.0
95.0,52.0,36.0,26.23,83.84,5.54,286.51,0.0,6.0
34.0,47.0,19.0,27.31,85.45,6.57,53.15,1.0,9.0
89.0,60.0,17.0,25.38,57.21,5.98,101.7,3.0,3.0
31.0,51.0,25.0,27.54,85.57,7.2,53.02,1.0,9.0
98.0,7.0,45.0,27.79,92.51,6.16,26.85,3.0,8.0
11.0,46.0,24.0,27.65,89.81,6.46,56.53,1.0,9.0
20.0,7.0,9.0,29.48,91.58,7.13,111.17,1.0,4.0
27.0,59.0,22.0,21.81,23.21,5.79,130.06,0.0,0.0
34.0,60.0,22.0,17.66,18.15,5.64,100.67,0.0,0.0
5.0,18.0,14.0,33.11,93.48,7.43,119.17,1.0,4.0
18.0,9.0,40.0,19.45,89.02,5.63,106.16,3.0,2.0
14.0,67.0,15.0,19.56,24.67,5.69,139.29,0.0,0.0
59.0,55.0,79.0,20.37,16.9,8.77,82.25,1.0,7.0
90.0,44.0,38.0,23.84,83.88,7.47,241.2,0.0,6.0
86.0,55.0,21.0,21.54,59.64,6.8,109.75,3.0,3.0
25.0,70.0,16.0,19.63,18.91,5.76,106.36,0.0,0.0
74.0,54.0,38.0,25.66,83.47,7.12,217.38,0.0,6.0
4.0,19.0,42.0,23.83,87.84,6.31,111.22,3.0,2.0
37.0,55.0,82.0,19.46,18.02,6.42,78.45,1.0,7.0
74.0,58.0,18.0,20.04,56.36,6.73,109.02,3.0,3.0
25.0,70.0,16.0,19.63,18.91,5.76,106.36,0.0,0.0
33.0,23.0,45.0,20.0,85.84,7.12,112.34,3.0,2.0
80.0,43.0,16.0,23.56,71.59,6.66,66.72,3.0,3.0
101.0,13.0,54.0,25.43,82.91,6.83,56.34,2.0,5.0
67.0,43.0,39.0,26.04,84.97,6.0,186.75,0.0,6.0
49.0,55.0,78.0,18.66,16.18,7.86,81.71,1.0,7.0
14.0,67.0,22.0,23.83,24.75,5.62,84.64,0.0,0.0
49.0,68.0,22.0,28.57,61.53,7.13,63.5,3.0,1.0
32.0,14.0,37.0,22.73,88.49,6.83,104.68,3.0,2.0
110.0,28.0,46.0,24.29,88.05,6.5,51.26,2.0,5.0
0.0,5.0,36.0,24.35,90.89,6.15,105.53,3.0,2.0
40.0,58.0,15.0,29.46,87.61,6.98,43.15,1.0,9.0
5.0,24.0,40.0,24.69,93.87,6.3,104.67,3.0,2.0
32.0,13.0,42.0,23.5,92.98,5.79,106.62,3.0,2.0
85.0,27.0,45.0,26.07,88.73,6.47,57.8,2.0,5.0
94.0,39.0,18.0,23.89,57.49,5.89,102.83,3.0,3.0
64.0,45.0,43.0,25.63,83.53,5.53,209.9,0.0,6.0
81.0,6.0,55.0,24.89,85.87,6.11,51.71,2.0,5.0
111.0,5.0,47.0,28.03,91.47,6.27,21.18,3.0,8.0
40.0,11.0,44.0,24.46,86.11,6.32,111.38,3.0,2.0
50.0,74.0,17.0,27.1,63.36,6.54,73.85,3.0,1.0
31.0,78.0,76.0,17.57,15.0,8.52,89.31,1.0,7.0
101.0,20.0,48.0,24.68,82.75,6.21,57.06,2.0,5.0
2.0,47.0,15.0,29.87,85.99,6.4,58.41,1.0,9.0
66.0,44.0,20.0,19.08,69.02,6.74,80.73,3.0,3.0
13.0,16.0,8.0,34.74,93.12,6.95,100.2,1.0,4.0
78.0,37.0,22.0,25.34,63.32,6.33,74.52,3.0,3.0
99.0,50.0,15.0,18.15,71.09,5.57,88.08,3.0,3.0
40.0,72.0,77.0,17.02,16.99,7.49,88.55,1.0,7.0
51.0,56.0,18.0,28.13,64.21,6.71,70.86,3.0,1.0
39.0,37.0,15.0,29.0,83.79,6.82,59.84,1.0,9.0
82.0,22.0,45.0,26.22,85.35,6.51,54.6,2.0,5.0
30.0,20.0,38.0,22.6,93.16,7.06,110.09,3.0,2.0
85.0,21.0,52.0,29.63,90.1,6.08,23.7,3.0,8.0
114.0,21.0,55.0,25.44,87.94,6.47,57.52,2.0,5.0
79.0,51.0,16.0,25.34,68.5,6.59,96.46,3.0,3.0
20.0,29.0,10.0,29.07,93.27,7.37,100.79,1.0,4.0
42.0,62.0,75.0,18.18,18.9,7.01,81.85,1.0,7.0
43.0,68.0,81.0,17.48,17.93,6.76,78.92,1.0,7.0
33.0,12.0,8.0,25.26,90.31,6.82,117.37,1.0,4.0
0.0,5.0,36.0,24.35,90.89,6.15,105.53,3.0,2.0
31.0,53.0,16.0,28.74,85.82,6.45,48.55,1.0,9.0
72.0,40.0,38.0,20.41,82.21,7.59,245.15,0.0,6.0
83.0,58.0,45.0,25.76,83.52,5.88,245.66,0.0,6.0
22.0,26.0,38.0,22.92,85.13,6.99,110.24,3.0,2.0
20.0,60.0,25.0,27.33,69.09,6.73,61.19,3.0,1.0
31.0,5.0,14.0,17.67,91.7,6.58,110.69,1.0,4.0
20.0,23.0,11.0,31.85,90.12,6.41,109.95,1.0,4.0
109.0,26.0,45.0,28.28,90.39,6.22,21.59,3.0,8.0
18.0,21.0,35.0,23.28,94.94,6.37,111.14,3.0,2.0
39.0,76.0,76.0,19.97,15.57,6.14,69.16,1.0,7.0
20.0,79.0,77.0,18.55,16.03,7.65,76.33,1.0,7.0
71.0,60.0,22.0,26.07,59.37,6.2,85.76,3.0,3.0
34.0,35.0,21.0,28.45,82.68,6.68,58.19,1.0,9.0
40.0,18.0,43.0,19.39,86.79,5.77,109.91,3.0,2.0
75.0,54.0,36.0,26.29,84.57,7.02,257.49,0.0,6.0
81.0,16.0,45.0,26.9,86.25,6.73,59.76,2.0,5.0
77.0,52.0,17.0,24.86,65.74,5.71,75.82,3.0,3.0
86.0,59.0,35.0,25.79,82.11,6.95,243.51,0.0,6.0
109.0,21.0,55.0,24.9,89.74,6.77,57.45,2.0,5.0
13.0,30.0,37.0,20.86,91.62,6.28,106.87,3.0,2.0
104.0,17.0,46.0,25.71,80.23,6.19,43.09,2.0,5.0
99.0,54.0,37.0,21.14,80.34,5.59,198.67,0.0,6.0
68.0,58.0,38.0,23.22,83.03,6.34,221.21,0.0,6.0
24.0,67.0,22.0,20.12,22.9,5.62,104.63,0.0,0.0
106.0,10.0,49.0,27.73,92.01,6.35,20.21,3.0,8.0
17.0,64.0,17.0,21.02,24.94,5.66,124.61,0.0,0.0
113.0,20.0,48.0,27.47,94.88,6.44,27.28,3.0,8.0
31.0,48.0,17.0,28.88,86.94,6.59,53.8,1.0,9.0
48.0,61.0,21.0,30.28,61.69,6.63,65.63,3.0,1.0
21.0,78.0,19.0,27.16,66.76,6.92,69.85,3.0,1.0
75.0,56.0,18.0,19.4,62.36,5.7,60.95,3.0,3.0
29.0,77.0,75.0,17.5,15.48,7.78,72.94,1.0,7.0
27.0,76.0,83.0,19.13,14.92,6.29,89.62,1.0,7.0
84.0,44.0,21.0,21.87,61.91,5.85,107.27,3.0,3.0
38.0,36.0,21.0,28.03,84.88,6.56,36.12,1.0,9.0
34.0,66.0,17.0,18.81,21.28,5.89,125.08,0.0,0.0
60.0,38.0,17.0,18.42,64.24,6.47,76.41,3.0,3.0
24.0,80.0,19.0,29.68,69.09,6.81,65.66,3.0,1.0
94.0,53.0,40.0,20.28,82.89,5.72,241.97,0.0,6.0
14.0,59.0,15.0,21.35,22.91,5.78,146.45,0.0,0.0
34.0,71.0,79.0,17.93,15.86,7.73,74.64,1.0,7.0
37.0,78.0,79.0,19.95,14.83,7.79,88.68,1.0,7.0
25.0,27.0,41.0,19.2,94.28,6.92,108.04,3.0,2.0
19.0,78.0,16.0,20.65,23.11,5.97,67.72,0.0,0.0
36.0,43.0,21.0,28.36,84.86,7.14,52.93,1.0,9.0
64.0,45.0,43.0,25.63,83.53,5.53,209.9,0.0,6.0
32.0,60.0,83.0,19.69,19.44,8.83,91.76,1.0,7.0
44.0,63.0,15.0,26.42,64.51,7.34,63.47,3.0,1.0
115.0,18.0,53.0,29.17,94.2,6.01,22.07,3.0,8.0
25.0,70.0,16.0,19.63,18.91,5.76,106.36,0.0,0.0
50.0,64.0,25.0,28.84,63.37,6.73,70.25,3.0,1.0
79.0,45.0,20.0,23.81,59.25,5.72,89.96,3.0,3.0
7.0,60.0,25.0,28.28,82.76,6.4,56.05,1.0,9.0
93.0,56.0,36.0,24.01,82.06,6.98,185.28,0.0,6.0
10.0,5.0,42.0,20.24,91.09,6.89,109.25,3.0,2.0
13.0,8.0,12.0,25.16,92.55,7.11,114.31,1.0,4.0
25.0,78.0,76.0,17.48,15.76,7.23,66.97,1.0,7.0
13.0,16.0,8.0,34.74,93.12,6.95,100.2,1.0,4.0
85.0,21.0,47.0,29.87,90.61,6.19,24.7,3.0,8.0
86.0,55.0,21.0,21.54,59.64,6.8,109.75,3.0,3.0
33.0,75.0,21.0,33.05,68.94,6.69,62.3,3.0,1.0
34.0,9.0,36.0,22.81,86.34,6.28,110.44,3.0,2.0
56.0,67.0,78.0,17.57,16.72,8.26,77.82,1.0,7.0
22.0,80.0,20.0,23.01,18.87,5.67,100.12,0.0,0.0
99.0,38.0,21.0,22.88,71.6,6.35,67.73,3.0,3.0
27.0,56.0,20.0,19.26,20.51,5.54,94.95,0.0,0.0
30.0,70.0,79.0,20.27,19.97,7.31,69.64,1.0,7.0
87.0,6.0,45.0,29.83,90.79,6.4,22.84,3.0,8.0
21.0,44.0,18.0,27.07,86.9,7.13,50.47,1.0,9.0
5.0,74.0,21.0,16.24,21.36,5.59,66.97,0.0,0.0
32.0,14.0,37.0,22.73,88.49,6.83,104.68,3.0,2.0
30.0,20.0,38.0,22.6,93.16,7.06,110.09,3.0,2.0
61.0,44.0,17.0,26.1,71.57,6.93,102.27,3.0,3.0
10.0,56.0,16.0,28.17,81.05,6.83,36.36,1.0,9.0
60.0,61.0,78.0,20.71,19.84,6.32,94.04,1.0,7.0
66.0,44.0,20.0,19.08,69.02,6.74,80.73,3.0,3.0
9.0,48.0,20.0,29.66,84.28,6.38,56.1,1.0,9.0
69.0,55.0,38.0,22.71,82.64,5.7,271.32,0.0,6.0
81.0,6.0,55.0,24.89,85.87,6.11,51.71,2.0,5.0
21.0,21.0,38.0,22.55,89.33,6.33,104.9,3.0,2.0
82.0,20.0,54.0,29.34,90.02,6.54,21.45,3.0,8.0
6.0,47.0,18.0,29.16,80.28,6.72,40.17,1.0,9.0
42.0,74.0,83.0,19.26,14.28,7.55,65.78,1.0,7.0
34.0,29.0,8.0,31.88,91.15,6.45,105.34,1.0,4.0
66.0,54.0,21.0,25.19,60.2,5.92,72.12,3.0,3.0
58.0,61.0,15.0,30.95,64.23,7.4,62.79,3.0,1.0
19.0,78.0,16.0,20.65,23.11,5.97,67.72,0.0,0.0
100.0,18.0,52.0,26.2,80.38,6.88,56.48,2.0,5.0
83.0,15.0,49.0,28.93,91.39,6.44,23.2,3.0,8.0
67.0,45.0,38.0,22.73,82.17,7.3,260.89,0.0,6.0
91.0,35.0,39.0,23.79,80.42,6.97,206.26,0.0,6.0
29.0,11.0,5.0,23.13,91.95,7.64,104.42,1.0,4.0
19.0,39.0,17.0,29.28,81.8,6.89,44.47,1.0,9.0
5.0,8.0,5.0,11.03,92.23,6.56,112.77,1.0,4.0
17.0,77.0,23.0,24.51,20.82,5.67,64.19,0.0,0.0
12.0,8.0,10.0,16.15,91.44,8.0,107.43,1.0,4.0
23.0,59.0,25.0,27.83,88.73,6.32,56.69,1.0,9.0
108.0,23.0,51.0,26.84,83.85,6.11,40.23,2.0,5.0
89.0,60.0,17.0,25.38,57.21,5.98,101.7,3.0,3.0
23.0,72.0,84.0,19.02,17.13,6.92,79.93,1.0,7.0
67.0,60.0,25.0,24.92,66.79,5.75,109.22,3.0,3.0
27.0,56.0,20.0,19.26,20.51,5.54,94.95,0.0,0.0
78.0,35.0,44.0,26.54,84.67,7.07,183.62,0.0,6.0
27.0,13.0,6.0,13.36,91.36,7.34,111.23,1.0,4.0
26.0,65.0,22.0,17.85,18.78,5.95,143.1,0.0,0.0
40.0,73.0,20.0,21.59,20.32,5.81,61.14,0.0,0.0
84.0,51.0,35.0,22.3,80.64,6.04,197.98,0.0,6.0
10.0,37.0,22.0,28.73,89.13,7.07,58.53,1.0,9.0
24.0,21.0,42.0,20.82,87.23,7.0,109.44,3.0,2.0
4.0,23.0,5.0,22.68,93.36,7.48,110.33,1.0,4.0
21.0,39.0,20.0,28.14,82.12,7.06,46.76,1.0,9.0
8.0,23.0,38.0,19.3,87.18,7.01,105.48,3.0,2.0
87.0,6.0,45.0,29.83,90.79,6.4,22.84,3.0,8.0
17.0,59.0,17.0,18.42,23.43,5.69,132.98,0.0,0.0
31.0,55.0,22.0,22.91,21.34,5.87,109.23,0.0,0.0
49.0,72.0,15.0,31.56,67.84,7.14,74.87,3.0,1.0
100.0,14.0,49.0,29.49,91.08,6.37,26.02,3.0,8.0
94.0,50.0,37.0,25.67,80.66,6.95,209.59,0.0,6.0
28.0,74.0,81.0,18.01,18.31,8.75,81.99,1.0,7.0
58.0,66.0,79.0,20.99,19.33,8.72,93.55,1.0,7.0
33.0,59.0,22.0,22.64,21.59,5.95,122.39,0.0,0.0
119.0,19.0,55.0,25.19,83.45,6.82,46.87,2.0,5.0
60.0,46.0,22.0,24.89,65.61,6.63,87.93,3.0,3.0
5.0,23.0,15.0,25.67,92.05,7.41,112.54,1.0,4.0
7.0,20.0,12.0,16.53,94.77,6.48,110.04,1.0,4.0
31.0,79.0,75.0,18.82,16.11,8.2,89.73,1.0,7.0
26.0,80.0,83.0,17.08,16.15,7.53,71.31,1.0,7.0
36.0,38.0,15.0,28.36,87.6,6.32,58.0,1.0,9.0
12.0,63.0,17.0,18.36,19.38,5.72,138.41,0.0,0.0
42.0,74.0,83.0,19.26,14.28,7.55,65.78,1.0,7.0
13.0,60.0,25.0,17.14,20.61,5.69,128.26,0.0,0.0
9.0,8.0,40.0,22.49,89.92,6.55,111.66,3.0,2.0
97.0,22.0,50.0,26.26,86.15,6.77,58.98,2.0,5.0
34.0,60.0,22.0,17.66,18.15,5.64,100.67,0.0,0.0
73.0,57.0,41.0,21.45,84.94,5.82,272.2,0.0,6.0
60.0,38.0,17.0,18.42,64.24,6.47,76.41,3.0,3.0
29.0,11.0,5.0,23.13,91.95,7.64,104.42,1.0,4.0
58.0,70.0,84.0,20.65,16.61,6.23,74.66,1.0,7.0
57.0,57.0,75.0,17.09,18.25,7.79,87.27,1.0,7.0
103.0,17.0,51.0,25.11,80.03,6.21,44.21,2.0,5.0
3.0,9.0,45.0,23.89,89.62,6.54,104.62,3.0,2.0
119.0,25.0,51.0,26.47,80.92,6.28,53.66,2.0,5.0
60.0,68.0,83.0,19.12,18.43,6.62,85.53,1.0,7.0
80.0,18.0,51.0,28.05,91.82,6.71,20.77,3.0,8.0
46.0,76.0,77.0,18.24,19.69,6.97,83.75,1.0,7.0
90.0,23.0,54.0,28.56,90.46,6.16,27.27,3.0,8.0
17.0,59.0,17.0,18.42,23.43,5.69,132.98,0.0,0.0
23.0,30.0,44.0,20.94,85.43,6.12,103.03,3.0,2.0
69.0,55.0,38.0,22.71,82.64,5.7,271.32,0.0,6.0
12.0,20.0,39.0,19.86,86.2,6.03,111.02,3.0,2.0
33.0,57.0,17.0,27.9,88.72,6.78,57.8,1.0,9.0
110.0,14.0,51.0,27.02,91.67,6.09,21.26,3.0,8.0
96.0,46.0,22.0,20.58,69.0,6.5,66.29,3.0,3.0
33.0,14.0,8.0,21.03,92.96,7.68,110.68,1.0,4.0
27.0,13.0,6.0,13.36,91.36,7.34,111.23,1.0,4.0
33.0,15.0,7.0,15.83,91.68,7.65,109.76,1.0,4.0
0.0,49.0,18.0,29.68,87.94,6.99,41.82,1.0,9.0
8.0,28.0,37.0,23.88,86.21,6.08,108.31,3.0,2.0
52.0,58.0,16.0,30.64,61.15,7.17,71.37,3.0,1.0
81.0,49.0,20.0,18.04,60.61,5.51,104.23,3.0,3.0
49.0,72.0,15.0,31.56,67.84,7.14,74.87,3.0,1.0
106.0,14.0,45.0,24.47,84.16,6.42,57.27,2.0,5.0
120.0,25.0,50.0,28.05,94.82,6.33,21.85,3.0,8.0
67.0,59.0,41.0,21.95,80.97,6.01,213.36,0.0,6.0
30.0,63.0,16.0,23.61,21.91,5.53,100.6,0.0,0.0
13.0,47.0,20.0,29.22,87.94,6.54,43.14,1.0,9.0
90.0,57.0,24.0,18.93,72.8,6.16,82.34,3.0,3.0
95.0,30.0,52.0,29.48,90.34,6.64,26.04,3.0,8.0
119.0,19.0,55.0,25.19,83.45,6.82,46.87,2.0,5.0
83.0,58.0,23.0,19.74,59.66,6.38,65.51,3.0,3.0
0.0,17.0,42.0,23.2,91.19,6.86,109.09,3.0,2.0
24.0,67.0,22.0,20.12,22.9,5.62,104.63,0.0,0.0
29.0,77.0,75.0,17.5,15.48,7.78,72.94,1.0,7.0
94.0,50.0,37.0,25.67,80.66,6.95,209.59,0.0,6.0
22.0,60.0,24.0,18.78,20.25,5.63,104.26,0.0,0.0
29.0,36.0,25.0,28.29,88.44,7.13,48.57,1.0,9.0
91.0,7.0,53.0,25.14,89.28,6.46,43.53,2.0,5.0
52.0,71.0,16.0,27.74,68.54,7.08,71.79,3.0,1.0
0.0,18.0,14.0,29.77,92.01,7.21,114.42,1.0,4.0
3.0,67.0,24.0,17.0,19.91,5.52,103.29,0.0,0.0
49.0,68.0,22.0,28.57,61.53,7.13,63.5,3.0,1.0
18.0,5.0,11.0,20.88,90.94,6.25,102.46,1.0,4.0
31.0,40.0,22.0,29.41,86.16,6.37,53.35,1.0,9.0
60.0,44.0,23.0,24.79,70.05,5.72,76.73,3.0,3.0
27.0,80.0,15.0,19.07,21.21,5.79,86.22,0.0,0.0
32.0,13.0,42.0,23.5,92.98,5.79,106.62,3.0,2.0
92.0,44.0,16.0,18.88,65.77,6.08,94.76,3.0,3.0
36.0,43.0,21.0,28.36,84.86,7.14,52.93,1.0,9.0
39.0,60.0,21.0,34.9,63.6,6.97,64.73,3.0,1.0
53.0,65.0,76.0,20.19,16.42,6.72,77.34,1.0,7.0
98.0,26.0,52.0,27.34,90.7,6.15,28.69,3.0,8.0
52.0,65.0,20.0,32.82,66.16,6.81,68.84,3.0,1.0
76.0,44.0,17.0,20.42,62.55,5.86,65.28,3.0,3.0
5.0,18.0,14.0,33.11,93.48,7.43,119.17,1.0,4.0
0.0,23.0,15.0,22.57,93.37,7.6,109.86,1.0,4.0
21.0,9.0,40.0,24.51,90.64,5.96,105.62,3.0,2.0
98.0,26.0,52.0,27.34,90.7,6.15,28.69,3.0,8.0
32.0,73.0,81.0,20.45,15.4,5.99,92.68,1.0,7.0
92.0,7.0,48.0,26.28,86.63,6.96,54.39,2.0,5.0
7.0,16.0,9.0,18.88,92.04,7.81,114.67,1.0,4.0
97.0,25.0,50.0,26.22,80.9,6.09,49.09,2.0,5.0
25.0,68.0,19.0,29.4,64.26,7.11,67.48,3.0,1.0
63.0,35.0,16.0,22.03,65.36,6.27,83.73,3.0,3.0
12.0,8.0,10.0,16.15,91.44,8.0,107.43,1.0,4.0
90.0,49.0,21.0,24.84,68.36,6.47,74.05,3.0,3.0
91.0,7.0,52.0,25.08,83.46,6.41,56.4,2.0,5.0
100.0,17.0,48.0,29.73,94.3,6.37,26.52,3.0,8.0
76.0,49.0,42.0,24.96,84.48,5.21,196.96,0.0,6.0
44.0,58.0,18.0,28.04,65.07,6.81,72.5,3.0,1.0
27.0,62.0,77.0,18.2,14.71,6.58,70.18,1.0,7.0
43.0,79.0,79.0,19.41,18.98,7.81,80.25,1.0,7.0
108.0,22.0,47.0,28.54,91.73,6.16,25.13,3.0,8.0
24.0,30.0,11.0,32.4,94.52,6.6,113.25,1.0,4.0
61.0,52.0,41.0,24.98,83.89,6.88,204.8,0.0,6.0
48.0,65.0,78.0,17.44,14.34,7.86,73.09,1.0,7.0
109.0,21.0,55.0,24.9,89.74,6.77,57.45,2.0,5.0
56.0,75.0,15.0,30.2,60.07,7.15,66.37,3.0,1.0
10.0,56.0,16.0,28.17,81.05,6.83,36.36,1.0,9.0
37.0,24.0,13.0,19.14,90.71,7.85,108.02,1.0,4.0
88.0,35.0,40.0,23.58,83.59,5.85,291.3,0.0,6.0
81.0,6.0,55.0,24.89,85.87,6.11,51.71,2.0,5.0
26.0,54.0,17.0,28.55,88.96,6.27,49.49,1.0,9.0
25.0,48.0,21.0,28.44,83.49,6.27,52.55,1.0,9.0
36.0,38.0,15.0,28.36,87.6,6.32,58.0,1.0,9.0
106.0,20.0,51.0,29.73,90.97,6.34,20.49,3.0,8.0
69.0,37.0,42.0,23.06,83.37,7.07,251.05,0.0,6.0
29.0,22.0,40.0,23.63,89.73,6.15,107.68,3.0,2.0
25.0,17.0,40.0,18.91,87.75,6.61,111.28,3.0,2.0
113.0,20.0,48.0,27.47,94.88,6.44,27.28,3.0,8.0
3.0,27.0,44.0,24.57,92.03,6.59,110.96,3.0,2.0
59.0,58.0,17.0,28.55,66.31,7.37,62.83,3.0,1.0
83.0,58.0,23.0,19.74,59.66,6.38,65.51,3.0,3.0
27.0,73.0,79.0,19.16,15.84,7.35,82.7,1.0,7.0
102.0,28.0,54.0,25.16,80.28,6.86,55.5,2.0,5.0
99.0,55.0,35.0,21.72,80.24,6.5,277.96,0.0,6.0
26.0,65.0,22.0,17.85,18.78,5.95,143.1,0.0,0.0
80.0,18.0,52.0,27.87,91.15,6.48,24.05,3.0,8.0
1.0,17.0,6.0,10.79,91.38,6.82,117.53,1.0,4.0
25.0,21.0,11.0,32.24,90.15,6.46,104.71,1.0,4.0
8.0,16.0,6.0,12.23,90.26,7.11,108.42,1.0,4.0
18.0,27.0,41.0,22.37,92.31,7.18,104.82,3.0,2.0
98.0,26.0,49.0,27.29,90.53,6.13,23.5,3.0,8.0
34.0,9.0,36.0,22.81,86.34,6.28,110.44,3.0,2.0
115.0,12.0,52.0,27.51,94.96,6.69,21.02,3.0,8.0
91.0,55.0,15.0,18.09,72.61,6.38,78.96,3.0,3.0
98.0,26.0,49.0,27.29,90.53,6.13,23.5,3.0,8.0
14.0,48.0,21.0,29.25,84.8,6.99,53.43,1.0,9.0
8.0,16.0,6.0,12.23,90.26,7.11,108.42,1.0,4.0
22.0,70.0,19.0,18.24,21.08,5.52,69.45,0.0,0.0
75.0,54.0,36.0,26.29,84.57,7.02,257.49,0.0,6.0
94.0,50.0,37.0,25.67,80.66,6.95,209.59,0.0,6.0
63.0,44.0,41.0,24.17,83.73,5.58,257.03,0.0,6.0
23.0,45.0,23.0,28.78,86.69,6.98,56.12,1.0,9.0
12.0,78.0,23.0,16.07,18.72,6.0,88.07,0.0,0.0
1.0,48.0,24.0,29.35,85.6,6.23,59.04,1.0,9.0
31.0,75.0,18.0,15.47,21.44,5.82,88.89,0.0,0.0
81.0,18.0,50.0,26.44,80.92,6.51,47.82,2.0,5.0
89.0,22.0,52.0,24.9,86.11,6.22,53.15,2.0,5.0
12.0,61.0,19.0,19.33,24.14,5.66,68.51,0.0,0.0
90.0,46.0,42.0,23.98,81.45,7.5,250.08,0.0,6.0
23.0,30.0,44.0,20.94,85.43,6.12,103.03,3.0,2.0
39.0,21.0,9.0,13.21,94.03,6.35,106.27,1.0,4.0
36.0,55.0,20.0,27.01,84.34,6.64,55.3,1.0,9.0
74.0,54.0,38.0,25.66,83.47,7.12,217.38,0.0,6.0
31.0,48.0,17.0,28.88,86.94,6.59,53.8,1.0,9.0
91.0,55.0,15.0,18.09,72.61,6.38,78.96,3.0,3.0
38.0,21.0,35.0,20.34,89.38,5.84,110.97,3.0,2.0
73.0,35.0,38.0,24.89,81.98,5.01,185.95,0.0,6.0
104.0,17.0,46.0,25.71,80.23,6.19,43.09,2.0,5.0
108.0,22.0,47.0,28.54,91.73,6.16,25.13,3.0,8.0
37.0,24.0,13.0,19.14,90.71,7.85,108.02,1.0,4.0
29.0,77.0,75.0,17.5,15.48,7.78,72.94,1.0,7.0
25.0,70.0,16.0,19.63,18.91,5.76,106.36,0.0,0.0
14.0,57.0,15.0,29.88,83.15,6.62,40.12,1.0,9.0
5.0,65.0,16.0,21.33,18.49,5.87,109.1,0.0,0.0
37.0,62.0,17.0,25.69,69.84,7.12,74.62,3.0,1.0
25.0,70.0,16.0,19.63,18.91,5.76,106.36,0.0,0.0
68.0,57.0,43.0,26.09,80.38,5.71,182.9,0.0,6.0
41.0,78.0,21.0,25.2,60.37,6.58,70.89,3.0,1.0
13.0,30.0,37.0,20.86,91.62,6.28,106.87,3.0,2.0
116.0,5.0,54.0,25.38,80.99,6.65,57.23,2.0,5.0
105.0,14.0,50.0,26.21,87.69,6.42,59.66,2.0,5.0
37.0,6.0,13.0,26.03,91.51,7.51,101.28,1.0,4.0
20.0,45.0,17.0,28.17,83.7,6.77,37.25,1.0,9.0
32.0,60.0,83.0,19.69,19.44,8.83,91.76,1.0,7.0
40.0,63.0,18.0,30.42,67.66,6.74,63.02,3.0,1.0
22.0,67.0,78.0,17.17,14.42,6.2,72.33,1.0,7.0
91.0,36.0,45.0,24.44,82.45,5.95,267.98,0.0,6.0
20.0,79.0,77.0,18.55,16.03,7.65,76.33,1.0,7.0
92.0,7.0,45.0,26.71,81.14,6.94,51.51,2.0,5.0
24.0,44.0,17.0,29.86,80.03,6.67,50.66,1.0,9.0
59.0,55.0,19.0,31.74,62.51,7.33,68.97,3.0,1.0
78.0,42.0,42.0,20.13,81.6,7.63,262.72,0.0,6.0
28.0,45.0,23.0,29.65,80.3,6.49,56.76,1.0,9.0
109.0,26.0,45.0,28.28,90.39,6.22,21.59,3.0,8.0
102.0,11.0,45.0,29.03,93.13,6.36,24.16,3.0,8.0
94.0,50.0,37.0,25.67,80.66,6.95,209.59,0.0,6.0
77.0,52.0,17.0,24.86,65.74,5.71,75.82,3.0,3.0
11.0,72.0,20.0,19.52,24.93,5.95,113.33,0.0,0.0
112.0,28.0,54.0,24.86,85.05,6.74,55.3,2.0,5.0
101.0,10.0,47.0,25.54,83.32,6.94,57.57,2.0,5.0
39.0,24.0,39.0,23.65,93.33,6.43,109.81,3.0,2.0
44.0,74.0,85.0,20.19,19.64,7.15,78.26,1.0,7.0
0.0,25.0,14.0,19.34,91.98,6.36,116.45,1.0,4.0
76.0,44.0,17.0,20.42,62.55,5.86,65.28,3.0,3.0
14.0,67.0,22.0,23.83,24.75,5.62,84.64,0.0,0.0
92.0,60.0,23.0,18.67,71.52,5.72,69.93,3.0,3.0
5.0,59.0,15.0,18.87,20.18,5.97,134.18,0.0,0.0
67.0,47.0,44.0,26.73,81.79,7.87,280.4,0.0,6.0
88.0,29.0,51.0,24.72,88.95,6.1,48.46,2.0,5.0
98.0,44.0,21.0,25.77,74.09,6.52,107.49,3.0,3.0
26.0,80.0,83.0,17.08,16.15,7.53,71.31,1.0,7.0
20.0,23.0,11.0,31.85,90.12,6.41,109.95,1.0,4.0
34.0,45.0,21.0,28.19,82.61,6.29,37.01,1.0,9.0
0.0,5.0,36.0,24.35,90.89,6.15,105.53,3.0,2.0
56.0,79.0,15.0,29.48,63.2,7.45,71.89,3.0,1.0
34.0,71.0,79.0,17.93,15.86,7.73,74.64,1.0,7.0
4.0,19.0,43.0,18.07,93.15,5.78,106.36,3.0,2.0
30.0,20.0,38.0,22.6,93.16,7.06,110.09,3.0,2.0
33.0,60.0,15.0,28.95,81.67,6.51,56.51,1.0,9.0
18.0,21.0,35.0,23.28,94.94,6.37,111.14,3.0,2.0
13.0,47.0,20.0,29.22,87.94,6.54,43.14,1.0,9.0
55.0,66.0,22.0,30.91,68.79,7.75,66.64,3.0,1.0
119.0,19.0,55.0,25.19,83.45,6.82,46.87,2.0,5.0
49.0,69.0,82.0,18.32,15.36,6.26,81.79,1.0,7.0
30.0,70.0,79.0,20.27,19.97,7.31,69.64,1.0,7.0
31.0,5.0,14.0,17.67,91.7,6.58,110.69,1.0,4.0
14.0,67.0,22.0,23.83,24.75,5.62,84.64,0.0,0.0
114.0,27.0,48.0,27.82,93.04,6.53,26.32,3.0,8.0
66.0,44.0,20.0,19.08,69.02,6.74,80.73,3.0,3.0
37.0,18.0,39.0,24.15,94.51,6.42,110.23,3.0,2.0
76.0,39.0,24.0,24.25,55.65,7.0,64.24,3.0,3.0
94.0,5.0,55.0,28.59,91.89,6.09,26.88,3.0,8.0
23.0,30.0,44.0,20.94,85.43,6.12,103.03,3.0,2.0
91.0,50.0,40.0,20.82,84.13,6.46,230.22,0.0,6.0
27.0,79.0,82.0,17.07,17.54,6.31,70.87,1.0,7.0
32.0,60.0,83.0,19.69,19.44,8.83,91.76,1.0,7.0
27.0,72.0,23.0,19.93,21.8,5.96,64.03,0.0,0.0
84.0,51.0,35.0,22.3,80.64,6.04,197.98,0.0,6.0
109.0,21.0,55.0,24.9,89.74,6.77,57.45,2.0,5.0
65.0,37.0,40.0,23.36,83.6,5.33,188.41,0.0,6.0
24.0,56.0,85.0,18.2,17.41,6.55,80.64,1.0,7.0
25.0,63.0,20.0,15.79,21.15,5.5,95.17,0.0,0.0
20.0,79.0,77.0,18.55,16.03,7.65,76.33,1.0,7.0
22.0,9.0,44.0,24.72,88.88,5.74,112.19,3.0,2.0
29.0,22.0,43.0,19.66,87.95,5.56,106.04,3.0,2.0
40.0,9.0,41.0,24.38,85.4,5.78,106.13,3.0,2.0
117.0,30.0,50.0,24.9,87.21,6.74,46.59,2.0,5.0
35.0,69.0,23.0,16.79,24.97,5.58,75.45,0.0,0.0
52.0,60.0,79.0,19.45,18.23,8.38,75.63,1.0,7.0
28.0,46.0,16.0,29.01,84.96,6.66,45.91,1.0,9.0
13.0,7.0,43.0,18.2,91.12,7.01,109.66,3.0,2.0
43.0,79.0,79.0,19.41,18.98,7.81,80.25,1.0,7.0
83.0,45.0,21.0,18.83,58.75,5.72,79.75,3.0,3.0
109.0,12.0,48.0,29.46,92.13,6.71,20.76,3.0,8.0
95.0,14.0,50.0,26.63,84.32,6.56,56.32,2.0,5.0
86.0,36.0,24.0,26.55,72.89,5.79,73.34,3.0,3.0
74.0,39.0,38.0,23.24,84.59,7.78,233.05,0.0,6.0
9.0,69.0,20.0,19.31,23.96,5.59,129.34,0.0,0.0
3.0,77.0,25.0,24.85,22.89,5.61,62.21,0.0,0.0
79.0,42.0,37.0,24.87,82.84,6.59,295.61,0.0,6.0
99.0,55.0,35.0,21.72,80.24,6.5,277.96,0.0,6.0
39.0,28.0,10.0,31.35,91.48,7.18,109.15,1.0,4.0
92.0,7.0,48.0,26.28,86.63,6.96,54.39,2.0,5.0
38.0,21.0,35.0,20.34,89.38,5.84,110.97,3.0,2.0
79.0,43.0,39.0,21.67,80.71,7.06,210.81,0.0,6.0
34.0,45.0,21.0,28.19,82.61,6.29,37.01,1.0,9.0
95.0,27.0,55.0,28.47,91.21,6.16,20.89,3.0,8.0
115.0,18.0,53.0,29.17,94.2,6.01,22.07,3.0,8.0
7.0,56.0,18.0,18.31,24.33,5.7,76.14,0.0,0.0
31.0,25.0,38.0,24.96,92.41,6.5,109.42,3.0,2.0
78.0,48.0,22.0,23.09,63.1,5.59,70.43,3.0,3.0
102.0,11.0,47.0,27.99,92.78,6.5,27.15,3.0,8.0
31.0,25.0,12.0,18.05,90.04,7.02,111.78,1.0,4.0
11.0,78.0,22.0,23.9,22.74,5.94,112.66,0.0,0.0
45.0,61.0,78.0,19.49,16.06,6.49,81.53,1.0,7.0
91.0,50.0,40.0,20.82,84.13,6.46,230.22,0.0,6.0
1.0,62.0,23.0,15.44,18.37,5.61,139.03,0.0,0.0
88.0,5.0,47.0,25.86,86.67,6.66,41.17,2.0,5.0
37.0,55.0,82.0,19.46,18.02,6.42,78.45,1.0,7.0
115.0,12.0,52.0,27.51,94.96,6.69,21.02,3.0,8.0
109.0,21.0,55.0,24.9,89.74,6.77,57.45,2.0,5.0
14.0,57.0,15.0,29.88,83.15,6.62,40.12,1.0,9.0
117.0,27.0,48.0,26.53,82.39,6.84,54.31,2.0,5.0
95.0,23.0,45.0,27.82,90.57,6.27,21.19,3.0,8.0
42.0,58.0,25.0,27.46,62.9,6.51,69.46,3.0,1.0
11.0,14.0,5.0,11.5,94.89,6.95,115.57,1.0,4.0
85.0,9.0,53.0,28.21,92.87,6.45,28.79,3.0,8.0
110.0,21.0,54.0,26.74,87.82,6.75,47.46,2.0,5.0
40.0,78.0,20.0,19.19,20.83,5.67,80.15,0.0,0.0
61.0,60.0,15.0,24.88,68.74,6.27,91.26,3.0,3.0
85.0,38.0,41.0,21.59,82.79,6.25,276.66,0.0,6.0
40.0,27.0,45.0,21.66,94.79,5.89,112.43,3.0,2.0
87.0,21.0,52.0,27.35,94.29,6.07,27.21,3.0,8.0
29.0,45.0,16.0,28.44,87.91,6.58,43.12,1.0,9.0
54.0,62.0,80.0,17.49,16.39,7.49,79.46,1.0,7.0
65.0,60.0,43.0,21.97,81.9,5.66,227.36,0.0,6.0
8.0,28.0,38.0,23.23,94.43,6.84,105.69,3.0,2.0
11.0,46.0,24.0,27.65,89.81,6.46,56.53,1.0,9.0
8.0,54.0,20.0,28.33,80.77,7.03,38.8,1.0,9.0
3.0,9.0,45.0,23.89,89.62,6.54,104.62,3.0,2.0
65.0,60.0,43.0,21.97,81.9,5.66,227.36,0.0,6.0
111.0,6.0,53.0,26.49,88.59,6.31,46.06,2.0,5.0
98.0,8.0,51.0,26.18,86.52,6.26,49.43,2.0,5.0
34.0,47.0,19.0,27.31,85.45,6.57,53.15,1.0,9.0
25.0,68.0,19.0,29.4,64.26,7.11,67.48,3.0,1.0
22.0,55.0,20.0,33.95,69.96,7.42,61.16,3.0,1.0
38.0,36.0,21.0,28.03,84.88,6.56,36.12,1.0,9.0
65.0,60.0,43.0,21.97,81.9,5.66,227.36,0.0,6.0
75.0,54.0,36.0,26.29,84.57,7.02,257.49,0.0,6.0
101.0,17.0,47.0,29.49,94.73,6.19,26.31,3.0,8.0
23.0,72.0,84.0,19.02,17.13,6.92,79.93,1.0,7.0
67.0,58.0,39.0,25.28,80.54,5.45,220.12,0.0,6.0
17.0,57.0,21.0,19.88,20.32,5.79,60.92,0.0,0.0
23.0,62.0,19.0,16.52,20.46,5.61,98.78,0.0,0.0
12.0,20.0,10.0,24.45,93.11,6.53,109.47,1.0,4.0
52.0,68.0,78.0,17.49,16.96,6.9,86.05,1.0,7.0
20.0,79.0,77.0,18.55,16.03,7.65,76.33,1.0,7.0
47.0,80.0,77.0,17.18,16.43,7.56,72.85,1.0,7.0
110.0,21.0,54.0,26.74,87.82,6.75,47.46,2.0,5.0
33.0,37.0,19.0,27.93,86.55,7.18,43.48,1.0,9.0
80.0,26.0,55.0,24.53,88.99,6.14,49.12,2.0,5.0
24.0,44.0,17.0,29.86,80.03,6.67,50.66,1.0,9.0
38.0,62.0,25.0,32.75,67.78,7.45,63.38,3.0,1.0
99.0,50.0,15.0,18.15,71.09,5.57,88.08,3.0,3.0
59.0,55.0,79.0,20.37,16.9,8.77,82.25,1.0,7.0
33.0,75.0,21.0,33.05,68.94,6.69,62.3,3.0,1.0
85.0,38.0,41.0,21.59,82.79,6.25,276.66,0.0,6.0
22.0,80.0,20.0,23.01,18.87,5.67,100.12,0.0,0.0
56.0,79.0,15.0,29.48,63.2,7.45,71.89,3.0,1.0
49.0,55.0,78.0,18.66,16.18,7.86,81.71,1.0,7.0
13.0,30.0,37.0,20.86,91.62,6.28,106.87,3.0,2.0
13.0,22.0,5.0,19.67,90.5,7.76,100.17,1.0,4.0
6.0,18.0,37.0,19.66,89.94,5.94,108.05,3.0,2.0
70.0,36.0,42.0,21.84,80.73,6.95,202.38,0.0,6.0
89.0,60.0,19.0,25.19,66.69,5.91,78.07,3.0,3.0
120.0,25.0,50.0,28.05,94.82,6.33,21.85,3.0,8.0
72.0,40.0,38.0,20.41,82.21,7.59,245.15,0.0,6.0
119.0,9.0,50.0,26.75,83.92,6.25,40.79,2.0,5.0
52.0,63.0,19.0,29.59,68.32,6.93,67.53,3.0,1.0
19.0,78.0,16.0,20.65,23.11,5.97,67.72,0.0,0.0
31.0,37.0,21.0,27.24,86.4,6.71,37.31,1.0,9.0
70.0,47.0,17.0,24.61,70.42,6.6,104.16,3.0,3.0
83.0,45.0,21.0,18.83,58.75,5.72,79.75,3.0,3.0
89.0,25.0,54.0,24.69,85.57,6.35,48.99,2.0,5.0
73.0,45.0,21.0,24.61,73.59,6.64,96.59,3.0,3.0
6.0,30.0,40.0,22.77,91.45,6.36,106.97,3.0,2.0
111.0,6.0,53.0,26.49,88.59,6.31,46.06,2.0,5.0
27.0,40.0,24.0,27.84,90.0,7.06,52.85,1.0,9.0
6.0,18.0,37.0,19.66,89.94,5.94,108.05,3.0,2.0
99.0,56.0,17.0,24.11,73.13,6.23,71.08,3.0,3.0
44.0,59.0,78.0,20.68,19.85,7.6,84.78,1.0,7.0
93.0,56.0,42.0,23.86,82.23,7.38,195.09,0.0,6.0
39.0,58.0,85.0,17.89,15.41,6.0,68.55,1.0,7.0
27.0,56.0,20.0,19.26,20.51,5.54,94.95,0.0,0.0
23.0,39.0,22.0,29.26,81.98,6.86,42.02,1.0,9.0
69.0,37.0,42.0,23.06,83.37,7.07,251.05,0.0,6.0
82.0,26.0,47.0,28.5,93.47,6.57,24.2,3.0,8.0
26.0,27.0,10.0,28.07,92.91,6.08,114.13,1.0,4.0
0.0,17.0,42.0,23.2,91.19,6.86,109.09,3.0,2.0
8.0,28.0,38.0,23.23,94.43,6.84,105.69,3.0,2.0
76.0,40.0,43.0,25.16,83.12,5.07,231.38,0.0,6.0
22.0,54.0,20.0,28.56,83.64,6.69,41.01,1.0,9.0
26.0,11.0,11.0,13.7,90.96,7.61,106.29,1.0,4.0
27.0,64.0,21.0,32.84,68.68,7.54,73.67,3.0,1.0
25.0,70.0,16.0,19.63,18.91,5.76,106.36,0.0,0.0
5.0,23.0,15.0,25.67,92.05,7.41,112.54,1.0,4.0
32.0,18.0,13.0,13.84,91.75,6.04,107.99,1.0,4.0
86.0,37.0,16.0,20.52,59.21,5.56,67.61,3.0,3.0
11.0,61.0,21.0,18.62,23.02,5.53,135.34,0.0,0.0
77.0,38.0,36.0,21.87,80.19,5.95,224.56,0.0,6.0
20.0,7.0,45.0,18.91,89.24,6.08,112.48,3.0,2.0
20.0,45.0,22.0,29.59,89.99,6.9,54.96,1.0,9.0
99.0,36.0,20.0,20.58,65.35,6.67,78.35,3.0,3.0
40.0,58.0,75.0,18.59,14.78,6.17,89.61,1.0,7.0
26.0,80.0,83.0,17.08,16.15,7.53,71.31,1.0,7.0
59.0,62.0,83.0,18.58,19.22,8.1,72.95,1.0,7.0
83.0,11.0,53.0,29.54,92.92,6.16,21.97,3.0,8.0
8.0,23.0,38.0,19.3,87.18,7.01,105.48,3.0,2.0
96.0,13.0,55.0,29.53,94.57,6.7,21.14,3.0,8.0
97.0,8.0,52.0,24.91,86.97,6.24,49.49,2.0,5.0
109.0,26.0,45.0,28.28,90.39,6.22,21.59,3.0,8.0
14.0,37.0,15.0,27.96,83.98,6.58,48.94,1.0,9.0
88.0,17.0,52.0,29.9,90.75,6.65,25.38,3.0,8.0
42.0,58.0,25.0,27.46,62.9,6.51,69.46,3.0,1.0
4.0,13.0,6.0,15.63,94.26,7.56,101.47,1.0,4.0
22.0,26.0,38.0,22.92,85.13,6.99,110.24,3.0,2.0
22.0,17.0,5.0,24.12,90.72,6.95,102.84,1.0,4.0
22.0,60.0,24.0,18.78,20.25,5.63,104.26,0.0,0.0
5.0,21.0,38.0,22.43,90.34,6.11,112.46,3.0,2.0
25.0,70.0,16.0,19.63,18.91,5.76,106.36,0.0,0.0
114.0,8.0,50.0,24.75,88.31,6.58,57.96,2.0,5.0
26.0,65.0,22.0,17.85,18.78,5.95,143.1,0.0,0.0
31.0,75.0,18.0,15.47,21.44,5.82,88.89,0.0,0.0
13.0,17.0,45.0,21.25,92.65,7.16,106.28,3.0,2.0
34.0,11.0,10.0,31.75,94.6,7.36,115.2,1.0,4.0
65.0,60.0,22.0,25.37,72.52,6.61,107.91,3.0,3.0
3.0,77.0,25.0,24.85,22.89,5.61,62.21,0.0,0.0
25.0,70.0,16.0,19.63,18.91,5.76,106.36,0.0,0.0
76.0,44.0,17.0,20.42,62.55,5.86,65.28,3.0,3.0
118.0,18.0,52.0,28.05,90.83,6.56,20.76,3.0,8.0
93.0,56.0,36.0,24.01,82.06,6.98,185.28,0.0,6.0
42.0,74.0,83.0,19.26,14.28,7.55,65.78,1.0,7.0
0.0,49.0,18.0,29.68,87.94,6.99,41.82,1.0,9.0
11.0,14.0,5.0,11.5,94.89,6.95,115.57,1.0,4.0
53.0,73.0,77.0,19.71,18.1,7.33,73.64,1.0,7.0
82.0,18.0,48.0,29.1,94.17,6.16,26.71,3.0,8.0
52.0,70.0,16.0,33.67,66.6,7.53,67.33,3.0,1.0
28.0,58.0,81.0,17.48,16.54,6.18,93.35,1.0,7.0
111.0,6.0,53.0,26.49,88.59,6.31,46.06,2.0,5.0
37.0,6.0,13.0,26.03,91.51,7.51,101.28,1.0,4.0
4.0,20.0,41.0,24.27,93.8,6.54,104.54,3.0,2.0
27.0,56.0,22.0,19.92,20.7,5.83,108.64,0.0,0.0
13.0,7.0,43.0,18.2,91.12,7.01,109.66,3.0,2.0
8.0,25.0,36.0,19.91,94.95,6.83,104.03,3.0,2.0
27.0,40.0,24.0,27.84,90.0,7.06,52.85,1.0,9.0
35.0,64.0,15.0,28.47,63.54,6.5,69.53,3.0,1.0
20.0,79.0,77.0,18.55,16.03,7.65,76.33,1.0,7.0
82.0,20.0,54.0,29.34,90.02,6.54,21.45,3.0,8.0
78.0,58.0,15.0,25.01,67.82,6.53,62.91,3.0,3.0
102.0,14.0,52.0,26.79,89.65,6.51,57.74,2.0,5.0
44.0,63.0,15.0,26.42,64.51,7.34,63.47,3.0,1.0
60.0,61.0,78.0,20.71,19.84,6.32,94.04,1.0,7.0
52.0,68.0,78.0,17.49,16.96,6.9,86.05,1.0,7.0
21.0,63.0,22.0,25.1,67.73,6.86,74.62,3.0,1.0
84.0,57.0,25.0,22.54,67.99,6.49,64.41,3.0,3.0
39.0,24.0,14.0,30.55,90.9,7.19,106.07,1.0,4.0
30.0,70.0,79.0,20.27,19.97,7.31,69.64,1.0,7.0
83.0,58.0,45.0,25.76,83.52,5.88,245.66,0.0,6.0
53.0,74.0,15.0,29.43,64.94,7.52,72.18,3.0,1.0
24.0,30.0,11.0,32.4,94.52,6.6,113.25,1.0,4.0
51.0,72.0,75.0,18.89,14.99,7.1,80.11,1.0,7.0
98.0,26.0,52.0,27.34,90.7,6.15,28.69,3.0,8.0
27.0,80.0,15.0,19.07,21.21,5.79,86.22,0.0,0.0
25.0,57.0,19.0,17.15,19.87,5.57,88.0,0.0,0.0
101.0,17.0,55.0,24.37,87.13,6.45,44.64,2.0,5.0
37.0,49.0,25.0,29.91,85.85,6.42,41.39,1.0,9.0
118.0,12.0,47.0,27.97,92.17,6.01,28.95,3.0,8.0
96.0,13.0,55.0,29.53,94.57,6.7,21.14,3.0,8.0
116.0,25.0,50.0,29.26,92.92,6.09,28.71,3.0,8.0
8.0,54.0,20.0,28.33,80.77,7.03,38.8,1.0,9.0
107.0,11.0,54.0,28.59,91.34,6.09,29.44,3.0,8.0
20.0,29.0,10.0,29.07,93.27,7.37,100.79,1.0,4.0
39.0,76.0,76.0,19.97,15.57,6.14,69.16,1.0,7.0
84.0,29.0,49.0,29.94,93.91,6.25,20.39,3.0,8.0
20.0,79.0,77.0,18.55,16.03,7.65,76.33,1.0,7.0
65.0,37.0,40.0,23.36,83.6,5.33,188.41,0.0,6.0
27.0,30.0,5.0,32.72,90.55,7.66,113.33,1.0,4.0
77.0,36.0,37.0,26.88,81.46,6.14,194.58,0.0,6.0
22.0,17.0,5.0,24.12,90.72,6.95,102.84,1.0,4.0
33.0,37.0,19.0,27.93,86.55,7.18,43.48,1.0,9.0
102.0,14.0,52.0,26.79,89.65,6.51,57.74,2.0,5.0
39.0,58.0,85.0,17.89,15.41,6.0,68.55,1.0,7.0
25.0,70.0,16.0,19.63,18.91,5.76,106.36,0.0,0.0
92.0,7.0,48.0,26.28,86.63,6.96,54.39,2.0,5.0
13.0,47.0,20.0,29.22,87.94,6.54,43.14,1.0,9.0
79.0,42.0,37.0,24.87,82.84,6.59,295.61,0.0,6.0
26.0,80.0,83.0,17.08,16.15,7.53,71.31,1.0,7.0
74.0,43.0,23.0,25.95,61.89,6.33,99.58,3.0,3.0
120.0,8.0,46.0,29.56,90.71,6.73,28.37,3.0,8.0
43.0,79.0,79.0,19.41,18.98,7.81,80.25,1.0,7.0
32.0,13.0,42.0,23.5,92.98,5.79,106.62,3.0,2.0
2.0,61.0,20.0,22.14,23.02,5.96,76.64,0.0,0.0
7.0,17.0,10.0,10.16,91.22,6.47,106.36,1.0,4.0
27.0,56.0,22.0,19.92,20.7,5.83,108.64,0.0,0.0
97.0,22.0,50.0,26.26,86.15,6.77,58.98,2.0,5.0
57.0,60.0,17.0,26.24,67.89,7.5,73.59,3.0,1.0
49.0,76.0,18.0,27.05,67.7,7.39,60.47,3.0,1.0
74.0,55.0,19.0,18.05,62.89,6.29,84.24,3.0,3.0
32.0,18.0,13.0,13.84,91.75,6.04,107.99,1.0,4.0
39.0,17.0,45.0,18.1,90.42,6.92,104.88,3.0,2.0
28.0,46.0,16.0,29.01,84.96,6.66,45.91,1.0,9.0
98.0,47.0,37.0,23.48,81.33,7.38,224.06,0.0,6.0
10.0,55.0,23.0,21.19,19.63,5.73,137.19,0.0,0.0
100.0,6.0,53.0,29.05,93.92,6.11,23.67,3.0,8.0
99.0,5.0,47.0,24.13,84.84,6.65,51.19,2.0,5.0
21.0,23.0,42.0,19.54,90.3,6.9,104.37,3.0,2.0
40.0,73.0,20.0,21.59,20.32,5.81,61.14,0.0,0.0
61.0,38.0,20.0,18.48,62.7,5.97,65.44,3.0,3.0
87.0,54.0,20.0,25.62,63.47,6.58,108.83,3.0,3.0
2.0,61.0,20.0,22.14,23.02,5.96,76.64,0.0,0.0
21.0,63.0,17.0,15.77,19.23,5.98,108.34,0.0,0.0
82.0,40.0,40.0,23.83,84.81,6.27,298.56,0.0,6.0
101.0,25.0,52.0,29.1,94.22,6.75,22.52,3.0,8.0
19.0,65.0,25.0,18.1,18.29,5.63,144.79,0.0,0.0
84.0,50.0,44.0,25.49,81.41,5.94,182.65,0.0,6.0
13.0,47.0,20.0,29.22,87.94,6.54,43.14,1.0,9.0
13.0,69.0,19.0,17.31,20.02,5.86,115.2,0.0,0.0
99.0,55.0,35.0,21.72,80.24,6.5,277.96,0.0,6.0
95.0,16.0,55.0,25.27,87.55,6.61,40.13,2.0,5.0
80.0,43.0,16.0,23.56,71.59,6.66,66.72,3.0,3.0
78.0,37.0,22.0,25.34,63.32,6.33,74.52,3.0,3.0
14.0,67.0,22.0,23.83,24.75,5.62,84.64,0.0,0.0
83.0,22.0,54.0,25.9,81.97,6.28,54.5,2.0,5.0
23.0,30.0,44.0,20.94,85.43,6.12,103.03,3.0,2.0
20.0,23.0,11.0,31.85,90.12,6.41,109.95,1.0,4.0
23.0,5.0,44.0,21.21,94.26,7.16,107.57,3.0,2.0
42.0,58.0,25.0,27.46,62.9,6.51,69.46,3.0,1.0
37.0,56.0,25.0,22.06,19.6,5.77,126.73,0.0,0.0
27.0,13.0,6.0,13.36,91.36,7.34,111.23,1.0,4.0
20.0,69.0,15.0,23.44,22.77,5.93,107.41,0.0,0.0
106.0,16.0,54.0,28.96,91.7,6.59,24.75,3.0,8.0
14.0,5.0,36.0,24.93,85.19,5.83,104.77,3.0,2.0
118.0,18.0,52.0,28.05,90.83,6.56,20.76,3.0,8.0
13.0,23.0,6.0,23.96,90.26,7.37,102.7,1.0,4.0
16.0,75.0,21.0,18.51,23.62,5.68,87.05,0.0,0.0
92.0,60.0,23.0,18.67,71.52,5.72,69.93,3.0,3.0
85.0,27.0,45.0,26.07,88.73,6.47,57.8,2.0,5.0
54.0,61.0,77.0,18.81,15.22,6.21,77.54,1.0,7.0
1.0,59.0,23.0,27.47,87.18,7.18,43.78,1.0,9.0
17.0,64.0,17.0,21.02,24.94,5.66,124.61,0.0,0.0
20.0,40.0,15.0,29.57,88.08,7.2,45.04,1.0,9.0
83.0,41.0,43.0,21.05,82.68,6.25,233.11,0.0,6.0
67.0,43.0,39.0,26.04,84.97,6.0,186.75,0.0,6.0
68.0,41.0,16.0,21.78,57.81,6.16,102.09,3.0,3.0
67.0,45.0,38.0,22.73,82.17,7.3,260.89,0.0,6.0
83.0,41.0,43.0,21.05,82.68,6.25,233.11,0.0,6.0
85.0,22.0,53.0,25.97,89.77,6.85,59.46,2.0,5.0
27.0,79.0,82.0,17.07,17.54,6.31,70.87,1.0,7.0
113.0,20.0,48.0,27.47,94.88,6.44,27.28,3.0,8.0
107.0,11.0,54.0,28.59,91.34,6.09,29.44,3.0,8.0
35.0,69.0,23.0,16.79,24.97,5.58,75.45,0.0,0.0
16.0,7.0,8.0,22.79,90.61,6.42,116.51,1.0,4.0
24.0,55.0,78.0,17.3,15.15,6.65,75.58,1.0,7.0
17.0,57.0,21.0,19.88,20.32,5.79,60.92,0.0,0.0
107.0,22.0,54.0,28.0,90.85,6.63,21.62,3.0,8.0
34.0,60.0,22.0,17.66,18.15,5.64,100.67,0.0,0.0
8.0,23.0,44.0,18.47,89.69,7.13,108.48,3.0,2.0
61.0,44.0,17.0,26.1,71.57,6.93,102.27,3.0,3.0
9.0,80.0,19.0,21.81,18.57,5.95,125.1,0.0,0.0
109.0,21.0,55.0,24.9,89.74,6.77,57.45,2.0,5.0
29.0,22.0,40.0,23.63,89.73,6.15,107.68,3.0,2.0
40.0,18.0,43.0,19.39,86.79,5.77,109.91,3.0,2.0
13.0,69.0,19.0,17.31,20.02,5.86,115.2,0.0,0.0
11.0,10.0,45.0,22.63,88.46,6.4,109.04,3.0,2.0
37.0,56.0,25.0,22.06,19.6,5.77,126.73,0.0,0.0
76.0,39.0,24.0,24.25,55.65,7.0,64.24,3.0,3.0
107.0,22.0,54.0,28.0,90.85,6.63,21.62,3.0,8.0
97.0,25.0,50.0,26.22,80.9,6.09,49.09,2.0,5.0
56.0,75.0,15.0,30.2,60.07,7.15,66.37,3.0,1.0
20.0,69.0,15.0,23.44,22.77,5.93,107.41,0.0,0.0
81.0,18.0,50.0,26.44,80.92,6.51,47.82,2.0,5.0
115.0,17.0,55.0,27.58,94.12,6.78,28.08,3.0,8.0
5.0,23.0,15.0,25.67,92.05,7.41,112.54,1.0,4.0
17.0,16.0,14.0,16.4,92.18,6.63,102.94,1.0,4.0
19.0,78.0,16.0,20.65,23.11,5.97,67.72,0.0,0.0
12.0,6.0,8.0,30.85,92.87,6.39,107.41,1.0,4.0
76.0,49.0,42.0,24.96,84.48,5.21,196.96,0.0,6.0
24.0,55.0,78.0,17.3,15.15,6.65,75.58,1.0,7.0
27.0,62.0,24.0,28.63,66.77,7.35,62.27,3.0,1.0
22.0,71.0,17.0,18.15,19.39,5.51,107.69,0.0,0.0
24.0,18.0,6.0,26.57,94.45,6.29,116.38,1.0,4.0
9.0,16.0,36.0,23.78,92.93,5.89,106.98,3.0,2.0
82.0,40.0,40.0,23.83,84.81,6.27,298.56,0.0,6.0
85.0,25.0,47.0,26.11,87.64,6.3,58.48,2.0,5.0
27.0,63.0,19.0,20.93,21.19,5.56,133.19,0.0,0.0
36.0,7.0,37.0,19.87,86.36,5.78,108.32,3.0,2.0
75.0,38.0,39.0,23.45,84.79,6.22,283.93,0.0,6.0
4.0,20.0,41.0,24.27,93.8,6.54,104.54,3.0,2.0
23.0,72.0,84.0,19.02,17.13,6.92,79.93,1.0,7.0
27.0,62.0,24.0,28.63,66.77,7.35,62.27,3.0,1.0
11.0,18.0,42.0,21.58,94.88,5.94,102.86,3.0,2.0
99.0,50.0,15.0,18.15,71.09,5.57,88.08,3.0,3.0
5.0,59.0,15.0,18.87,20.18,5.97,134.18,0.0,0.0
77.0,36.0,23.0,24.71,56.73,6.65,88.45,3.0,3.0
110.0,15.0,48.0,28.58,92.87,6.21,27.6,3.0,8.0
37.0,55.0,82.0,19.46,18.02,6.42,78.45,1.0,7.0
42.0,62.0,75.0,18.18,18.9,7.01,81.85,1.0,7.0
29.0,36.0,25.0,28.29,88.44,7.13,48.57,1.0,9.0
79.0,43.0,39.0,21.67,80.71,7.06,210.81,0.0,6.0
27.0,60.0,17.0,26.42,63.65,7.03,64.42,3.0,1.0
28.0,68.0,19.0,34.64,61.39,7.7,72.43,3.0,1.0
25.0,27.0,41.0,19.2,94.28,6.92,108.04,3.0,2.0
30.0,63.0,16.0,23.61,21.91,5.53,100.6,0.0,0.0
17.0,77.0,24.0,20.77,18.93,5.57,109.02,0.0,0.0
89.0,60.0,17.0,25.38,57.21,5.98,101.7,3.0,3.0
39.0,76.0,76.0,19.97,15.57,6.14,69.16,1.0,7.0
0.0,18.0,14.0,29.77,92.01,7.21,114.42,1.0,4.0
39.0,37.0,15.0,29.0,83.79,6.82,59.84,1.0,9.0
83.0,9.0,45.0,25.85,89.13,6.05,46.85,2.0,5.0
95.0,12.0,46.0,26.22,81.01,6.32,54.65,2.0,5.0
95.0,13.0,46.0,29.84,93.76,6.13,23.28,3.0,8.0
40.0,58.0,15.0,29.46,87.61,6.98,43.15,1.0,9.0
36.0,43.0,22.0,27.83,87.17,6.39,58.37,1.0,9.0
113.0,20.0,48.0,27.47,94.88,6.44,27.28,3.0,8.0
23.0,57.0,19.0,32.84,68.0,7.25,73.4,3.0,1.0
60.0,57.0,24.0,18.66,61.55,6.12,75.03,3.0,3.0
22.0,17.0,5.0,24.12,90.72,6.95,102.84,1.0,4.0
21.0,38.0,21.0,29.76,86.45,6.64,37.55,1.0,9.0
98.0,7.0,45.0,27.79,92.51,6.16,26.85,3.0,8.0
11.0,10.0,45.0,22.63,88.46,6.4,109.04,3.0,2.0
58.0,70.0,84.0,20.65,16.61,6.23,74.66,1.0,7.0
43.0,68.0,20.0,29.58,66.18,7.5,69.44,3.0,1.0
76.0,49.0,42.0,24.96,84.48,5.21,196.96,0.0,6.0
3.0,77.0,25.0,24.85,22.89,5.61,62.21,0.0,0.0
0.0,55.0,22.0,22.99,20.58,5.92,143.86,0.0,0.0
88.0,38.0,15.0,25.08,65.92,6.46,62.49,3.0,3.0
39.0,71.0,84.0,20.28,16.4,8.14,82.52,1.0,7.0
61.0,59.0,17.0,23.34,59.25,6.47,105.01,3.0,3.0
98.0,7.0,45.0,27.79,92.51,6.16,26.85,3.0,8.0
20.0,8.0,12.0,25.3,94.96,7.26,117.97,1.0,4.0
72.0,40.0,38.0,20.41,82.21,7.59,245.15,0.0,6.0
36.0,65.0,80.0,18.29,16.68,6.05,74.87,1.0,7.0
59.0,69.0,80.0,19.08,17.87,8.17,69.41,1.0,7.0
0.0,5.0,36.0,24.35,90.89,6.15,105.53,3.0,2.0
53.0,65.0,76.0,20.19,16.42,6.72,77.34,1.0,7.0
108.0,23.0,51.0,26.84,83.85,6.11,40.23,2.0,5.0
13.0,60.0,25.0,17.14,20.61,5.69,128.26,0.0,0.0
79.0,59.0,17.0,20.38,63.74,6.64,108.51,3.0,3.0
8.0,16.0,6.0,12.23,90.26,7.11,108.42,1.0,4.0
37.0,56.0,25.0,22.06,19.6,5.77,126.73,0.0,0.0
105.0,30.0,50.0,25.3,81.78,6.38,57.04,2.0,5.0
114.0,30.0,51.0,29.25,90.07,6.07,25.93,3.0,8.0
24.0,55.0,78.0,17.3,15.15,6.65,75.58,1.0,7.0
7.0,16.0,9.0,18.88,92.04,7.81,114.67,1.0,4.0
14.0,48.0,21.0,29.25,84.8,6.99,53.43,1.0,9.0
89.0,22.0,52.0,24.9,86.11,6.22,53.15,2.0,5.0
12.0,61.0,19.0,19.33,24.14,5.66,68.51,0.0,0.0
39.0,30.0,38.0,20.13,87.6,6.97,108.07,3.0,2.0
104.0,17.0,46.0,25.71,80.23,6.19,43.09,2.0,5.0
79.0,45.0,20.0,23.81,59.25,5.72,89.96,3.0,3.0
32.0,13.0,42.0,23.5,92.98,5.79,106.62,3.0,2.0
95.0,21.0,47.0,27.93,93.56,6.43,20.66,3.0,8.0
46.0,76.0,77.0,18.24,19.69,6.97,83.75,1.0,7.0
23.0,59.0,19.0,21.99,24.87,5.85,129.57,0.0,0.0
19.0,35.0,24.0,27.11,83.64,6.88,49.12,1.0,9.0
91.0,7.0,52.0,25.08,83.46,6.41,56.4,2.0,5.0
25.0,63.0,20.0,15.79,21.15,5.5,95.17,0.0,0.0
4.0,40.0,21.0,28.8,80.46,6.73,44.3,1.0,9.0
60.0,59.0,22.0,31.87,66.74,7.19,74.22,3.0,1.0
42.0,74.0,83.0,19.26,14.28,7.55,65.78,1.0,7.0
77.0,52.0,17.0,24.86,65.74,5.71,75.82,3.0,3.0
30.0,44.0,16.0,29.73,82.89,6.44,50.92,1.0,9.0
89.0,45.0,36.0,21.33,80.47,6.44,185.5,0.0,6.0
0.0,18.0,14.0,29.77,92.01,7.21,114.42,1.0,4.0
99.0,36.0,20.0,20.58,65.35,6.67,78.35,3.0,3.0
40.0,68.0,17.0,34.13,65.15,7.73,70.41,3.0,1.0
104.0,23.0,47.0,26.98,86.7,6.77,42.91,2.0,5.0
0.0,23.0,15.0,22.57,93.37,7.6,109.86,1.0,4.0
53.0,74.0,15.0,29.43,64.94,7.52,72.18,3.0,1.0
31.0,58.0,15.0,27.11,84.97,7.12,51.53,1.0,9.0
71.0,46.0,40.0,20.28,82.12,7.24,191.95,0.0,6.0
23.0,62.0,85.0,18.97,19.52,8.49,80.71,1.0,7.0
27.0,40.0,24.0,27.84,90.0,7.06,52.85,1.0,9.0
3.0,26.0,39.0,24.38,91.19,7.08,103.6,3.0,2.0
119.0,25.0,51.0,26.47,80.92,6.28,53.66,2.0,5.0
12.0,6.0,8.0,30.85,92.87,6.39,107.41,1.0,4.0
43.0,68.0,81.0,17.48,17.93,6.76,78.92,1.0,7.0
43.0,68.0,81.0,17.48,17.93,6.76,78.92,1.0,7.0
94.0,50.0,19.0,23.3,73.63,5.87,97.59,3.0,3.0
31.0,5.0,14.0,17.67,91.7,6.58,110.69,1.0,4.0
25.0,65.0,21.0,33.86,68.59,6.88,69.24,3.0,1.0
27.0,56.0,20.0,19.26,20.51,5.54,94.95,0.0,0.0
44.0,77.0,21.0,32.64,61.3,7.33,61.84,3.0,1.0
40.0,78.0,20.0,19.19,20.83,5.67,80.15,0.0,0.0
60.0,49.0,44.0,20.78,84.5,6.24,240.08,0.0,6.0
84.0,44.0,21.0,21.87,61.91,5.85,107.27,3.0,3.0
109.0,10.0,53.0,26.82,87.83,6.55,46.06,2.0,5.0
5.0,29.0,44.0,21.02,93.06,5.58,104.78,3.0,2.0
25.0,21.0,11.0,32.24,90.15,6.46,104.71,1.0,4.0
95.0,12.0,51.0,25.76,84.17,6.68,44.22,2.0,5.0
80.0,16.0,46.0,25.5,81.4,6.94,48.48,2.0,5.0
60.0,48.0,39.0,24.28,80.3,7.04,231.09,0.0,6.0
14.0,5.0,36.0,24.93,85.19,5.83,104.77,3.0,2.0
76.0,40.0,43.0,25.16,83.12,5.07,231.38,0.0,6.0
37.0,6.0,13.0,26.03,91.51,7.51,101.28,1.0,4.0
22.0,80.0,20.0,23.01,18.87,5.67,100.12,0.0,0.0
30.0,44.0,16.0,29.73,82.89,6.44,50.92,1.0,9.0
110.0,21.0,54.0,26.74,87.82,6.75,47.46,2.0,5.0
23.0,39.0,22.0,29.26,81.98,6.86,42.02,1.0,9.0
31.0,53.0,16.0,28.74,85.82,6.45,48.55,1.0,9.0
33.0,77.0,21.0,30.33,65.63,7.01,71.65,3.0,1.0
83.0,45.0,21.0,18.83,58.75,5.72,79.75,3.0,3.0
26.0,27.0,10.0,28.07,92.91,6.08,114.13,1.0,4.0
39.0,17.0,45.0,18.1,90.42,6.92,104.88,3.0,2.0
85.0,9.0,53.0,28.21,92.87,6.45,28.79,3.0,8.0
32.0,60.0,83.0,19.69,19.44,8.83,91.76,1.0,7.0
22.0,23.0,44.0,20.13,89.32,6.14,107.34,3.0,2.0
31.0,40.0,22.0,29.41,86.16,6.37,53.35,1.0,9.0
40.0,78.0,20.0,19.19,20.83,5.67,80.15,0.0,0.0
40.0,30.0,35.0,20.89,91.08,6.27,104.44,3.0,2.0
66.0,60.0,38.0,22.09,83.47,6.37,231.74,0.0,6.0
7.0,79.0,23.0,19.64,19.69,5.82,96.66,0.0,0.0
82.0,25.0,51.0,24.31,87.47,6.07,48.11,2.0,5.0
1.0,62.0,23.0,15.44,18.37,5.61,139.03,0.0,0.0
22.0,70.0,19.0,18.24,21.08,5.52,69.45,0.0,0.0
23.0,59.0,25.0,27.83,88.73,6.32,56.69,1.0,9.0
99.0,50.0,15.0,18.15,71.09,5.57,88.08,3.0,3.0
113.0,20.0,48.0,27.47,94.88,6.44,27.28,3.0,8.0
30.0,20.0,38.0,22.6,93.16,7.06,110.09,3.0,2.0
72.0,60.0,25.0,18.53,69.03,5.77,88.1,3.0,3.0
108.0,23.0,51.0,26.84,83.85,6.11,40.23,2.0,5.0
28.0,46.0,16.0,29.01,84.96,6.66,45.91,1.0,9.0
38.0,60.0,76.0,18.65,17.81,8.87,77.93,1.0,7.0
35.0,63.0,76.0,17.82,17.61,6.71,90.82,1.0,7.0
68.0,57.0,43.0,26.09,80.38,5.71,182.9,0.0,6.0
104.0,17.0,46.0,25.71,80.23,6.19,43.09,2.0,5.0
23.0,59.0,19.0,21.99,24.87,5.85,129.57,0.0,0.0
91.0,13.0,47.0,29.11,92.44,6.14,27.96,3.0,8.0
104.0,23.0,47.0,26.98,86.7,6.77,42.91,2.0,5.0
60.0,68.0,83.0,19.12,18.43,6.62,85.53,1.0,7.0
84.0,29.0,49.0,29.94,93.91,6.25,20.39,3.0,8.0
82.0,23.0,49.0,26.81,87.22,6.87,51.7,2.0,5.0
85.0,21.0,47.0,29.87,90.61,6.19,24.7,3.0,8.0
87.0,21.0,52.0,27.35,94.29,6.07,27.21,3.0,8.0
90.0,16.0,45.0,24.92,80.62,6.29,50.56,2.0,5.0
3.0,27.0,44.0,24.57,92.03,6.59,110.96,3.0,2.0
18.0,12.0,8.0,12.59,91.82,6.21,119.39,1.0,4.0
118.0,18.0,52.0,28.05,90.83,6.56,20.76,3.0,8.0
118.0,18.0,52.0,28.05,90.83,6.56,20.76,3.0,8.0
80.0,26.0,55.0,24.53,88.99,6.14,49.12,2.0,5.0
21.0,29.0,12.0,22.3,92.16,6.44,117.37,1.0,4.0
37.0,65.0,16.0,22.84,18.97,5.68,63.59,0.0,0.0
100.0,10.0,53.0,24.54,84.61,6.21,42.01,2.0,5.0
14.0,57.0,15.0,29.88,83.15,6.62,40.12,1.0,9.0
29.0,22.0,40.0,23.63,89.73,6.15,107.68,3.0,2.0
119.0,19.0,55.0,25.19,83.45,6.82,46.87,2.0,5.0
32.0,79.0,15.0,23.91,20.75,5.71,81.6,0.0,0.0
39.0,58.0,85.0,17.89,15.41,6.0,68.55,1.0,7.0
114.0,27.0,48.0,27.82,93.04,6.53,26.32,3.0,8.0
27.0,80.0,15.0,19.07,21.21,5.79,86.22,0.0,0.0
4.0,13.0,6.0,15.63,94.26,7.56,101.47,1.0,4.0
23.0,39.0,22.0,29.26,81.98,6.86,42.02,1.0,9.0
21.0,21.0,38.0,22.55,89.33,6.33,104.9,3.0,2.0
22.0,64.0,82.0,19.49,17.17,6.47,87.51,1.0,7.0
28.0,72.0,84.0,18.73,19.18,6.48,71.58,1.0,7.0
51.0,72.0,75.0,18.89,14.99,7.1,80.11,1.0,7.0
99.0,6.0,46.0,28.61,94.22,6.4,28.99,3.0,8.0
28.0,7.0,9.0,34.59,92.13,6.73,115.57,1.0,4.0
36.0,24.0,41.0,24.94,94.26,7.01,103.88,3.0,2.0
96.0,18.0,50.0,25.33,84.31,6.9,41.53,2.0,5.0
89.0,54.0,38.0,24.52,83.54,6.69,230.45,0.0,6.0
12.0,78.0,23.0,16.07,18.72,6.0,88.07,0.0,0.0
95.0,16.0,46.0,27.08,90.14,6.75,24.45,3.0,8.0
82.0,43.0,38.0,23.29,81.43,5.11,242.32,0.0,6.0
53.0,74.0,15.0,29.43,64.94,7.52,72.18,3.0,1.0
57.0,56.0,78.0,17.34,18.76,6.86,67.95,1.0,7.0
4.0,20.0,41.0,24.27,93.8,6.54,104.54,3.0,2.0
4.0,19.0,43.0,18.07,93.15,5.78,106.36,3.0,2.0
58.0,61.0,15.0,30.95,64.23,7.4,62.79,3.0,1.0
107.0,5.0,52.0,26.66,89.98,6.88,57.41,2.0,5.0
88.0,46.0,42.0,22.68,83.46,6.6,194.27,0.0,6.0
30.0,65.0,82.0,20.71,15.28,6.11,76.78,1.0,7.0
33.0,80.0,22.0,28.57,65.72,6.59,70.09,3.0,1.0
7.0,56.0,18.0,18.31,24.33,5.7,76.14,0.0,0.0
20.0,8.0,12.0,25.3,94.96,7.26,117.97,1.0,4.0
28.0,7.0,9.0,34.59,92.13,6.73,115.57,1.0,4.0
20.0,20.0,10.0,11.87,93.68,6.98,106.06,1.0,4.0
82.0,23.0,49.0,26.81,87.22,6.87,51.7,2.0,5.0
29.0,16.0,36.0,19.81,88.93,5.74,102.86,3.0,2.0
5.0,13.0,37.0,22.34,89.79,5.65,103.32,3.0,2.0
36.0,38.0,15.0,28.36,87.6,6.32,58.0,1.0,9.0
10.0,5.0,5.0,21.21,91.35,7.82,112.98,1.0,4.0
1.0,62.0,23.0,15.44,18.37,5.61,139.03,0.0,0.0
37.0,11.0,36.0,24.25,85.56,6.71,106.92,3.0,2.0
7.0,20.0,12.0,16.53,94.77,6.48,110.04,1.0,4.0
32.0,57.0,18.0,15.54,23.76,5.7,107.39,0.0,0.0
5.0,45.0,21.0,28.36,88.01,6.49,43.05,1.0,9.0
9.0,8.0,40.0,22.49,89.92,6.55,111.66,3.0,2.0
29.0,63.0,17.0,30.03,67.89,7.26,66.47,3.0,1.0
83.0,58.0,45.0,25.76,83.52,5.88,245.66,0.0,6.0
54.0,62.0,80.0,17.49,16.39,7.49,79.46,1.0,7.0
42.0,67.0,77.0,18.99,15.94,6.11,78.71,1.0,7.0
84.0,25.0,52.0,24.37,81.25,6.13,44.21,2.0,5.0
14.0,22.0,9.0,17.25,91.14,6.54,112.51,1.0,4.0
29.0,16.0,36.0,19.81,88.93,5.74,102.86,3.0,2.0
19.0,55.0,20.0,27.43,87.81,7.19,54.73,1.0,9.0
81.0,53.0,42.0,23.68,81.04,5.18,233.7,0.0,6.0
31.0,26.0,9.0,11.7,93.26,7.57,103.2,1.0,4.0
120.0,24.0,47.0,26.99,89.41,6.26,58.55,2.0,5.0
13.0,57.0,25.0,28.3,86.21,6.86,50.47,1.0,9.0
9.0,8.0,40.0,22.49,89.92,6.55,111.66,3.0,2.0
9.0,69.0,20.0,19.31,23.96,5.59,129.34,0.0,0.0
101.0,17.0,55.0,24.37,87.13,6.45,44.64,2.0,5.0
47.0,63.0,16.0,27.44,67.1,6.66,72.51,3.0,1.0
29.0,22.0,40.0,23.63,89.73,6.15,107.68,3.0,2.0
57.0,58.0,77.0,18.73,17.58,7.98,81.2,1.0,7.0
39.0,25.0,36.0,18.9,95.0,5.57,107.61,3.0,2.0
27.0,30.0,5.0,32.72,90.55,7.66,113.33,1.0,4.0
25.0,68.0,77.0,20.09,15.11,7.7,85.75,1.0,7.0
61.0,38.0,20.0,18.48,62.7,5.97,65.44,3.0,3.0
117.0,19.0,55.0,28.8,91.78,6.12,25.16,3.0,8.0
43.0,79.0,79.0,19.41,18.98,7.81,80.25,1.0,7.0
24.0,67.0,22.0,20.12,22.9,5.62,104.63,0.0,0.0
81.0,18.0,50.0,26.44,80.92,6.51,47.82,2.0,5.0
19.0,17.0,39.0,24.72,85.56,6.73,111.28,3.0,2.0
20.0,68.0,17.0,30.12,60.12,6.58,71.73,3.0,1.0
29.0,11.0,5.0,23.13,91.95,7.64,104.42,1.0,4.0
120.0,23.0,55.0,27.84,91.61,6.73,26.48,3.0,8.0
98.0,8.0,51.0,26.18,86.52,6.26,49.43,2.0,5.0
9.0,25.0,41.0,24.82,91.91,5.97,109.29,3.0,2.0
61.0,52.0,41.0,24.98,83.89,6.88,204.8,0.0,6.0
14.0,22.0,9.0,17.25,91.14,6.54,112.51,1.0,4.0
90.0,16.0,45.0,24.92,80.62,6.29,50.56,2.0,5.0
87.0,21.0,52.0,27.35,94.29,6.07,27.21,3.0,8.0
15.0,14.0,8.0,10.01,90.22,6.22,119.39,1.0,4.0
6.0,18.0,37.0,19.66,89.94,5.94,108.05,3.0,2.0
100.0,10.0,53.0,24.54,84.61,6.21,42.01,2.0,5.0
95.0,16.0,55.0,25.27,87.55,6.61,40.13,2.0,5.0
58.0,75.0,25.0,25.26,61.37,7.26,68.65,3.0,1.0
5.0,13.0,37.0,22.34,89.79,5.65,103.32,3.0,2.0
85.0,22.0,53.0,25.97,89.77,6.85,59.46,2.0,5.0
20.0,8.0,12.0,25.3,94.96,7.26,117.97,1.0,4.0
40.0,9.0,41.0,24.38,85.4,5.78,106.13,3.0,2.0
77.0,57.0,21.0,24.93,73.8,6.55,79.74,3.0,3.0
82.0,23.0,49.0,26.81,87.22,6.87,51.7,2.0,5.0
81.0,6.0,55.0,24.89,85.87,6.11,51.71,2.0,5.0
34.0,60.0,23.0,20.13,24.97,5.66,100.05,0.0,0.0
84.0,21.0,55.0,28.47,94.79,6.49,21.08,3.0,8.0
2.0,21.0,44.0,18.92,87.31,6.57,102.8,3.0,2.0
98.0,22.0,47.0,29.07,91.92,6.34,28.84,3.0,8.0
23.0,30.0,44.0,20.94,85.43,6.12,103.03,3.0,2.0
32.0,66.0,17.0,34.95,65.27,7.16,70.14,3.0,1.0
60.0,43.0,44.0,21.02,82.95,7.42,298.4,0.0,6.0
10.0,5.0,5.0,21.21,91.35,7.82,112.98,1.0,4.0
90.0,46.0,42.0,23.98,81.45,7.5,250.08,0.0,6.0
24.0,80.0,22.0,16.71,19.18,5.64,96.77,0.0,0.0
39.0,9.0,15.0,25.35,91.81,7.99,116.76,1.0,4.0
6.0,47.0,18.0,29.16,80.28,6.72,40.17,1.0,9.0
11.0,78.0,22.0,23.9,22.74,5.94,112.66,0.0,0.0
60.0,54.0,19.0,18.75,62.5,6.42,70.23,3.0,3.0
111.0,6.0,53.0,26.49,88.59,6.31,46.06,2.0,5.0
27.0,64.0,15.0,20.16,24.84,5.51,138.24,0.0,0.0
89.0,9.0,47.0,29.47,90.77,6.67,28.75,3.0,8.0
34.0,60.0,16.0,31.36,64.25,7.32,63.86,3.0,1.0
23.0,30.0,44.0,20.94,85.43,6.12,103.03,3.0,2.0
84.0,7.0,51.0,26.82,87.66,6.4,55.74,2.0,5.0
66.0,53.0,41.0,25.08,80.52,7.78,257.0,0.0,6.0
95.0,16.0,46.0,27.08,90.14,6.75,24.45,3.0,8.0
0.0,65.0,15.0,23.46,23.22,5.65,95.84,0.0,0.0
109.0,12.0,48.0,29.46,92.13,6.71,20.76,3.0,8.0
120.0,24.0,47.0,26.99,89.41,6.26,58.55,2.0,5.0
5.0,23.0,15.0,25.67,92.05,7.41,112.54,1.0,4.0
114.0,8.0,52.0,29.34,94.55,6.42,28.23,3.0,8.0
60.0,44.0,23.0,24.79,70.05,5.72,76.73,3.0,3.0
71.0,46.0,40.0,20.28,82.12,7.24,191.95,0.0,6.0
16.0,10.0,41.0,24.77,85.64,6.74,105.76,3.0,2.0
87.0,35.0,25.0,21.45,63.16,6.18,65.89,3.0,3.0
6.0,8.0,11.0,24.36,92.4,6.6,119.69,1.0,4.0
98.0,25.0,52.0,25.28,83.15,6.22,49.29,2.0,5.0
37.0,64.0,22.0,17.48,18.83,5.95,121.94,0.0,0.0
66.0,44.0,20.0,19.08,69.02,6.74,80.73,3.0,3.0
34.0,71.0,79.0,17.93,15.86,7.73,74.64,1.0,7.0
98.0,35.0,18.0,23.8,74.83,6.25,91.76,3.0,3.0
39.0,9.0,15.0,25.35,91.81,7.99,116.76,1.0,4.0
13.0,5.0,8.0,23.85,90.11,7.47,103.92,1.0,4.0
9.0,8.0,15.0,14.34,94.36,7.99,110.22,1.0,4.0
20.0,23.0,11.0,31.85,90.12,6.41,109.95,1.0,4.0
36.0,43.0,22.0,27.83,87.17,6.39,58.37,1.0,9.0
19.0,39.0,17.0,29.28,81.8,6.89,44.47,1.0,9.0
32.0,13.0,42.0,23.5,92.98,5.79,106.62,3.0,2.0
31.0,25.0,12.0,18.05,90.04,7.02,111.78,1.0,4.0
9.0,77.0,17.0,20.12,24.45,5.78,106.16,0.0,0.0
34.0,29.0,8.0,31.88,91.15,6.45,105.34,1.0,4.0
97.0,59.0,43.0,26.36,84.04,6.29,271.36,0.0,6.0
5.0,18.0,14.0,33.11,93.48,7.43,119.17,1.0,4.0
9.0,8.0,40.0,22.49,89.92,6.55,111.66,3.0,2.0
3.0,9.0,45.0,23.89,89.62,6.54,104.62,3.0,2.0
93.0,56.0,42.0,23.86,82.23,7.38,195.09,0.0,6.0
36.0,43.0,22.0,27.83,87.17,6.39,58.37,1.0,9.0
114.0,27.0,48.0,27.82,93.04,6.53,26.32,3.0,8.0
101.0,17.0,47.0,29.49,94.73,6.19,26.31,3.0,8.0
120.0,8.0,46.0,29.56,90.71,6.73,28.37,3.0,8.0
28.0,35.0,22.0,29.53,86.73,7.16,59.87,1.0,9.0
4.0,40.0,21.0,28.8,80.46,6.73,44.3,1.0,9.0
98.0,8.0,51.0,26.18,86.52,6.26,49.43,2.0,5.0
21.0,38.0,21.0,29.76,86.45,6.64,37.55,1.0,9.0
48.0,62.0,15.0,25.37,66.64,7.54,65.82,3.0,1.0
92.0,7.0,48.0,26.28,86.63,6.96,54.39,2.0,5.0
66.0,44.0,20.0,19.08,69.02,6.74,80.73,3.0,3.0
74.0,58.0,18.0,20.04,56.36,6.73,109.02,3.0,3.0
88.0,29.0,51.0,24.72,88.95,6.1,48.46,2.0,5.0
28.0,68.0,19.0,34.64,61.39,7.7,72.43,3.0,1.0
89.0,54.0,38.0,24.52,83.54,6.69,230.45,0.0,6.0
104.0,23.0,47.0,26.98,86.7,6.77,42.91,2.0,5.0
18.0,79.0,20.0,20.28,23.24,5.88,139.75,0.0,0.0
8.0,16.0,6.0,12.23,90.26,7.11,108.42,1.0,4.0
14.0,25.0,40.0,20.07,90.98,6.41,103.71,3.0,2.0
4.0,14.0,41.0,19.85,89.81,6.43,102.82,3.0,2.0
57.0,68.0,81.0,17.17,17.3,8.08,72.79,1.0,7.0
39.0,71.0,84.0,20.28,16.4,8.14,82.52,1.0,7.0
40.0,18.0,43.0,19.39,86.79,5.77,109.91,3.0,2.0
5.0,18.0,14.0,33.11,93.48,7.43,119.17,1.0,4.0
19.0,17.0,39.0,24.72,85.56,6.73,111.28,3.0,2.0
91.0,24.0,55.0,26.27,83.09,6.26,46.77,2.0,5.0
111.0,6.0,53.0,26.49,88.59,6.31,46.06,2.0,5.0
34.0,21.0,42.0,18.76,89.93,6.65,111.02,3.0,2.0
27.0,76.0,83.0,19.13,14.92,6.29,89.62,1.0,7.0
14.0,8.0,43.0,21.93,94.46,7.05,111.72,3.0,2.0
21.0,6.0,41.0,24.88,89.4,7.09,107.2,3.0,2.0
17.0,52.0,17.0,27.88,86.45,6.36,44.64,1.0,9.0
27.0,63.0,19.0,20.93,21.19,5.56,133.19,0.0,0.0
10.0,5.0,42.0,20.24,91.09,6.89,109.25,3.0,2.0
113.0,30.0,50.0,26.04,83.99,6.28,43.88,2.0,5.0
57.0,68.0,81.0,17.17,17.3,8.08,72.79,1.0,7.0
81.0,49.0,20.0,18.04,60.61,5.51,104.23,3.0,3.0
89.0,60.0,19.0,25.19,66.69,5.91,78.07,3.0,3.0
47.0,79.0,78.0,17.48,14.76,6.61,65.11,1.0,7.0
98.0,7.0,45.0,27.79,92.51,6.16,26.85,3.0,8.0
16.0,15.0,42.0,19.68,89.09,6.89,108.55,3.0,2.0
115.0,18.0,53.0,29.17,94.2,6.01,22.07,3.0,8.0
98.0,26.0,49.0,27.29,90.53,6.13,23.5,3.0,8.0
41.0,69.0,82.0,20.02,16.63,6.72,68.98,1.0,7.0
114.0,8.0,52.0,29.34,94.55,6.42,28.23,3.0,8.0
20.0,40.0,15.0,29.57,88.08,7.2,45.04,1.0,9.0
37.0,18.0,12.0,10.27,90.19,7.4,106.7,1.0,4.0
21.0,78.0,19.0,27.16,66.76,6.92,69.85,3.0,1.0
18.0,14.0,11.0,28.05,90.01,6.55,117.13,1.0,4.0
34.0,71.0,79.0,17.93,15.86,7.73,74.64,1.0,7.0
101.0,17.0,47.0,29.49,94.73,6.19,26.31,3.0,8.0
44.0,74.0,85.0,20.19,19.64,7.15,78.26,1.0,7.0
20.0,7.0,45.0,18.91,89.24,6.08,112.48,3.0,2.0
119.0,9.0,50.0,26.75,83.92,6.25,40.79,2.0,5.0
37.0,18.0,12.0,10.27,90.19,7.4,106.7,1.0,4.0
20.0,79.0,77.0,18.55,16.03,7.65,76.33,1.0,7.0
62.0,48.0,20.0,21.7,60.47,6.71,95.71,3.0,3.0
49.0,76.0,18.0,27.05,67.7,7.39,60.47,3.0,1.0
67.0,45.0,38.0,22.73,82.17,7.3,260.89,0.0,6.0
34.0,47.0,19.0,27.31,85.45,6.57,53.15,1.0,9.0
16.0,7.0,8.0,22.79,90.61,6.42,116.51,1.0,4.0
87.0,6.0,45.0,29.83,90.79,6.4,22.84,3.0,8.0
87.0,60.0,23.0,20.27,63.91,6.44,62.5,3.0,3.0
98.0,25.0,52.0,25.28,83.15,6.22,49.29,2.0,5.0
3.0,67.0,24.0,17.0,19.91,5.52,103.29,0.0,0.0
30.0,20.0,38.0,22.6,93.16,7.06,110.09,3.0,2.0
39.0,71.0,84.0,20.28,16.4,8.14,82.52,1.0,7.0
114.0,8.0,50.0,24.75,88.31,6.58,57.96,2.0,5.0
21.0,72.0,17.0,31.52,66.56,7.58,61.71,3.0,1.0
21.0,63.0,17.0,15.77,19.23,5.98,108.34,0.0,0.0
20.0,41.0,20.0,29.27,89.49,7.07,50.92,1.0,9.0
95.0,21.0,47.0,27.93,93.56,6.43,20.66,3.0,8.0
32.0,18.0,13.0,13.84,91.75,6.04,107.99,1.0,4.0
67.0,51.0,24.0,23.5,61.32,5.58,64.78,3.0,3.0
13.0,22.0,5.0,19.67,90.5,7.76,100.17,1.0,4.0
100.0,18.0,52.0,26.2,80.38,6.88,56.48,2.0,5.0
29.0,70.0,15.0,30.33,63.55,6.87,74.17,3.0,1.0
88.0,55.0,45.0,24.64,80.41,7.73,253.72,0.0,6.0
114.0,8.0,50.0,24.75,88.31,6.58,57.96,2.0,5.0
11.0,71.0,24.0,21.14,22.72,5.61,141.61,0.0,0.0
49.0,55.0,78.0,18.66,16.18,7.86,81.71,1.0,7.0
90.0,23.0,54.0,28.56,90.46,6.16,27.27,3.0,8.0
85.0,9.0,53.0,28.21,92.87,6.45,28.79,3.0,8.0
100.0,18.0,52.0,26.2,80.38,6.88,56.48,2.0,5.0
36.0,38.0,15.0,28.36,87.6,6.32,58.0,1.0,9.0
14.0,48.0,21.0,29.25,84.8,6.99,53.43,1.0,9.0
24.0,56.0,85.0,18.2,17.41,6.55,80.64,1.0,7.0
19.0,7.0,10.0,14.78,91.22,6.12,100.2,1.0,4.0
97.0,22.0,50.0,26.26,86.15,6.77,58.98,2.0,5.0
3.0,9.0,45.0,23.89,89.62,6.54,104.62,3.0,2.0
93.0,53.0,38.0,26.93,81.91,7.07,290.68,0.0,6.0
9.0,10.0,10.0,22.36,93.52,6.01,101.52,1.0,4.0
11.0,46.0,24.0,27.65,89.81,6.46,56.53,1.0,9.0
85.0,58.0,41.0,21.77,80.32,7.04,226.66,0.0,6.0
29.0,68.0,23.0,24.16,19.28,5.83,116.73,0.0,0.0
2.0,24.0,38.0,24.56,91.64,5.92,111.97,3.0,2.0
52.0,73.0,79.0,17.26,18.75,7.84,94.0,1.0,7.0
14.0,8.0,43.0,21.93,94.46,7.05,111.72,3.0,2.0
20.0,27.0,41.0,20.51,92.52,5.7,110.58,3.0,2.0
69.0,37.0,42.0,23.06,83.37,7.07,251.05,0.0,6.0
53.0,73.0,77.0,19.71,18.1,7.33,73.64,1.0,7.0
23.0,72.0,84.0,19.02,17.13,6.92,79.93,1.0,7.0
15.0,6.0,41.0,19.01,88.84,6.9,108.68,3.0,2.0
26.0,15.0,6.0,17.22,94.79,6.91,108.01,1.0,4.0
9.0,57.0,24.0,29.89,89.72,7.17,42.99,1.0,9.0
14.0,8.0,43.0,21.93,94.46,7.05,111.72,3.0,2.0
20.0,79.0,77.0,18.55,16.03,7.65,76.33,1.0,7.0
60.0,43.0,44.0,21.02,82.95,7.42,298.4,0.0,6.0
17.0,16.0,14.0,16.4,92.18,6.63,102.94,1.0,4.0
67.0,43.0,39.0,26.04,84.97,6.0,186.75,0.0,6.0
4.0,13.0,6.0,15.63,94.26,7.56,101.47,1.0,4.0
1.0,48.0,24.0,29.35,85.6,6.23,59.04,1.0,9.0
22.0,60.0,85.0,18.84,14.74,6.81,94.78,1.0,7.0
95.0,26.0,45.0,29.92,94.56,6.12,28.16,3.0,8.0
21.0,63.0,22.0,25.1,67.73,6.86,74.62,3.0,1.0
63.0,42.0,21.0,23.26,72.33,5.8,67.1,3.0,3.0
52.0,60.0,79.0,19.45,18.23,8.38,75.63,1.0,7.0
14.0,8.0,43.0,21.93,94.46,7.05,111.72,3.0,2.0
6.0,18.0,37.0,19.66,89.94,5.94,108.05,3.0,2.0
57.0,58.0,77.0,18.73,17.58,7.98,81.2,1.0,7.0
27.0,76.0,83.0,19.13,14.92,6.29,89.62,1.0,7.0
25.0,70.0,16.0,19.63,18.91,5.76,106.36,0.0,0.0
9.0,16.0,39.0,18.41,91.12,6.1,105.18,3.0,2.0
25.0,17.0,40.0,18.91,87.75,6.61,111.28,3.0,2.0
10.0,5.0,42.0,20.24,91.09,6.89,109.25,3.0,2.0
22.0,78.0,76.0,17.85,19.09,8.62,76.32,1.0,7.0
74.0,35.0,40.0,26.49,80.16,6.98,242.86,0.0,6.0
22.0,64.0,82.0,19.49,17.17,6.47,87.51,1.0,7.0
95.0,12.0,46.0,26.22,81.01,6.32,54.65,2.0,5.0
90.0,16.0,45.0,24.92,80.62,6.29,50.56,2.0,5.0
91.0,24.0,55.0,26.27,83.09,6.26,46.77,2.0,5.0
115.0,12.0,52.0,27.51,94.96,6.69,21.02,3.0,8.0
37.0,18.0,12.0,10.27,90.19,7.4,106.7,1.0,4.0
112.0,25.0,51.0,25.05,85.57,6.93,56.72,2.0,5.0
24.0,44.0,17.0,29.86,80.03,6.67,50.66,1.0,9.0
22.0,72.0,85.0,18.87,15.66,6.39,88.51,1.0,7.0
8.0,45.0,18.0,27.93,85.42,7.01,43.25,1.0,9.0
81.0,25.0,49.0,29.87,93.25,6.08,26.26,3.0,8.0
19.0,17.0,39.0,24.72,85.56,6.73,111.28,3.0,2.0
47.0,80.0,77.0,17.18,16.43,7.56,72.85,1.0,7.0
95.0,16.0,46.0,27.08,90.14,6.75,24.45,3.0,8.0
25.0,76.0,17.0,31.74,68.64,7.24,62.31,3.0,1.0
24.0,30.0,11.0,32.4,94.52,6.6,113.25,1.0,4.0
60.0,44.0,23.0,24.79,70.05,5.72,76.73,3.0,3.0
33.0,15.0,7.0,15.83,91.68,7.65,109.76,1.0,4.0
12.0,78.0,23.0,16.07,18.72,6.0,88.07,0.0,0.0
35.0,69.0,23.0,16.79,24.97,5.58,75.45,0.0,0.0
30.0,44.0,16.0,29.73,82.89,6.44,50.92,1.0,9.0
13.0,69.0,19.0,17.31,20.02,5.86,115.2,0.0,0.0
55.0,67.0,16.0,34.37,69.69,6.6,70.27,3.0,1.0
91.0,7.0,52.0,25.08,83.46,6.41,56.4,2.0,5.0
60.0,55.0,45.0,21.41,83.33,5.94,287.58,0.0,6.0
37.0,23.0,12.0,31.53,90.51,6.4,113.12,1.0,4.0
37.0,50.0,23.0,29.65,88.49,6.53,56.02,1.0,9.0
83.0,22.0,54.0,25.9,81.97,6.28,54.5,2.0,5.0
104.0,25.0,55.0,29.81,90.37,6.12,22.69,3.0,8.0
4.0,41.0,20.0,28.15,83.8,6.65,37.45,1.0,9.0
27.0,76.0,83.0,19.13,14.92,6.29,89.62,1.0,7.0
74.0,56.0,22.0,18.28,66.66,6.83,80.98,3.0,3.0
19.0,39.0,17.0,29.28,81.8,6.89,44.47,1.0,9.0
98.0,7.0,45.0,27.79,92.51,6.16,26.85,3.0,8.0
23.0,5.0,44.0,21.21,94.26,7.16,107.57,3.0,2.0
73.0,58.0,21.0,19.97,57.68,6.6,60.65,3.0,3.0
0.0,65.0,15.0,23.46,23.22,5.65,95.84,0.0,0.0
61.0,60.0,15.0,24.88,68.74,6.27,91.26,3.0,3.0
110.0,25.0,54.0,28.91,90.78,6.43,23.44,3.0,8.0
63.0,43.0,19.0,18.52,55.53,6.64,90.99,3.0,3.0
6.0,30.0,40.0,22.77,91.45,6.36,106.97,3.0,2.0
40.0,22.0,6.0,24.54,91.91,6.49,115.98,1.0,4.0
93.0,56.0,36.0,24.01,82.06,6.98,185.28,0.0,6.0
34.0,29.0,8.0,31.88,91.15,6.45,105.34,1.0,4.0
89.0,45.0,36.0,21.33,80.47,6.44,185.5,0.0,6.0
27.0,72.0,23.0,19.93,21.8,5.96,64.03,0.0,0.0
2.0,24.0,38.0,24.56,91.64,5.92,111.97,3.0,2.0
118.0,18.0,52.0,28.05,90.83,6.56,20.76,3.0,8.0
114.0,21.0,55.0,25.44,87.94,6.47,57.52,2.0,5.0
0.0,55.0,22.0,22.99,20.58,5.92,143.86,0.0,0.0
72.0,45.0,35.0,25.43,82.95,5.76,195.36,0.0,6.0
31.0,58.0,15.0,27.11,84.97,7.12,51.53,1.0,9.0
80.0,18.0,51.0,28.05,91.82,6.71,20.77,3.0,8.0
33.0,15.0,7.0,15.83,91.68,7.65,109.76,1.0,4.0
117.0,27.0,48.0,26.53,82.39,6.84,54.31,2.0,5.0
78.0,37.0,22.0,25.34,63.32,6.33,74.52,3.0,3.0
22.0,17.0,5.0,24.12,90.72,6.95,102.84,1.0,4.0
49.0,55.0,78.0,18.66,16.18,7.86,81.71,1.0,7.0
83.0,22.0,54.0,25.9,81.97,6.28,54.5,2.0,5.0
104.0,25.0,51.0,28.96,93.88,6.47,23.56,3.0,8.0
114.0,27.0,48.0,27.82,93.04,6.53,26.32,3.0,8.0
15.0,9.0,11.0,11.55,94.15,7.91,108.83,1.0,4.0
81.0,41.0,38.0,22.68,83.73,7.52,200.91,0.0,6.0
31.0,37.0,21.0,27.24,86.4,6.71,37.31,1.0,9.0
31.0,25.0,12.0,18.05,90.04,7.02,111.78,1.0,4.0
22.0,72.0,85.0,18.87,15.66,6.39,88.51,1.0,7.0
107.0,10.0,49.0,25.83,89.0,6.76,45.25,2.0,5.0
107.0,22.0,54.0,28.0,90.85,6.63,21.62,3.0,8.0
95.0,30.0,52.0,29.48,90.34,6.64,26.04,3.0,8.0
23.0,70.0,15.0,34.6,63.11,7.4,60.42,3.0,1.0
78.0,35.0,44.0,26.54,84.67,7.07,183.62,0.0,6.0
91.0,50.0,40.0,20.82,84.13,6.46,230.22,0.0,6.0
5.0,65.0,16.0,21.33,18.49,5.87,109.1,0.0,0.0
81.0,45.0,35.0,26.53,80.12,6.16,218.92,0.0,6.0
85.0,9.0,53.0,28.21,92.87,6.45,28.79,3.0,8.0
86.0,37.0,16.0,20.52,59.21,5.56,67.61,3.0,3.0
114.0,8.0,50.0,24.75,88.31,6.58,57.96,2.0,5.0
66.0,53.0,41.0,25.08,80.52,7.78,257.0,0.0,6.0
22.0,55.0,20.0,33.95,69.96,7.42,61.16,3.0,1.0
100.0,6.0,53.0,29.05,93.92,6.11,23.67,3.0,8.0
36.0,38.0,15.0,28.36,87.6,6.32,58.0,1.0,9.0
5.0,15.0,38.0,18.26,88.17,5.71,108.08,3.0,2.0
35.0,57.0,83.0,19.48,17.45,7.48,80.5,1.0,7.0
103.0,16.0,49.0,24.07,81.64,6.92,51.75,2.0,5.0
105.0,14.0,50.0,26.21,87.69,6.42,59.66,2.0,5.0
63.0,35.0,16.0,22.03,65.36,6.27,83.73,3.0,3.0
19.0,39.0,17.0,29.28,81.8,6.89,44.47,1.0,9.0
55.0,78.0,21.0,33.39,62.94,6.6,63.57,3.0,1.0
120.0,23.0,55.0,27.84,91.61,6.73,26.48,3.0,8.0
11.0,46.0,24.0,27.65,89.81,6.46,56.53,1.0,9.0
27.0,73.0,79.0,19.16,15.84,7.35,82.7,1.0,7.0
61.0,52.0,41.0,24.98,83.89,6.88,204.8,0.0,6.0
32.0,57.0,18.0,15.54,23.76,5.7,107.39,0.0,0.0
4.0,20.0,41.0,24.27,93.8,6.54,104.54,3.0,2.0
117.0,30.0,50.0,24.9,87.21,6.74,46.59,2.0,5.0
27.0,69.0,22.0,17.92,24.91,5.93,69.15,0.0,0.0
53.0,73.0,77.0,19.71,18.1,7.33,73.64,1.0,7.0
29.0,36.0,25.0,28.29,88.44,7.13,48.57,1.0,9.0
57.0,58.0,77.0,18.73,17.58,7.98,81.2,1.0,7.0
102.0,11.0,45.0,29.03,93.13,6.36,24.16,3.0,8.0
99.0,50.0,15.0,18.15,71.09,5.57,88.08,3.0,3.0
88.0,5.0,47.0,25.86,86.67,6.66,41.17,2.0,5.0
13.0,30.0,37.0,20.86,91.62,6.28,106.87,3.0,2.0
99.0,38.0,21.0,22.88,71.6,6.35,67.73,3.0,3.0
106.0,20.0,51.0,29.73,90.97,6.34,20.49,3.0,8.0
19.0,65.0,25.0,18.1,18.29,5.63,144.79,0.0,0.0
22.0,71.0,17.0,18.15,19.39,5.51,107.69,0.0,0.0
70.0,36.0,42.0,21.84,80.73,6.95,202.38,0.0,6.0
20.0,79.0,77.0,18.55,16.03,7.65,76.33,1.0,7.0
94.0,53.0,40.0,20.28,82.89,5.72,241.97,0.0,6.0
8.0,54.0,20.0,28.33,80.77,7.03,38.8,1.0,9.0
113.0,6.0,52.0,27.76,90.36,6.74,25.22,3.0,8.0
95.0,55.0,42.0,26.8,82.15,5.95,193.35,0.0,6.0
37.0,24.0,13.0,19.14,90.71,7.85,108.02,1.0,4.0
15.0,6.0,41.0,19.01,88.84,6.9,108.68,3.0,2.0
95.0,12.0,51.0,25.76,84.17,6.68,44.22,2.0,5.0
97.0,22.0,50.0,26.26,86.15,6.77,58.98,2.0,5.0
32.0,18.0,13.0,13.84,91.75,6.04,107.99,1.0,4.0
99.0,50.0,15.0,18.15,71.09,5.57,88.08,3.0,3.0
41.0,78.0,21.0,25.2,60.37,6.58,70.89,3.0,1.0
120.0,25.0,50.0,28.05,94.82,6.33,21.85,3.0,8.0
101.0,25.0,52.0,29.1,94.22,6.75,22.52,3.0,8.0
20.0,68.0,23.0,25.55,63.95,7.71,63.18,3.0,1.0
26.0,11.0,11.0,13.7,90.96,7.61,106.29,1.0,4.0
25.0,76.0,24.0,15.33,24.92,5.57,135.33,0.0,0.0
95.0,13.0,46.0,29.84,93.76,6.13,23.28,3.0,8.0
6.0,7.0,7.0,27.68,94.47,7.2,114.0,1.0,4.0
0.0,25.0,14.0,19.34,91.98,6.36,116.45,1.0,4.0
1.0,17.0,6.0,10.79,91.38,6.82,117.53,1.0,4.0
40.0,51.0,17.0,28.66,86.12,6.86,50.02,1.0,9.0
2.0,38.0,18.0,27.54,89.93,6.62,45.49,1.0,9.0
20.0,72.0,19.0,32.48,64.35,7.4,65.82,3.0,1.0
70.0,36.0,42.0,21.84,80.73,6.95,202.38,0.0,6.0
52.0,56.0,85.0,20.12,14.44,6.82,88.68,1.0,7.0
13.0,8.0,12.0,25.16,92.55,7.11,114.31,1.0,4.0
32.0,25.0,35.0,18.1,85.71,5.89,107.01,3.0,2.0
88.0,29.0,51.0,24.72,88.95,6.1,48.46,2.0,5.0
20.0,8.0,12.0,25.3,94.96,7.26,117.97,1.0,4.0
20.0,68.0,23.0,25.55,63.95,7.71,63.18,3.0,1.0
31.0,75.0,18.0,15.47,21.44,5.82,88.89,0.0,0.0
84.0,44.0,21.0,21.87,61.91,5.85,107.27,3.0,3.0
39.0,30.0,38.0,20.13,87.6,6.97,108.07,3.0,2.0
59.0,63.0,18.0,31.66,60.13,6.53,66.69,3.0,1.0
27.0,56.0,20.0,19.26,20.51,5.54,94.95,0.0,0.0
12.0,78.0,23.0,16.07,18.72,6.0,88.07,0.0,0.0
61.0,52.0,41.0,24.98,83.89,6.88,204.8,0.0,6.0
83.0,15.0,49.0,28.93,91.39,6.44,23.2,3.0,8.0
99.0,29.0,55.0,29.19,91.46,6.66,26.48,3.0,8.0
55.0,60.0,15.0,32.8,68.78,7.16,64.11,3.0,1.0
10.0,5.0,5.0,21.21,91.35,7.82,112.98,1.0,4.0
95.0,23.0,45.0,27.82,90.57,6.27,21.19,3.0,8.0
40.0,58.0,75.0,18.59,14.78,6.17,89.61,1.0,7.0
27.0,62.0,77.0,18.2,14.71,6.58,70.18,1.0,7.0
43.0,68.0,81.0,17.48,17.93,6.76,78.92,1.0,7.0
9.0,16.0,39.0,18.41,91.12,6.1,105.18,3.0,2.0
29.0,16.0,36.0,19.81,88.93,5.74,102.86,3.0,2.0
12.0,8.0,10.0,16.15,91.44,8.0,107.43,1.0,4.0
57.0,68.0,81.0,17.17,17.3,8.08,72.79,1.0,7.0
28.0,46.0,16.0,29.01,84.96,6.66,45.91,1.0,9.0
57.0,57.0,75.0,17.09,18.25,7.79,87.27,1.0,7.0
82.0,22.0,45.0,26.22,85.35,6.51,54.6,2.0,5.0
32.0,56.0,21.0,27.39,88.67,6.7,58.3,1.0,9.0
31.0,58.0,15.0,27.11,84.97,7.12,51.53,1.0,9.0
88.0,17.0,52.0,29.9,90.75,6.65,25.38,3.0,8.0
53.0,73.0,77.0,19.71,18.1,7.33,73.64,1.0,7.0
73.0,57.0,41.0,21.45,84.94,5.82,272.2,0.0,6.0
59.0,60.0,84.0,19.03,18.67,7.69,94.71,1.0,7.0
70.0,36.0,42.0,21.84,80.73,6.95,202.38,0.0,6.0
49.0,69.0,82.0,18.32,15.36,6.26,81.79,1.0,7.0
5.0,59.0,15.0,18.87,20.18,5.97,134.18,0.0,0.0
43.0,79.0,79.0,19.41,18.98,7.81,80.25,1.0,7.0
98.0,53.0,38.0,20.27,81.64,5.01,270.44,0.0,6.0
34.0,60.0,23.0,20.13,24.97,5.66,100.05,0.0,0.0
13.0,7.0,43.0,18.2,91.12,7.01,109.66,3.0,2.0
18.0,5.0,11.0,20.88,90.94,6.25,102.46,1.0,4.0
25.0,27.0,41.0,19.2,94.28,6.92,108.04,3.0,2.0
97.0,36.0,45.0,22.23,81.86,6.94,278.08,0.0,6.0
109.0,26.0,45.0,28.28,90.39,6.22,21.59,3.0,8.0
9.0,48.0,22.0,27.77,87.1,6.4,49.51,1.0,9.0
91.0,13.0,47.0,29.11,92.44,6.14,27.96,3.0,8.0
101.0,17.0,55.0,24.37,87.13,6.45,44.64,2.0,5.0
8.0,28.0,37.0,23.88,86.21,6.08,108.31,3.0,2.0
93.0,22.0,48.0,29.13,91.52,6.78,21.9,3.0,8.0
56.0,76.0,16.0,28.27,61.19,7.51,63.3,3.0,1.0
49.0,69.0,82.0,18.32,15.36,6.26,81.79,1.0,7.0
25.0,78.0,76.0,17.48,15.76,7.23,66.97,1.0,7.0
87.0,54.0,20.0,25.62,63.47,6.58,108.83,3.0,3.0
98.0,7.0,45.0,27.79,92.51,6.16,26.85,3.0,8.0
61.0,44.0,17.0,26.1,71.57,6.93,102.27,3.0,3.0
25.0,63.0,20.0,15.79,21.15,5.5,95.17,0.0,0.0
101.0,25.0,52.0,29.1,94.22,6.75,22.52,3.0,8.0
69.0,37.0,42.0,23.06,83.37,7.07,251.05,0.0,6.0
95.0,12.0,46.0,26.22,81.01,6.32,54.65,2.0,5.0
62.0,48.0,20.0,21.7,60.47,6.71,95.71,3.0,3.0
100.0,17.0,48.0,29.73,94.3,6.37,26.52,3.0,8.0
114.0,8.0,52.0,29.34,94.55,6.42,28.23,3.0,8.0
9.0,11.0,8.0,24.86,94.39,6.56,111.78,1.0,4.0
22.0,78.0,76.0,17.85,19.09,8.62,76.32,1.0,7.0
90.0,44.0,38.0,23.84,83.88,7.47,241.2,0.0,6.0
78.0,58.0,15.0,25.01,67.82,6.53,62.91,3.0,3.0
37.0,72.0,18.0,18.88,24.54,5.72,105.41,0.0,0.0
89.0,54.0,38.0,24.52,83.54,6.69,230.45,0.0,6.0
83.0,57.0,19.0,25.73,70.75,6.88,98.74,3.0,3.0
18.0,5.0,11.0,20.88,90.94,6.25,102.46,1.0,4.0
37.0,6.0,13.0,26.03,91.51,7.51,101.28,1.0,4.0
9.0,8.0,40.0,22.49,89.92,6.55,111.66,3.0,2.0
11.0,61.0,21.0,18.62,23.02,5.53,135.34,0.0,0.0
19.0,78.0,16.0,20.65,23.11,5.97,67.72,0.0,0.0
36.0,55.0,20.0,27.01,84.34,6.64,55.3,1.0,9.0
58.0,70.0,84.0,20.65,16.61,6.23,74.66,1.0,7.0
98.0,26.0,49.0,27.29,90.53,6.13,23.5,3.0,8.0
49.0,71.0,76.0,19.71,17.64,6.61,85.58,1.0,7.0
78.0,40.0,38.0,26.46,83.86,7.55,248.23,0.0,6.0
55.0,78.0,21.0,33.39,62.94,6.6,63.57,3.0,1.0
72.0,60.0,25.0,18.53,69.03,5.77,88.1,3.0,3.0
42.0,67.0,77.0,18.99,15.94,6.11,78.71,1.0,7.0
23.0,5.0,44.0,21.21,94.26,7.16,107.57,3.0,2.0
24.0,18.0,6.0,26.57,94.45,6.29,116.38,1.0,4.0
19.0,39.0,17.0,29.28,81.8,6.89,44.47,1.0,9.0
25.0,70.0,16.0,19.63,18.91,5.76,106.36,0.0,0.0
5.0,45.0,21.0,28.36,88.01,6.49,43.05,1.0,9.0
86.0,37.0,16.0,20.52,59.21,5.56,67.61,3.0,3.0
89.0,45.0,36.0,21.33,80.47,6.44,185.5,0.0,6.0
42.0,79.0,23.0,27.72,63.29,6.78,68.57,3.0,1.0
28.0,72.0,84.0,18.73,19.18,6.48,71.58,1.0,7.0
36.0,24.0,41.0,24.94,94.26,7.01,103.88,3.0,2.0
14.0,41.0,17.0,29.13,88.48,7.09,36.45,1.0,9.0
60.0,68.0,83.0,19.12,18.43,6.62,85.53,1.0,7.0
36.0,24.0,41.0,24.94,94.26,7.01,103.88,3.0,2.0
60.0,36.0,43.0,23.43,83.06,5.29,219.9,0.0,6.0
77.0,58.0,19.0,22.81,56.51,5.79,101.6,3.0,3.0
29.0,22.0,43.0,19.66,87.95,5.56,106.04,3.0,2.0
21.0,39.0,20.0,28.14,82.12,7.06,46.76,1.0,9.0
95.0,16.0,46.0,27.08,90.14,6.75,24.45,3.0,8.0
85.0,21.0,47.0,29.87,90.61,6.19,24.7,3.0,8.0
107.0,10.0,49.0,25.83,89.0,6.76,45.25,2.0,5.0
5.0,45.0,21.0,28.36,88.01,6.49,43.05,1.0,9.0
28.0,58.0,24.0,19.73,18.28,5.75,143.76,0.0,0.0
28.0,58.0,81.0,17.48,16.54,6.18,93.35,1.0,7.0
12.0,6.0,8.0,30.85,92.87,6.39,107.41,1.0,4.0
93.0,58.0,38.0,20.62,83.77,6.93,279.55,0.0,6.0
13.0,30.0,37.0,20.86,91.62,6.28,106.87,3.0,2.0
109.0,21.0,55.0,24.9,89.74,6.77,57.45,2.0,5.0
112.0,25.0,51.0,25.05,85.57,6.93,56.72,2.0,5.0
30.0,75.0,81.0,19.42,16.81,6.41,68.52,1.0,7.0
26.0,11.0,11.0,13.7,90.96,7.61,106.29,1.0,4.0
74.0,43.0,23.0,25.95,61.89,6.33,99.58,3.0,3.0
35.0,64.0,78.0,17.93,14.27,7.5,85.37,1.0,7.0
90.0,49.0,21.0,24.84,68.36,6.47,74.05,3.0,3.0
73.0,58.0,21.0,19.97,57.68,6.6,60.65,3.0,3.0
37.0,55.0,82.0,19.46,18.02,6.42,78.45,1.0,7.0
4.0,41.0,20.0,28.15,83.8,6.65,37.45,1.0,9.0
29.0,22.0,40.0,23.63,89.73,6.15,107.68,3.0,2.0
22.0,72.0,85.0,18.87,15.66,6.39,88.51,1.0,7.0
99.0,36.0,20.0,20.58,65.35,6.67,78.35,3.0,3.0
25.0,70.0,16.0,19.63,18.91,5.76,106.36,0.0,0.0
95.0,12.0,46.0,26.22,81.01,6.32,54.65,2.0,5.0
57.0,73.0,85.0,18.49,14.72,7.36,91.95,1.0,7.0
36.0,55.0,20.0,27.01,84.34,6.64,55.3,1.0,9.0
118.0,18.0,52.0,28.05,90.83,6.56,20.76,3.0,8.0
89.0,25.0,54.0,24.69,85.57,6.35,48.99,2.0,5.0
27.0,63.0,19.0,20.93,21.19,5.56,133.19,0.0,0.0
95.0,52.0,36.0,26.23,83.84,5.54,286.51,0.0,6.0
34.0,76.0,80.0,20.66,15.85,7.99,65.24,1.0,7.0
30.0,65.0,82.0,20.71,15.28,6.11,76.78,1.0,7.0
11.0,72.0,20.0,19.52,24.93,5.95,113.33,0.0,0.0
5.0,74.0,21.0,16.24,21.36,5.59,66.97,0.0,0.0
7.0,79.0,23.0,19.64,19.69,5.82,96.66,0.0,0.0
110.0,7.0,45.0,26.64,84.7,6.19,48.32,2.0,5.0
7.0,63.0,24.0,22.95,24.04,5.86,107.73,0.0,0.0
67.0,45.0,38.0,22.73,82.17,7.3,260.89,0.0,6.0
49.0,69.0,82.0,18.32,15.36,6.26,81.79,1.0,7.0
20.0,60.0,78.0,18.17,14.7,6.36,90.78,1.0,7.0
108.0,23.0,51.0,26.84,83.85,6.11,40.23,2.0,5.0
40.0,21.0,8.0,34.91,92.88,7.42,102.19,1.0,4.0
84.0,18.0,46.0,27.09,93.42,6.78,25.32,3.0,8.0
40.0,78.0,20.0,19.19,20.83,5.67,80.15,0.0,0.0
85.0,25.0,47.0,26.11,87.64,6.3,58.48,2.0,5.0
39.0,28.0,10.0,31.35,91.48,7.18,109.15,1.0,4.0
50.0,56.0,76.0,21.0,19.86,7.97,73.51,1.0,7.0
2.0,61.0,20.0,22.14,23.02,5.96,76.64,0.0,0.0
98.0,7.0,45.0,27.79,92.51,6.16,26.85,3.0,8.0
21.0,23.0,42.0,19.54,90.3,6.9,104.37,3.0,2.0
85.0,25.0,47.0,26.11,87.64,6.3,58.48,2.0,5.0
104.0,17.0,46.0,25.71,80.23,6.19,43.09,2.0,5.0
4.0,19.0,42.0,23.83,87.84,6.31,111.22,3.0,2.0
20.0,60.0,78.0,18.17,14.7,6.36,90.78,1.0,7.0
27.0,69.0,22.0,17.92,24.91,5.93,69.15,0.0,0.0
5.0,65.0,16.0,21.33,18.49,5.87,109.1,0.0,0.0
97.0,8.0,52.0,24.91,86.97,6.24,49.49,2.0,5.0
19.0,65.0,25.0,18.1,18.29,5.63,144.79,0.0,0.0
83.0,57.0,19.0,25.73,70.75,6.88,98.74,3.0,3.0
95.0,16.0,46.0,27.08,90.14,6.75,24.45,3.0,8.0
24.0,67.0,22.0,20.12,22.9,5.62,104.63,0.0,0.0
9.0,69.0,20.0,19.31,23.96,5.59,129.34,0.0,0.0
77.0,36.0,23.0,24.71,56.73,6.65,88.45,3.0,3.0
110.0,25.0,54.0,28.91,90.78,6.43,23.44,3.0,8.0
8.0,54.0,20.0,28.33,80.77,7.03,38.8,1.0,9.0
49.0,76.0,18.0,27.05,67.7,7.39,60.47,3.0,1.0
94.0,54.0,17.0,23.39,61.74,5.87,107.32,3.0,3.0
87.0,6.0,45.0,29.83,90.79,6.4,22.84,3.0,8.0
7.0,16.0,9.0,18.88,92.04,7.81,114.67,1.0,4.0
30.0,75.0,81.0,19.42,16.81,6.41,68.52,1.0,7.0
13.0,47.0,20.0,29.22,87.94,6.54,43.14,1.0,9.0
24.0,27.0,9.0,18.87,93.25,6.16,119.39,1.0,4.0
24.0,42.0,23.0,28.22,82.36,6.43,44.01,1.0,9.0
82.0,40.0,40.0,23.83,84.81,6.27,298.56,0.0,6.0
91.0,12.0,46.0,24.64,85.5,6.34,48.31,2.0,5.0
9.0,77.0,17.0,20.12,24.45,5.78,106.16,0.0,0.0
25.0,60.0,22.0,21.63,21.18,5.89,134.36,0.0,0.0
79.0,43.0,39.0,21.67,80.71,7.06,210.81,0.0,6.0
72.0,60.0,25.0,18.53,69.03,5.77,88.1,3.0,3.0
82.0,22.0,45.0,26.22,85.35,6.51,54.6,2.0,5.0
34.0,71.0,79.0,17.93,15.86,7.73,74.64,1.0,7.0
64.0,45.0,43.0,25.63,83.53,5.53,209.9,0.0,6.0
20.0,79.0,77.0,18.55,16.03,7.65,76.33,1.0,7.0
27.0,79.0,82.0,17.07,17.54,6.31,70.87,1.0,7.0
99.0,36.0,20.0,20.58,65.35,6.67,78.35,3.0,3.0
0.0,55.0,22.0,22.99,20.58,5.92,143.86,0.0,0.0
57.0,68.0,81.0,17.17,17.3,8.08,72.79,1.0,7.0
118.0,21.0,51.0,24.43,86.34,6.68,48.58,2.0,5.0
38.0,21.0,35.0,20.34,89.38,5.84,110.97,3.0,2.0
53.0,65.0,76.0,20.19,16.42,6.72,77.34,1.0,7.0
37.0,18.0,39.0,24.15,94.51,6.42,110.23,3.0,2.0
88.0,54.0,44.0,25.74,83.88,6.15,233.13,0.0,6.0
21.0,51.0,15.0,29.36,89.19,6.68,48.3,1.0,9.0
93.0,58.0,38.0,20.62,83.77,6.93,279.55,0.0,6.0
96.0,13.0,55.0,29.53,94.57,6.7,21.14,3.0,8.0
113.0,19.0,46.0,25.42,81.12,6.29,49.52,2.0,5.0
76.0,44.0,17.0,20.42,62.55,5.86,65.28,3.0,3.0
118.0,15.0,45.0,24.21,84.21,6.54,48.01,2.0,5.0
80.0,18.0,51.0,28.05,91.82,6.71,20.77,3.0,8.0
20.0,20.0,10.0,11.87,93.68,6.98,106.06,1.0,4.0
34.0,60.0,22.0,17.66,18.15,5.64,100.67,0.0,0.0
97.0,36.0,45.0,22.23,81.86,6.94,278.08,0.0,6.0
11.0,60.0,23.0,27.34,88.5,7.03,51.1,1.0,9.0
95.0,23.0,45.0,27.82,90.57,6.27,21.19,3.0,8.0
5.0,24.0,40.0,24.69,93.87,6.3,104.67,3.0,2.0
71.0,46.0,40.0,20.28,82.12,7.24,191.95,0.0,6.0
11.0,14.0,5.0,11.5,94.89,6.95,115.57,1.0,4.0
93.0,41.0,17.0,25.62,66.5,6.05,105.47,3.0,3.0
21.0,23.0,42.0,19.54,90.3,6.9,104.37,3.0,2.0
29.0,21.0,45.0,23.41,93.13,6.75,105.22,3.0,2.0
59.0,62.0,83.0,18.58,19.22,8.1,72.95,1.0,7.0
83.0,23.0,55.0,26.9,83.89,6.46,43.97,2.0,5.0
59.0,69.0,80.0,19.08,17.87,8.17,69.41,1.0,7.0
27.0,80.0,15.0,19.07,21.21,5.79,86.22,0.0,0.0
64.0,45.0,43.0,25.63,83.53,5.53,209.9,0.0,6.0
85.0,58.0,41.0,21.77,80.32,7.04,226.66,0.0,6.0
47.0,79.0,78.0,17.48,14.76,6.61,65.11,1.0,7.0
40.0,27.0,45.0,21.66,94.79,5.89,112.43,3.0,2.0
0.0,27.0,38.0,22.45,89.9,6.74,109.39,3.0,2.0
5.0,24.0,40.0,24.69,93.87,6.3,104.67,3.0,2.0
4.0,19.0,43.0,18.07,93.15,5.78,106.36,3.0,2.0
76.0,40.0,43.0,25.16,83.12,5.07,231.38,0.0,6.0
97.0,25.0,50.0,26.22,80.9,6.09,49.09,2.0,5.0
76.0,47.0,42.0,20.08,83.29,5.74,263.64,0.0,6.0
30.0,37.0,25.0,29.89,80.14,7.12,54.8,1.0,9.0
113.0,20.0,48.0,27.47,94.88,6.44,27.28,3.0,8.0
18.0,12.0,8.0,12.59,91.82,6.21,119.39,1.0,4.0
16.0,8.0,9.0,24.6,91.28,7.6,111.29,1.0,4.0
28.0,58.0,81.0,17.48,16.54,6.18,93.35,1.0,7.0
7.0,23.0,35.0,19.75,88.72,7.05,102.55,3.0,2.0
19.0,7.0,10.0,14.78,91.22,6.12,100.2,1.0,4.0
105.0,30.0,50.0,25.3,81.78,6.38,57.04,2.0,5.0
25.0,40.0,21.0,27.73,81.14,6.25,44.18,1.0,9.0
24.0,67.0,22.0,20.12,22.9,5.62,104.63,0.0,0.0
17.0,58.0,20.0,28.07,85.92,6.43,39.24,1.0,9.0
120.0,19.0,49.0,25.79,84.27,6.76,56.45,2.0,5.0
75.0,56.0,18.0,19.4,62.36,5.7,60.95,3.0,3.0
39.0,30.0,38.0,20.13,87.6,6.97,108.07,3.0,2.0
42.0,79.0,23.0,27.72,63.29,6.78,68.57,3.0,1.0
12.0,61.0,19.0,19.33,24.14,5.66,68.51,0.0,0.0
106.0,14.0,45.0,24.47,84.16,6.42,57.27,2.0,5.0
57.0,68.0,81.0,17.17,17.3,8.08,72.79,1.0,7.0
101.0,11.0,51.0,25.51,84.24,6.79,44.21,2.0,5.0
101.0,25.0,52.0,29.1,94.22,6.75,22.52,3.0,8.0
113.0,20.0,48.0,27.47,94.88,6.44,27.28,3.0,8.0
80.0,16.0,46.0,25.5,81.4,6.94,48.48,2.0,5.0
81.0,18.0,50.0,26.44,80.92,6.51,47.82,2.0,5.0
36.0,43.0,21.0,28.36,84.86,7.14,52.93,1.0,9.0
101.0,10.0,47.0,25.54,83.32,6.94,57.57,2.0,5.0
60.0,55.0,44.0,23.0,82.32,7.84,263.96,0.0,6.0
52.0,68.0,78.0,17.49,16.96,6.9,86.05,1.0,7.0
86.0,59.0,35.0,25.79,82.11,6.95,243.51,0.0,6.0
19.0,39.0,17.0,29.28,81.8,6.89,44.47,1.0,9.0
20.0,45.0,22.0,29.59,89.99,6.9,54.96,1.0,9.0
58.0,63.0,81.0,19.81,14.7,6.52,78.97,1.0,7.0
99.0,38.0,21.0,22.88,71.6,6.35,67.73,3.0,3.0
97.0,36.0,45.0,22.23,81.86,6.94,278.08,0.0,6.0
92.0,20.0,55.0,25.1,87.53,6.59,59.27,2.0,5.0
114.0,21.0,55.0,25.44,87.94,6.47,57.52,2.0,5.0
94.0,54.0,17.0,23.39,61.74,5.87,107.32,3.0,3.0
50.0,56.0,76.0,21.0,19.86,7.97,73.51,1.0,7.0
81.0,53.0,42.0,23.68,81.04,5.18,233.7,0.0,6.0
24.0,67.0,22.0,20.12,22.9,5.62,104.63,0.0,0.0
77.0,57.0,21.0,24.93,73.8,6.55,79.74,3.0,3.0
0.0,25.0,14.0,19.34,91.98,6.36,116.45,1.0,4.0
89.0,11.0,47.0,29.79,94.65,6.33,27.87,3.0,8.0
40.0,64.0,16.0,16.43,24.24,5.93,140.37,0.0,0.0
37.0,24.0,13.0,19.14,90.71,7.85,108.02,1.0,4.0
99.0,5.0,47.0,24.13,84.84,6.65,51.19,2.0,5.0
47.0,63.0,16.0,27.44,67.1,6.66,72.51,3.0,1.0
8.0,28.0,38.0,23.23,94.43,6.84,105.69,3.0,2.0
118.0,18.0,52.0,28.05,90.83,6.56,20.76,3.0,8.0
40.0,22.0,6.0,24.54,91.91,6.49,115.98,1.0,4.0
90.0,44.0,38.0,23.84,83.88,7.47,241.2,0.0,6.0
26.0,80.0,18.0,19.33,23.33,5.58,104.78,0.0,0.0
86.0,55.0,21.0,21.54,59.64,6.8,109.75,3.0,3.0
119.0,9.0,50.0,26.75,83.92,6.25,40.79,2.0,5.0
16.0,75.0,21.0,18.51,23.62,5.68,87.05,0.0,0.0
70.0,36.0,42.0,21.84,80.73,6.95,202.38,0.0,6.0
91.0,55.0,15.0,18.09,72.61,6.38,78.96,3.0,3.0
49.0,69.0,82.0,18.32,15.36,6.26,81.79,1.0,7.0
90.0,44.0,38.0,23.84,83.88,7.47,241.2,0.0,6.0
74.0,56.0,22.0,18.28,66.66,6.83,80.98,3.0,3.0
85.0,25.0,47.0,26.11,87.64,6.3,58.48,2.0,5.0
83.0,23.0,55.0,26.9,83.89,6.46,43.97,2.0,5.0
9.0,8.0,40.0,22.49,89.92,6.55,111.66,3.0,2.0
31.0,40.0,22.0,29.41,86.16,6.37,53.35,1.0,9.0
15.0,9.0,11.0,11.55,94.15,7.91,108.83,1.0,4.0
114.0,30.0,51.0,29.25,90.07,6.07,25.93,3.0,8.0
66.0,54.0,21.0,25.19,60.2,5.92,72.12,3.0,3.0
9.0,8.0,15.0,14.34,94.36,7.99,110.22,1.0,4.0
101.0,17.0,55.0,24.37,87.13,6.45,44.64,2.0,5.0
87.0,35.0,25.0,21.45,63.16,6.18,65.89,3.0,3.0
30.0,63.0,16.0,23.61,21.91,5.53,100.6,0.0,0.0
19.0,7.0,9.0,27.26,91.71,6.97,101.14,1.0,4.0
100.0,14.0,49.0,29.49,91.08,6.37,26.02,3.0,8.0
13.0,16.0,8.0,34.74,93.12,6.95,100.2,1.0,4.0
23.0,5.0,44.0,21.21,94.26,7.16,107.57,3.0,2.0
56.0,76.0,16.0,28.27,61.19,7.51,63.3,3.0,1.0
5.0,24.0,40.0,24.69,93.87,6.3,104.67,3.0,2.0
84.0,51.0,35.0,22.3,80.64,6.04,197.98,0.0,6.0
36.0,11.0,13.0,17.34,93.05,7.19,112.72,1.0,4.0
19.0,78.0,16.0,20.65,23.11,5.97,67.72,0.0,0.0
81.0,41.0,38.0,22.68,83.73,7.52,200.91,0.0,6.0
14.0,48.0,21.0,29.25,84.8,6.99,53.43,1.0,9.0
31.0,53.0,16.0,28.74,85.82,6.45,48.55,1.0,9.0
84.0,50.0,44.0,25.49,81.41,5.94,182.65,0.0,6.0
8.0,28.0,38.0,23.23,94.43,6.84,105.69,3.0,2.0
27.0,24.0,41.0,24.33,90.88,6.61,110.46,3.0,2.0
34.0,35.0,21.0,28.45,82.68,6.68,58.19,1.0,9.0
5.0,29.0,44.0,21.02,93.06,5.58,104.78,3.0,2.0
65.0,37.0,40.0,23.36,83.6,5.33,188.41,0.0,6.0
39.0,28.0,10.0,31.35,91.48,7.18,109.15,1.0,4.0
108.0,22.0,47.0,28.54,91.73,6.16,25.13,3.0,8.0
114.0,30.0,51.0,29.25,90.07,6.07,25.93,3.0,8.0
22.0,23.0,44.0,20.13,89.32,6.14,107.34,3.0,2.0
79.0,42.0,37.0,24.87,82.84,6.59,295.61,0.0,6.0
57.0,60.0,84.0,19.1,17.26,6.59,75.49,1.0,7.0
91.0,7.0,53.0,25.14,89.28,6.46,43.53,2.0,5.0
72.0,40.0,38.0,20.41,82.21,7.59,245.15,0.0,6.0
20.0,27.0,41.0,20.51,92.52,5.7,110.58,3.0,2.0
85.0,22.0,53.0,25.97,89.77,6.85,59.46,2.0,5.0
13.0,23.0,6.0,23.96,90.26,7.37,102.7,1.0,4.0
102.0,25.0,50.0,28.2,92.91,6.1,20.36,3.0,8.0
11.0,61.0,21.0,18.62,23.02,5.53,135.34,0.0,0.0
22.0,72.0,85.0,18.87,15.66,6.39,88.51,1.0,7.0
61.0,52.0,41.0,24.98,83.89,6.88,204.8,0.0,6.0
114.0,30.0,51.0,29.25,90.07,6.07,25.93,3.0,8.0
52.0,71.0,16.0,27.74,68.54,7.08,71.79,3.0,1.0
24.0,44.0,17.0,29.86,80.03,6.67,50.66,1.0,9.0
0.0,49.0,18.0,29.68,87.94,6.99,41.82,1.0,9.0
98.0,26.0,52.0,27.34,90.7,6.15,28.69,3.0,8.0
40.0,64.0,16.0,16.43,24.24,5.93,140.37,0.0,0.0
97.0,36.0,45.0,22.23,81.86,6.94,278.08,0.0,6.0
63.0,35.0,16.0,22.03,65.36,6.27,83.73,3.0,3.0
97.0,8.0,52.0,24.91,86.97,6.24,49.49,2.0,5.0
23.0,5.0,44.0,21.21,94.26,7.16,107.57,3.0,2.0
91.0,12.0,46.0,24.64,85.5,6.34,48.31,2.0,5.0
117.0,30.0,50.0,24.9,87.21,6.74,46.59,2.0,5.0
41.0,69.0,82.0,20.02,16.63,6.72,68.98,1.0,7.0
81.0,6.0,55.0,24.89,85.87,6.11,51.71,2.0,5.0
87.0,54.0,20.0,25.62,63.47,6.58,108.83,3.0,3.0
60.0,51.0,36.0,22.7,82.81,6.03,257.0,0.0,6.0
29.0,76.0,15.0,28.54,64.2,7.03,69.69,3.0,1.0
57.0,57.0,75.0,17.09,18.25,7.79,87.27,1.0,7.0
113.0,6.0,52.0,27.76,90.36,6.74,25.22,3.0,8.0
31.0,76.0,82.0,20.82,17.85,7.6,79.21,1.0,7.0
12.0,29.0,40.0,19.68,89.75,6.59,111.28,3.0,2.0
36.0,43.0,22.0,27.83,87.17,6.39,58.37,1.0,9.0
11.0,72.0,20.0,19.52,24.93,5.95,113.33,0.0,0.0
20.0,73.0,22.0,16.04,22.33,5.98,130.39,0.0,0.0
94.0,50.0,37.0,25.67,80.66,6.95,209.59,0.0,6.0
87.0,48.0,25.0,18.65,61.38,6.66,93.62,3.0,3.0
7.0,79.0,23.0,19.64,19.69,5.82,96.66,0.0,0.0
102.0,24.0,54.0,27.72,90.94,6.7,22.82,3.0,8.0
87.0,60.0,23.0,20.27,63.91,6.44,62.5,3.0,3.0
118.0,13.0,54.0,24.41,89.82,6.04,44.08,2.0,5.0
9.0,69.0,20.0,19.31,23.96,5.59,129.34,0.0,0.0
40.0,64.0,16.0,16.43,24.24,5.93,140.37,0.0,0.0
74.0,39.0,38.0,23.24,84.59,7.78,233.05,0.0,6.0
39.0,37.0,15.0,29.0,83.79,6.82,59.84,1.0,9.0
61.0,60.0,15.0,24.88,68.74,6.27,91.26,3.0,3.0
12.0,6.0,8.0,30.85,92.87,6.39,107.41,1.0,4.0
6.0,62.0,22.0,20.53,18.09,5.82,120.45,0.0,0.0
62.0,48.0,20.0,21.7,60.47,6.71,95.71,3.0,3.0
93.0,56.0,36.0,24.01,82.06,6.98,185.28,0.0,6.0
78.0,37.0,22.0,25.34,63.32,6.33,74.52,3.0,3.0
36.0,11.0,13.0,17.34,93.05,7.19,112.72,1.0,4.0
44.0,58.0,18.0,28.04,65.07,6.81,72.5,3.0,1.0
6.0,18.0,37.0,19.66,89.94,5.94,108.05,3.0,2.0
74.0,58.0,18.0,20.04,56.36,6.73,109.02,3.0,3.0
111.0,5.0,50.0,27.59,91.8,6.4,24.84,3.0,8.0
27.0,56.0,20.0,19.26,20.51,5.54,94.95,0.0,0.0
86.0,36.0,24.0,26.55,72.89,5.79,73.34,3.0,3.0
33.0,12.0,15.0,30.26,92.03,6.05,116.72,1.0,4.0
115.0,9.0,52.0,29.07,90.98,6.02,29.12,3.0,8.0
57.0,73.0,85.0,18.49,14.72,7.36,91.95,1.0,7.0
4.0,41.0,20.0,28.15,83.8,6.65,37.45,1.0,9.0
44.0,74.0,85.0,20.19,19.64,7.15,78.26,1.0,7.0
9.0,16.0,39.0,18.41,91.12,6.1,105.18,3.0,2.0
8.0,16.0,6.0,12.23,90.26,7.11,108.42,1.0,4.0
114.0,30.0,51.0,29.25,90.07,6.07,25.93,3.0,8.0
22.0,72.0,85.0,18.87,15.66,6.39,88.51,1.0,7.0
8.0,45.0,18.0,27.93,85.42,7.01,43.25,1.0,9.0
76.0,51.0,18.0,26.17,71.96,6.25,79.85,3.0,3.0
11.0,18.0,42.0,21.58,94.88,5.94,102.86,3.0,2.0
36.0,67.0,77.0,18.37,19.56,7.15,79.26,1.0,7.0
37.0,49.0,25.0,29.91,85.85,6.42,41.39,1.0,9.0
52.0,58.0,16.0,30.64,61.15,7.17,71.37,3.0,1.0
91.0,36.0,45.0,24.44,82.45,5.95,267.98,0.0,6.0
63.0,43.0,17.0,19.29,65.47,6.81,71.32,3.0,3.0
120.0,20.0,45.0,25.67,88.7,6.11,54.23,2.0,5.0
9.0,69.0,20.0,19.31,23.96,5.59,129.34,0.0,0.0
9.0,8.0,40.0,22.49,89.92,6.55,111.66,3.0,2.0
0.0,18.0,14.0,29.77,92.01,7.21,114.42,1.0,4.0
85.0,9.0,53.0,28.21,92.87,6.45,28.79,3.0,8.0
27.0,72.0,23.0,19.93,21.8,5.96,64.03,0.0,0.0
74.0,48.0,17.0,21.63,60.28,6.43,69.22,3.0,3.0
28.0,66.0,23.0,21.54,24.25,6.0,120.69,0.0,0.0
49.0,71.0,76.0,19.71,17.64,6.61,85.58,1.0,7.0
19.0,7.0,10.0,14.78,91.22,6.12,100.2,1.0,4.0
6.0,77.0,25.0,20.61,24.36,5.79,69.64,0.0,0.0
14.0,37.0,15.0,27.96,83.98,6.58,48.94,1.0,9.0
9.0,35.0,20.0,27.42,80.98,6.91,40.53,1.0,9.0
51.0,72.0,75.0,18.89,14.99,7.1,80.11,1.0,7.0
21.0,6.0,41.0,24.88,89.4,7.09,107.2,3.0,2.0
63.0,35.0,16.0,22.03,65.36,6.27,83.73,3.0,3.0
60.0,46.0,22.0,24.89,65.61,6.63,87.93,3.0,3.0
20.0,73.0,22.0,16.04,22.33,5.98,130.39,0.0,0.0
27.0,64.0,15.0,20.16,24.84,5.51,138.24,0.0,0.0
50.0,55.0,16.0,28.81,65.34,7.58,62.26,3.0,1.0
34.0,35.0,21.0,28.45,82.68,6.68,58.19,1.0,9.0
12.0,6.0,8.0,30.85,92.87,6.39,107.41,1.0,4.0
83.0,41.0,43.0,21.05,82.68,6.25,233.11,0.0,6.0
98.0,35.0,18.0,23.8,74.83,6.25,91.76,3.0,3.0
5.0,65.0,16.0,21.33,18.49,5.87,109.1,0.0,0.0
8.0,25.0,36.0,19.91,94.95,6.83,104.03,3.0,2.0
87.0,14.0,48.0,29.69,92.59,6.61,29.11,3.0,8.0
74.0,35.0,40.0,26.49,80.16,6.98,242.86,0.0,6.0
93.0,41.0,17.0,25.62,66.5,6.05,105.47,3.0,3.0
84.0,21.0,55.0,28.47,94.79,6.49,21.08,3.0,8.0
31.0,75.0,18.0,15.47,21.44,5.82,88.89,0.0,0.0
8.0,50.0,21.0,28.63,89.11,6.22,50.5,1.0,9.0
106.0,21.0,52.0,28.9,94.79,6.29,23.04,3.0,8.0
10.0,5.0,42.0,20.24,91.09,6.89,109.25,3.0,2.0
33.0,14.0,8.0,21.03,92.96,7.68,110.68,1.0,4.0
40.0,72.0,77.0,17.02,16.99,7.49,88.55,1.0,7.0
29.0,77.0,75.0,17.5,15.48,7.78,72.94,1.0,7.0
95.0,7.0,45.0,27.3,90.8,6.03,25.09,3.0,8.0
5.0,24.0,40.0,24.69,93.87,6.3,104.67,3.0,2.0
3.0,67.0,24.0,17.0,19.91,5.52,103.29,0.0,0.0
82.0,25.0,51.0,24.31,87.47,6.07,48.11,2.0,5.0
98.0,7.0,45.0,27.79,92.51,6.16,26.85,3.0,8.0
114.0,27.0,48.0,27.82,93.04,6.53,26.32,3.0,8.0
12.0,61.0,19.0,19.33,24.14,5.66,68.51,0.0,0.0
40.0,17.0,15.0,21.35,90.95,7.87,107.09,1.0,4.0
87.0,60.0,23.0,20.27,63.91,6.44,62.5,3.0,3.0
40.0,27.0,45.0,21.66,94.79,5.89,112.43,3.0,2.0
93.0,53.0,38.0,26.93,81.91,7.07,290.68,0.0,6.0
55.0,77.0,22.0,31.43,62.99,7.76,64.78,3.0,1.0
59.0,69.0,80.0,19.08,17.87,8.17,69.41,1.0,7.0
114.0,27.0,48.0,27.82,93.04,6.53,26.32,3.0,8.0
108.0,22.0,46.0,26.18,86.73,6.12,53.33,2.0,5.0
5.0,24.0,40.0,24.69,93.87,6.3,104.67,3.0,2.0
29.0,76.0,15.0,28.54,64.2,7.03,69.69,3.0,1.0
39.0,76.0,76.0,19.97,15.57,6.14,69.16,1.0,7.0
21.0,6.0,41.0,24.88,89.4,7.09,107.2,3.0,2.0
82.0,20.0,54.0,29.34,90.02,6.54,21.45,3.0,8.0
85.0,25.0,47.0,26.11,87.64,6.3,58.48,2.0,5.0
22.0,55.0,20.0,33.95,69.96,7.42,61.16,3.0,1.0
95.0,14.0,50.0,26.63,84.32,6.56,56.32,2.0,5.0
83.0,22.0,54.0,25.9,81.97,6.28,54.5,2.0,5.0
44.0,75.0,22.0,30.03,64.15,7.57,71.21,3.0,1.0
119.0,5.0,55.0,29.69,94.3,6.17,26.84,3.0,8.0
14.0,5.0,36.0,24.93,85.19,5.83,104.77,3.0,2.0
31.0,55.0,22.0,22.91,21.34,5.87,109.23,0.0,0.0
41.0,74.0,18.0,28.76,61.03,6.6,73.38,3.0,1.0
36.0,43.0,22.0,27.83,87.17,6.39,58.37,1.0,9.0
22.0,72.0,85.0,18.87,15.66,6.39,88.51,1.0,7.0
5.0,15.0,38.0,18.26,88.17,5.71,108.08,3.0,2.0
4.0,13.0,6.0,15.63,94.26,7.56,101.47,1.0,4.0
60.0,36.0,43.0,23.43,83.06,5.29,219.9,0.0,6.0
24.0,44.0,17.0,29.86,80.03,6.67,50.66,1.0,9.0
37.0,50.0,23.0,29.65,88.49,6.53,56.02,1.0,9.0
35.0,57.0,83.0,19.48,17.45,7.48,80.5,1.0,7.0
1.0,27.0,36.0,23.99,93.34,5.68,104.99,3.0,2.0
0.0,65.0,15.0,23.46,23.22,5.65,95.84,0.0,0.0
24.0,53.0,17.0,28.95,89.08,6.42,57.66,1.0,9.0
52.0,58.0,16.0,30.64,61.15,7.17,71.37,3.0,1.0
44.0,63.0,15.0,26.42,64.51,7.34,63.47,3.0,1.0
6.0,62.0,22.0,20.53,18.09,5.82,120.45,0.0,0.0
77.0,52.0,17.0,24.86,65.74,5.71,75.82,3.0,3.0
101.0,17.0,55.0,24.37,87.13,6.45,44.64,2.0,5.0
4.0,67.0,25.0,23.79,24.36,5.95,119.64,0.0,0.0
54.0,61.0,77.0,18.81,15.22,6.21,77.54,1.0,7.0
0.0,17.0,42.0,23.2,91.19,6.86,109.09,3.0,2.0
32.0,60.0,83.0,19.69,19.44,8.83,91.76,1.0,7.0
119.0,30.0,49.0,25.36,80.46,6.9,47.72,2.0,5.0
95.0,21.0,47.0,27.93,93.56,6.43,20.66,3.0,8.0
6.0,30.0,40.0,22.77,91.45,6.36,106.97,3.0,2.0
20.0,72.0,19.0,32.48,64.35,7.4,65.82,3.0,1.0
19.0,7.0,10.0,14.78,91.22,6.12,100.2,1.0,4.0
20.0,41.0,20.0,29.27,89.49,7.07,50.92,1.0,9.0
90.0,42.0,43.0,20.88,82.0,6.5,202.94,0.0,6.0
21.0,6.0,41.0,24.88,89.4,7.09,107.2,3.0,2.0
84.0,29.0,49.0,29.94,93.91,6.25,20.39,3.0,8.0
27.0,56.0,20.0,19.26,20.51,5.54,94.95,0.0,0.0
27.0,24.0,41.0,24.33,90.88,6.61,110.46,3.0,2.0
82.0,18.0,48.0,29.1,94.17,6.16,26.71,3.0,8.0
12.0,20.0,39.0,19.86,86.2,6.03,111.02,3.0,2.0
31.0,76.0,82.0,20.82,17.85,7.6,79.21,1.0,7.0
5.0,13.0,37.0,22.34,89.79,5.65,103.32,3.0,2.0
32.0,13.0,42.0,23.5,92.98,5.79,106.62,3.0,2.0
21.0,21.0,38.0,22.55,89.33,6.33,104.9,3.0,2.0
74.0,43.0,23.0,25.95,61.89,6.33,99.58,3.0,3.0
36.0,38.0,15.0,28.36,87.6,6.32,58.0,1.0,9.0
90.0,14.0,52.0,24.85,89.2,6.39,59.68,2.0,5.0
105.0,30.0,50.0,25.3,81.78,6.38,57.04,2.0,5.0
23.0,62.0,85.0,18.97,19.52,8.49,80.71,1.0,7.0
7.0,17.0,10.0,10.16,91.22,6.47,106.36,1.0,4.0
21.0,21.0,38.0,22.55,89.33,6.33,104.9,3.0,2.0
108.0,23.0,51.0,26.84,83.85,6.11,40.23,2.0,5.0
117.0,24.0,53.0,29.17,92.21,6.29,21.3,3.0,8.0
83.0,22.0,54.0,25.9,81.97,6.28,54.5,2.0,5.0
120.0,24.0,47.0,26.99,89.41,6.26,58.55,2.0,5.0
87.0,60.0,23.0,20.27,63.91,6.44,62.5,3.0,3.0
5.0,74.0,21.0,16.24,21.36,5.59,66.97,0.0,0.0
60.0,44.0,23.0,24.79,70.05,5.72,76.73,3.0,3.0
1.0,30.0,10.0,11.9,91.35,7.29,103.58,1.0,4.0
8.0,28.0,37.0,23.88,86.21,6.08,108.31,3.0,2.0
93.0,22.0,52.0,26.59,81.33,6.93,41.88,2.0,5.0
78.0,40.0,38.0,26.46,83.86,7.55,248.23,0.0,6.0
23.0,57.0,19.0,32.84,68.0,7.25,73.4,3.0,1.0
65.0,60.0,22.0,25.37,72.52,6.61,107.91,3.0,3.0
63.0,44.0,41.0,24.17,83.73,5.58,257.03,0.0,6.0
17.0,52.0,17.0,27.88,86.45,6.36,44.64,1.0,9.0
29.0,70.0,15.0,30.33,63.55,6.87,74.17,3.0,1.0
79.0,59.0,17.0,20.38,63.74,6.64,108.51,3.0,3.0
20.0,79.0,77.0,18.55,16.03,7.65,76.33,1.0,7.0
107.0,10.0,49.0,25.83,89.0,6.76,45.25,2.0,5.0
27.0,40.0,24.0,27.84,90.0,7.06,52.85,1.0,9.0
39.0,37.0,15.0,29.0,83.79,6.82,59.84,1.0,9.0
81.0,16.0,45.0,26.9,86.25,6.73,59.76,2.0,5.0
48.0,61.0,21.0,30.28,61.69,6.63,65.63,3.0,1.0
117.0,27.0,48.0,26.53,82.39,6.84,54.31,2.0,5.0
21.0,62.0,24.0,33.49,62.73,6.85,65.45,3.0,1.0
79.0,59.0,17.0,20.38,63.74,6.64,108.51,3.0,3.0
69.0,55.0,38.0,22.71,82.64,5.7,271.32,0.0,6.0
106.0,16.0,54.0,28.96,91.7,6.59,24.75,3.0,8.0
85.0,25.0,47.0,26.11,87.64,6.3,58.48,2.0,5.0
27.0,59.0,22.0,21.81,23.21,5.79,130.06,0.0,0.0
75.0,49.0,15.0,21.54,71.51,5.92,102.49,3.0,3.0
29.0,77.0,75.0,17.5,15.48,7.78,72.94,1.0,7.0
96.0,54.0,22.0,25.7,61.33,6.96,83.21,3.0,3.0
38.0,21.0,35.0,20.34,89.38,5.84,110.97,3.0,2.0
91.0,24.0,55.0,26.27,83.09,6.26,46.77,2.0,5.0
11.0,10.0,45.0,22.63,88.46,6.4,109.04,3.0,2.0
4.0,18.0,37.0,22.92,85.41,7.13,106.28,3.0,2.0
81.0,18.0,50.0,26.81,88.23,6.43,58.8,2.0,5.0
6.0,18.0,37.0,19.66,89.94,5.94,108.05,3.0,2.0
36.0,55.0,20.0,27.01,84.34,6.64,55.3,1.0,9.0
76.0,40.0,43.0,25.16,83.12,5.07,231.38,0.0,6.0
22.0,70.0,19.0,18.24,21.08,5.52,69.45,0.0,0.0
34.0,47.0,19.0,27.31,85.45,6.57,53.15,1.0,9.0
17.0,58.0,20.0,28.07,85.92,6.43,39.24,1.0,9.0
61.0,60.0,15.0,24.88,68.74,6.27,91.26,3.0,3.0
4.0,59.0,25.0,27.69,81.94,6.23,54.62,1.0,9.0
107.0,22.0,54.0,28.0,90.85,6.63,21.62,3.0,8.0
60.0,44.0,23.0,24.79,70.05,5.72,76.73,3.0,3.0
32.0,25.0,35.0,18.1,85.71,5.89,107.01,3.0,2.0
92.0,35.0,40.0,22.18,80.33,6.36,200.09,0.0,6.0
60.0,55.0,44.0,23.0,82.32,7.84,263.96,0.0,6.0
23.0,57.0,19.0,32.84,68.0,7.25,73.4,3.0,1.0
60.0,57.0,24.0,18.66,61.55,6.12,75.03,3.0,3.0
34.0,59.0,23.0,28.56,83.25,6.94,56.48,1.0,9.0
32.0,18.0,13.0,13.84,91.75,6.04,107.99,1.0,4.0
0.0,27.0,38.0,22.45,89.9,6.74,109.39,3.0,2.0
78.0,58.0,15.0,25.01,67.82,6.53,62.91,3.0,3.0
101.0,11.0,51.0,25.51,84.24,6.79,44.21,2.0,5.0
33.0,15.0,7.0,15.83,91.68,7.65,109.76,1.0,4.0
54.0,62.0,80.0,17.49,16.39,7.49,79.46,1.0,7.0
50.0,58.0,23.0,27.81,62.5,7.6,69.76,3.0,1.0
36.0,65.0,80.0,18.29,16.68,6.05,74.87,1.0,7.0
119.0,7.0,55.0,26.04,84.64,6.03,44.4,2.0,5.0
90.0,52.0,25.0,25.97,69.36,6.82,103.22,3.0,3.0
20.0,27.0,41.0,20.51,92.52,5.7,110.58,3.0,2.0
114.0,27.0,48.0,27.82,93.04,6.53,26.32,3.0,8.0
0.0,12.0,7.0,20.18,90.65,6.97,116.81,1.0,4.0
29.0,77.0,75.0,17.5,15.48,7.78,72.94,1.0,7.0
35.0,52.0,19.0,27.11,89.9,6.7,37.46,1.0,9.0
21.0,44.0,18.0,27.07,86.9,7.13,50.47,1.0,9.0
88.0,5.0,47.0,25.86,86.67,6.66,41.17,2.0,5.0
97.0,36.0,45.0,22.23,81.86,6.94,278.08,0.0,6.0
77.0,58.0,19.0,22.81,56.51,5.79,101.6,3.0,3.0
49.0,71.0,76.0,19.71,17.64,6.61,85.58,1.0,7.0
84.0,29.0,49.0,29.94,93.91,6.25,20.39,3.0,8.0
31.0,55.0,22.0,22.91,21.34,5.87,109.23,0.0,0.0
71.0,52.0,18.0,25.11,55.98,5.79,78.16,3.0,3.0
78.0,37.0,22.0,25.34,63.32,6.33,74.52,3.0,3.0
36.0,56.0,83.0,18.91,19.76,6.45,69.12,1.0,7.0
42.0,73.0,25.0,34.04,67.21,6.5,73.24,3.0,1.0
27.0,79.0,82.0,17.07,17.54,6.31,70.87,1.0,7.0
34.0,60.0,23.0,20.13,24.97,5.66,100.05,0.0,0.0
3.0,77.0,25.0,24.85,22.89,5.61,62.21,0.0,0.0
33.0,80.0,22.0,28.57,65.72,6.59,70.09,3.0,1.0
1.0,62.0,23.0,15.44,18.37,5.61,139.03,0.0,0.0
87.0,54.0,20.0,25.62,63.47,6.58,108.83,3.0,3.0
7.0,16.0,9.0,18.88,92.04,7.81,114.67,1.0,4.0
91.0,56.0,37.0,23.43,80.57,6.36,269.5,0.0,6.0
85.0,37.0,39.0,24.53,82.74,6.36,224.68,0.0,6.0
110.0,21.0,54.0,26.74,87.82,6.75,47.46,2.0,5.0
30.0,37.0,25.0,29.89,80.14,7.12,54.8,1.0,9.0
19.0,7.0,10.0,14.78,91.22,6.12,100.2,1.0,4.0
18.0,9.0,40.0,19.45,89.02,5.63,106.16,3.0,2.0
91.0,36.0,45.0,24.44,82.45,5.95,267.98,0.0,6.0
91.0,35.0,38.0,24.9,80.53,6.13,183.68,0.0,6.0
91.0,13.0,47.0,29.11,92.44,6.14,27.96,3.0,8.0
40.0,64.0,16.0,16.43,24.24,5.93,140.37,0.0,0.0
6.0,30.0,40.0,22.77,91.45,6.36,106.97,3.0,2.0
104.0,17.0,46.0,25.71,80.23,6.19,43.09,2.0,5.0
35.0,63.0,76.0,17.82,17.61,6.71,90.82,1.0,7.0
59.0,70.0,84.0,17.33,18.75,7.55,82.62,1.0,7.0
14.0,41.0,17.0,29.13,88.48,7.09,36.45,1.0,9.0
21.0,51.0,15.0,29.36,89.19,6.68,48.3,1.0,9.0
93.0,58.0,38.0,20.62,83.77,6.93,279.55,0.0,6.0
81.0,53.0,42.0,23.68,81.04,5.18,233.7,0.0,6.0
29.0,77.0,75.0,17.5,15.48,7.78,72.94,1.0,7.0
31.0,25.0,38.0,24.96,92.41,6.5,109.42,3.0,2.0
27.0,60.0,17.0,26.42,63.65,7.03,64.42,3.0,1.0
92.0,21.0,48.0,25.82,82.04,6.38,54.83,2.0,5.0
19.0,78.0,16.0,20.65,23.11,5.97,67.72,0.0,0.0
42.0,74.0,83.0,19.26,14.28,7.55,65.78,1.0,7.0
74.0,39.0,38.0,23.24,84.59,7.78,233.05,0.0,6.0
38.0,21.0,35.0,20.34,89.38,5.84,110.97,3.0,2.0
120.0,19.0,49.0,25.79,84.27,6.76,56.45,2.0,5.0
66.0,44.0,20.0,19.08,69.02,6.74,80.73,3.0,3.0
47.0,80.0,77.0,17.18,16.43,7.56,72.85,1.0,7.0
83.0,58.0,23.0,19.74,59.66,6.38,65.51,3.0,3.0
31.0,26.0,9.0,11.7,93.26,7.57,103.2,1.0,4.0
19.0,7.0,9.0,27.26,91.71,6.97,101.14,1.0,4.0
34.0,60.0,23.0,20.13,24.97,5.66,100.05,0.0,0.0
37.0,6.0,13.0,26.03,91.51,7.51,101.28,1.0,4.0
30.0,75.0,81.0,19.42,16.81,6.41,68.52,1.0,7.0
11.0,72.0,20.0,19.52,24.93,5.95,113.33,0.0,0.0
59.0,58.0,17.0,28.55,66.31,7.37,62.83,3.0,1.0
28.0,7.0,9.0,34.59,92.13,6.73,115.57,1.0,4.0
10.0,59.0,22.0,28.61,86.99,7.16,36.95,1.0,9.0
65.0,60.0,43.0,21.97,81.9,5.66,227.36,0.0,6.0
77.0,52.0,17.0,24.86,65.74,5.71,75.82,3.0,3.0
60.0,55.0,45.0,21.41,83.33,5.94,287.58,0.0,6.0
106.0,20.0,51.0,29.73,90.97,6.34,20.49,3.0,8.0
33.0,15.0,7.0,15.83,91.68,7.65,109.76,1.0,4.0
100.0,10.0,53.0,24.54,84.61,6.21,42.01,2.0,5.0
34.0,11.0,10.0,31.75,94.6,7.36,115.2,1.0,4.0
42.0,79.0,85.0,17.22,15.82,6.13,76.58,1.0,7.0
9.0,8.0,40.0,22.49,89.92,6.55,111.66,3.0,2.0
88.0,54.0,44.0,25.74,83.88,6.15,233.13,0.0,6.0
23.0,5.0,44.0,21.21,94.26,7.16,107.57,3.0,2.0
99.0,57.0,35.0,26.76,81.18,5.96,272.3,0.0,6.0
8.0,25.0,36.0,19.91,94.95,6.83,104.03,3.0,2.0
82.0,13.0,52.0,27.12,94.87,6.44,26.52,3.0,8.0
78.0,42.0,42.0,20.13,81.6,7.63,262.72,0.0,6.0
20.0,73.0,22.0,16.04,22.33,5.98,130.39,0.0,0.0
84.0,29.0,49.0,29.94,93.91,6.25,20.39,3.0,8.0
53.0,65.0,76.0,20.19,16.42,6.72,77.34,1.0,7.0
66.0,54.0,21.0,25.19,60.2,5.92,72.12,3.0,3.0
89.0,45.0,36.0,21.33,80.47,6.44,185.5,0.0,6.0
17.0,18.0,43.0,24.49,90.84,5.84,103.2,3.0,2.0
26.0,11.0,11.0,13.7,90.96,7.61,106.29,1.0,4.0
105.0,14.0,50.0,26.21,87.69,6.42,59.66,2.0,5.0
109.0,21.0,55.0,24.9,89.74,6.77,57.45,2.0,5.0
82.0,26.0,47.0,28.5,93.47,6.57,24.2,3.0,8.0
2.0,39.0,15.0,28.07,82.91,6.48,49.62,1.0,9.0
83.0,23.0,55.0,26.9,83.89,6.46,43.97,2.0,5.0
34.0,59.0,23.0,28.56,83.25,6.94,56.48,1.0,9.0
48.0,62.0,15.0,25.37,66.64,7.54,65.82,3.0,1.0
7.0,63.0,24.0,22.95,24.04,5.86,107.73,0.0,0.0
23.0,72.0,84.0,19.02,17.13,6.92,79.93,1.0,7.0
22.0,60.0,24.0,18.78,20.25,5.63,104.26,0.0,0.0
9.0,16.0,36.0,23.78,92.93,5.89,106.98,3.0,2.0
37.0,18.0,12.0,10.27,90.19,7.4,106.7,1.0,4.0
5.0,24.0,40.0,24.69,93.87,6.3,104.67,3.0,2.0
21.0,39.0,20.0,28.14,82.12,7.06,46.76,1.0,9.0
63.0,35.0,16.0,22.03,65.36,6.27,83.73,3.0,3.0
75.0,54.0,36.0,26.29,84.57,7.02,257.49,0.0,6.0
2.0,24.0,38.0,24.56,91.64,5.92,111.97,3.0,2.0
43.0,68.0,20.0,29.58,66.18,7.5,69.44,3.0,1.0
76.0,51.0,18.0,26.17,71.96,6.25,79.85,3.0,3.0
60.0,61.0,78.0,20.71,19.84,6.32,94.04,1.0,7.0
20.0,23.0,11.0,31.85,90.12,6.41,109.95,1.0,4.0
83.0,10.0,53.0,24.93,85.01,6.2,48.76,2.0,5.0
23.0,59.0,19.0,21.99,24.87,5.85,129.57,0.0,0.0
21.0,63.0,17.0,15.77,19.23,5.98,108.34,0.0,0.0
37.0,50.0,23.0,29.65,88.49,6.53,56.02,1.0,9.0
71.0,60.0,22.0,26.07,59.37,6.2,85.76,3.0,3.0
9.0,35.0,20.0,27.42,80.98,6.91,40.53,1.0,9.0
62.0,52.0,16.0,22.28,58.84,6.97,63.87,3.0,3.0
11.0,72.0,20.0,19.52,24.93,5.95,113.33,0.0,0.0
14.0,67.0,22.0,23.83,24.75,5.62,84.64,0.0,0.0
37.0,6.0,13.0,26.03,91.51,7.51,101.28,1.0,4.0
19.0,24.0,15.0,20.49,93.72,7.14,111.84,1.0,4.0
11.0,61.0,21.0,18.62,23.02,5.53,135.34,0.0,0.0
111.0,5.0,47.0,28.03,91.47,6.27,21.18,3.0,8.0
89.0,9.0,47.0,29.47,90.77,6.67,28.75,3.0,8.0
6.0,18.0,37.0,19.66,89.94,5.94,108.05,3.0,2.0
30.0,44.0,16.0,29.73,82.89,6.44,50.92,1.0,9.0
34.0,9.0,36.0,22.81,86.34,6.28,110.44,3.0,2.0
65.0,60.0,22.0,25.37,72.52,6.61,107.91,3.0,3.0
32.0,18.0,13.0,13.84,91.75,6.04,107.99,1.0,4.0
73.0,58.0,21.0,19.97,57.68,6.6,60.65,3.0,3.0
31.0,26.0,9.0,11.7,93.26,7.57,103.2,1.0,4.0
4.0,13.0,6.0,15.63,94.26,7.56,101.47,1.0,4.0
71.0,46.0,40.0,20.28,82.12,7.24,191.95,0.0,6.0
95.0,12.0,46.0,26.22,81.01,6.32,54.65,2.0,5.0
60.0,61.0,78.0,20.71,19.84,6.32,94.04,1.0,7.0
31.0,79.0,25.0,23.19,22.31,5.9,63.38,0.0,0.0
114.0,8.0,50.0,24.75,88.31,6.58,57.96,2.0,5.0
27.0,30.0,5.0,32.72,90.55,7.66,113.33,1.0,4.0
0.0,5.0,36.0,24.35,90.89,6.15,105.53,3.0,2.0
37.0,49.0,25.0,29.91,85.85,6.42,41.39,1.0,9.0
99.0,54.0,37.0,21.14,80.34,5.59,198.67,0.0,6.0
9.0,10.0,10.0,22.36,93.52,6.01,101.52,1.0,4.0
24.0,67.0,22.0,20.12,22.9,5.62,104.63,0.0,0.0
39.0,25.0,36.0,18.9,95.0,5.57,107.61,3.0,2.0
83.0,57.0,19.0,25.73,70.75,6.88,98.74,3.0,3.0
107.0,5.0,52.0,26.66,89.98,6.88,57.41,2.0,5.0
37.0,74.0,15.0,24.92,18.23,5.58,62.71,0.0,0.0
85.0,37.0,39.0,24.53,82.74,6.36,224.68,0.0,6.0
24.0,27.0,9.0,18.87,93.25,6.16,119.39,1.0,4.0
82.0,43.0,38.0,23.29,81.43,5.11,242.32,0.0,6.0
94.0,50.0,37.0,25.67,80.66,6.95,209.59,0.0,6.0
37.0,24.0,13.0,19.14,90.71,7.85,108.02,1.0,4.0
58.0,79.0,17.0,27.25,66.1,7.04,62.32,3.0,1.0
72.0,60.0,25.0,18.53,69.03,5.77,88.1,3.0,3.0
105.0,30.0,50.0,25.3,81.78,6.38,57.04,2.0,5.0
57.0,67.0,25.0,32.35,66.61,7.55,64.56,3.0,1.0
65.0,37.0,40.0,23.36,83.6,5.33,188.41,0.0,6.0
2.0,38.0,18.0,27.54,89.93,6.62,45.49,1.0,9.0
14.0,41.0,17.0,29.13,88.48,7.09,36.45,1.0,9.0
31.0,76.0,82.0,20.82,17.85,7.6,79.21,1.0,7.0
115.0,18.0,53.0,29.17,94.2,6.01,22.07,3.0,8.0
89.0,54.0,38.0,24.52,83.54,6.69,230.45,0.0,6.0
8.0,28.0,37.0,23.88,86.21,6.08,108.31,3.0,2.0
70.0,44.0,19.0,23.32,73.45,5.85,94.3,3.0,3.0
61.0,60.0,15.0,24.88,68.74,6.27,91.26,3.0,3.0
107.0,5.0,52.0,26.66,89.98,6.88,57.41,2.0,5.0
67.0,43.0,39.0,26.04,84.97,6.0,186.75,0.0,6.0
97.0,12.0,47.0,25.29,89.64,6.77,58.29,2.0,5.0
4.0,13.0,6.0,15.63,94.26,7.56,101.47,1.0,4.0
99.0,55.0,35.0,21.72,80.24,6.5,277.96,0.0,6.0
66.0,54.0,21.0,25.19,60.2,5.92,72.12,3.0,3.0
30.0,63.0,16.0,23.61,21.91,5.53,100.6,0.0,0.0
40.0,27.0,45.0,21.66,94.79,5.89,112.43,3.0,2.0
105.0,30.0,50.0,25.3,81.78,6.38,57.04,2.0,5.0
58.0,75.0,25.0,25.26,61.37,7.26,68.65,3.0,1.0
36.0,24.0,41.0,24.94,94.26,7.01,103.88,3.0,2.0
42.0,74.0,83.0,19.26,14.28,7.55,65.78,1.0,7.0
85.0,58.0,41.0,21.77,80.32,7.04,226.66,0.0,6.0
97.0,22.0,50.0,26.26,86.15,6.77,58.98,2.0,5.0
30.0,65.0,25.0,32.89,64.59,7.71,71.51,3.0,1.0
36.0,38.0,15.0,28.36,87.6,6.32,58.0,1.0,9.0
101.0,17.0,55.0,24.37,87.13,6.45,44.64,2.0,5.0
9.0,8.0,40.0,22.49,89.92,6.55,111.66,3.0,2.0
0.0,55.0,22.0,22.99,20.58,5.92,143.86,0.0,0.0
85.0,58.0,41.0,21.77,80.32,7.04,226.66,0.0,6.0
32.0,18.0,13.0,13.84,91.75,6.04,107.99,1.0,4.0
64.0,35.0,23.0,23.02,61.89,5.68,63.04,3.0,3.0
29.0,25.0,14.0,30.49,90.46,7.78,113.33,1.0,4.0
30.0,20.0,38.0,22.6,93.16,7.06,110.09,3.0,2.0
25.0,40.0,21.0,27.73,81.14,6.25,44.18,1.0,9.0
94.0,53.0,40.0,20.28,82.89,5.72,241.97,0.0,6.0
119.0,19.0,55.0,25.19,83.45,6.82,46.87,2.0,5.0
109.0,21.0,55.0,24.9,89.74,6.77,57.45,2.0,5.0
4.0,18.0,37.0,22.92,85.41,7.13,106.28,3.0,2.0
73.0,58.0,21.0,19.97,57.68,6.6,60.65,3.0,3.0
37.0,78.0,79.0,19.95,14.83,7.79,88.68,1.0,7.0
40.0,9.0,41.0,24.38,85.4,5.78,106.13,3.0,2.0
53.0,65.0,76.0,20.19,16.42,6.72,77.34,1.0,7.0
25.0,65.0,21.0,33.86,68.59,6.88,69.24,3.0,1.0
12.0,61.0,19.0,19.33,24.14,5.66,68.51,0.0,0.0
4.0,20.0,41.0,24.27,93.8,6.54,104.54,3.0,2.0
29.0,68.0,23.0,24.16,19.28,5.83,116.73,0.0,0.0
111.0,5.0,52.0,29.88,94.04,6.14,21.0,3.0,8.0
37.0,24.0,13.0,19.14,90.71,7.85,108.02,1.0,4.0
38.0,36.0,21.0,28.03,84.88,6.56,36.12,1.0,9.0
53.0,67.0,17.0,31.78,69.02,7.3,61.47,3.0,1.0
17.0,52.0,17.0,27.88,86.45,6.36,44.64,1.0,9.0
27.0,72.0,23.0,19.93,21.8,5.96,64.03,0.0,0.0
85.0,58.0,41.0,21.77,80.32,7.04,226.66,0.0,6.0
100.0,6.0,53.0,29.05,93.92,6.11,23.67,3.0,8.0
79.0,45.0,20.0,23.81,59.25,5.72,89.96,3.0,3.0
99.0,55.0,35.0,21.72,80.24,6.5,277.96,0.0,6.0
83.0,7.0,45.0,29.08,90.74,6.7,25.33,3.0,8.0
61.0,53.0,43.0,26.4,81.06,6.35,223.37,0.0,6.0
109.0,21.0,55.0,24.9,89.74,6.77,57.45,2.0,5.0
28.0,74.0,81.0,18.01,18.31,8.75,81.99,1.0,7.0
3.0,67.0,24.0,17.0,19.91,5.52,103.29,0.0,0.0
114.0,8.0,50.0,24.75,88.31,6.58,57.96,2.0,5.0
33.0,75.0,21.0,33.05,68.94,6.69,62.3,3.0,1.0
83.0,22.0,54.0,25.9,81.97,6.28,54.5,2.0,5.0
78.0,43.0,42.0,21.32,83.0,7.28,192.32,0.0,6.0
7.0,16.0,9.0,18.88,92.04,7.81,114.67,1.0,4.0
82.0,26.0,47.0,28.5,93.47,6.57,24.2,3.0,8.0
27.0,56.0,20.0,19.26,20.51,5.54,94.95,0.0,0.0
35.0,69.0,23.0,16.79,24.97,5.58,75.45,0.0,0.0
35.0,57.0,83.0,19.48,17.45,7.48,80.5,1.0,7.0
83.0,57.0,19.0,25.73,70.75,6.88,98.74,3.0,3.0
22.0,64.0,82.0,19.49,17.17,6.47,87.51,1.0,7.0
113.0,6.0,52.0,27.76,90.36,6.74,25.22,3.0,8.0
22.0,60.0,24.0,18.78,20.25,5.63,104.26,0.0,0.0
11.0,72.0,20.0,19.52,24.93,5.95,113.33,0.0,0.0
84.0,44.0,21.0,21.87,61.91,5.85,107.27,3.0,3.0
37.0,62.0,17.0,25.69,69.84,7.12,74.62,3.0,1.0
40.0,18.0,43.0,19.39,86.79,5.77,109.91,3.0,2.0
60.0,38.0,17.0,18.42,64.24,6.47,76.41,3.0,3.0
4.0,13.0,6.0,15.63,94.26,7.56,101.47,1.0,4.0
89.0,60.0,19.0,25.19,66.69,5.91,78.07,3.0,3.0
40.0,29.0,42.0,24.63,89.02,7.1,110.7,3.0,2.0
76.0,39.0,24.0,24.25,55.65,7.0,64.24,3.0,3.0
98.0,7.0,45.0,27.79,92.51,6.16,26.85,3.0,8.0
66.0,54.0,21.0,25.19,60.2,5.92,72.12,3.0,3.0
0.0,49.0,18.0,29.68,87.94,6.99,41.82,1.0,9.0
8.0,23.0,38.0,19.3,87.18,7.01,105.48,3.0,2.0
4.0,18.0,37.0,22.92,85.41,7.13,106.28,3.0,2.0
119.0,19.0,55.0,25.19,83.45,6.82,46.87,2.0,5.0
84.0,51.0,35.0,22.3,80.64,6.04,197.98,0.0,6.0
106.0,20.0,51.0,29.73,90.97,6.34,20.49,3.0,8.0
44.0,74.0,85.0,20.19,19.64,7.15,78.26,1.0,7.0
26.0,11.0,11.0,13.7,90.96,7.61,106.29,1.0,4.0
10.0,59.0,15.0,29.83,89.3,6.32,58.87,1.0,9.0
25.0,17.0,40.0,18.91,87.75,6.61,111.28,3.0,2.0
44.0,55.0,25.0,29.63,65.91,7.42,71.16,3.0,1.0
81.0,45.0,23.0,19.33,68.03,6.19,84.23,3.0,3.0
29.0,25.0,14.0,30.49,90.46,7.78,113.33,1.0,4.0
0.0,49.0,18.0,29.68,87.94,6.99,41.82,1.0,9.0
83.0,23.0,55.0,26.9,83.89,6.46,43.97,2.0,5.0
19.0,35.0,24.0,27.11,83.64,6.88,49.12,1.0,9.0
115.0,12.0,52.0,27.51,94.96,6.69,21.02,3.0,8.0
90.0,16.0,45.0,24.92,80.62,6.29,50.56,2.0,5.0
21.0,51.0,15.0,29.36,89.19,6.68,48.3,1.0,9.0
105.0,14.0,50.0,26.21,87.69,6.42,59.66,2.0,5.0
88.0,55.0,45.0,24.64,80.41,7.73,253.72,0.0,6.0
111.0,6.0,53.0,26.49,88.59,6.31,46.06,2.0,5.0
87.0,60.0,23.0,20.27,63.91,6.44,62.5,3.0,3.0
25.0,48.0,21.0,28.44,83.49,6.27,52.55,1.0,9.0
18.0,23.0,8.0,21.49,93.44,6.41,101.48,1.0,4.0
83.0,25.0,53.0,26.49,80.05,6.06,57.73,2.0,5.0
111.0,5.0,55.0,26.28,84.42,6.52,50.79,2.0,5.0
18.0,74.0,15.0,24.9,22.28,5.71,146.47,0.0,0.0
108.0,22.0,46.0,26.18,86.73,6.12,53.33,2.0,5.0
120.0,20.0,45.0,25.67,88.7,6.11,54.23,2.0,5.0
115.0,12.0,52.0,27.51,94.96,6.69,21.02,3.0,8.0
20.0,79.0,77.0,18.55,16.03,7.65,76.33,1.0,7.0
12.0,61.0,19.0,19.33,24.14,5.66,68.51,0.0,0.0
120.0,23.0,55.0,27.84,91.61,6.73,26.48,3.0,8.0
95.0,13.0,46.0,29.84,93.76,6.13,23.28,3.0,8.0
9.0,8.0,40.0,22.49,89.92,6.55,111.66,3.0,2.0
83.0,58.0,45.0,25.76,83.52,5.88,245.66,0.0,6.0
39.0,71.0,84.0,20.28,16.4,8.14,82.52,1.0,7.0
16.0,75.0,21.0,18.51,23.62,5.68,87.05,0.0,0.0
81.0,53.0,42.0,23.68,81.04,5.18,233.7,0.0,6.0
63.0,35.0,16.0,22.03,65.36,6.27,83.73,3.0,3.0
42.0,74.0,83.0,19.26,14.28,7.55,65.78,1.0,7.0
28.0,68.0,19.0,34.64,61.39,7.7,72.43,3.0,1.0
37.0,55.0,82.0,19.46,18.02,6.42,78.45,1.0,7.0
71.0,35.0,24.0,22.27,59.52,5.83,67.97,3.0,3.0
13.0,7.0,43.0,18.2,91.12,7.01,109.66,3.0,2.0
11.0,14.0,5.0,11.5,94.89,6.95,115.57,1.0,4.0
77.0,36.0,23.0,24.71,56.73,6.65,88.45,3.0,3.0
58.0,71.0,15.0,27.83,67.59,6.92,74.01,3.0,1.0
74.0,39.0,23.0,22.63,65.77,6.78,88.17,3.0,3.0
20.0,73.0,22.0,16.04,22.33,5.98,130.39,0.0,0.0
26.0,65.0,22.0,17.85,18.78,5.95,143.1,0.0,0.0
29.0,45.0,16.0,28.44,87.91,6.58,43.12,1.0,9.0
85.0,37.0,39.0,24.53,82.74,6.36,224.68,0.0,6.0
61.0,41.0,17.0,25.14,65.26,6.02,76.68,3.0,3.0
16.0,29.0,13.0,32.32,93.68,6.2,117.62,1.0,4.0
32.0,60.0,83.0,19.69,19.44,8.83,91.76,1.0,7.0
13.0,22.0,5.0,19.67,90.5,7.76,100.17,1.0,4.0
109.0,21.0,55.0,24.9,89.74,6.77,57.45,2.0,5.0
90.0,52.0,25.0,25.97,69.36,6.82,103.22,3.0,3.0
109.0,21.0,55.0,24.9,89.74,6.77,57.45,2.0,5.0
18.0,14.0,11.0,28.05,90.01,6.55,117.13,1.0,4.0
95.0,16.0,55.0,25.27,87.55,6.61,40.13,2.0,5.0
4.0,20.0,41.0,24.27,93.8,6.54,104.54,3.0,2.0
26.0,65.0,22.0,17.85,18.78,5.95,143.1,0.0,0.0
22.0,64.0,82.0,19.49,17.17,6.47,87.51,1.0,7.0
9.0,8.0,40.0,22.49,89.92,6.55,111.66,3.0,2.0
17.0,58.0,20.0,28.07,85.92,6.43,39.24,1.0,9.0
29.0,76.0,15.0,28.54,64.2,7.03,69.69,3.0,1.0
49.0,68.0,22.0,28.57,61.53,7.13,63.5,3.0,1.0
8.0,45.0,18.0,27.93,85.42,7.01,43.25,1.0,9.0
95.0,12.0,51.0,25.76,84.17,6.68,44.22,2.0,5.0
26.0,80.0,18.0,19.33,23.33,5.58,104.78,0.0,0.0
40.0,64.0,16.0,16.43,24.24,5.93,140.37,0.0,0.0
113.0,20.0,48.0,27.47,94.88,6.44,27.28,3.0,8.0
3.0,26.0,39.0,24.38,91.19,7.08,103.6,3.0,2.0
23.0,30.0,44.0,20.94,85.43,6.12,103.03,3.0,2.0
22.0,79.0,17.0,21.42,20.4,5.91,116.52,0.0,0.0
76.0,57.0,18.0,18.98,74.53,6.09,94.26,3.0,3.0
13.0,16.0,8.0,34.74,93.12,6.95,100.2,1.0,4.0
26.0,27.0,10.0,28.07,92.91,6.08,114.13,1.0,4.0
21.0,21.0,38.0,22.55,89.33,6.33,104.9,3.0,2.0
59.0,69.0,80.0,19.08,17.87,8.17,69.41,1.0,7.0
60.0,46.0,22.0,24.89,65.61,6.63,87.93,3.0,3.0
20.0,79.0,77.0,18.55,16.03,7.65,76.33,1.0,7.0
34.0,71.0,79.0,17.93,15.86,7.73,74.64,1.0,7.0
67.0,35.0,22.0,23.31,63.25,6.39,108.76,3.0,3.0
119.0,5.0,55.0,29.69,94.3,6.17,26.84,3.0,8.0
9.0,25.0,41.0,24.82,91.91,5.97,109.29,3.0,2.0
3.0,9.0,45.0,23.89,89.62,6.54,104.62,3.0,2.0
85.0,37.0,39.0,24.53,82.74,6.36,224.68,0.0,6.0
75.0,53.0,18.0,20.69,59.44,6.86,103.65,3.0,3.0
83.0,58.0,45.0,25.76,83.52,5.88,245.66,0.0,6.0
8.0,23.0,44.0,18.47,89.69,7.13,108.48,3.0,2.0
95.0,16.0,46.0,27.08,90.14,6.75,24.45,3.0,8.0
9.0,80.0,19.0,21.81,18.57,5.95,125.1,0.0,0.0
76.0,40.0,43.0,25.16,83.12,5.07,231.38,0.0,6.0
50.0,64.0,25.0,28.84,63.37,6.73,70.25,3.0,1.0
27.0,40.0,24.0,27.84,90.0,7.06,52.85,1.0,9.0
49.0,72.0,15.0,31.56,67.84,7.14,74.87,3.0,1.0
101.0,17.0,47.0,29.49,94.73,6.19,26.31,3.0,8.0
88.0,55.0,45.0,24.64,80.41,7.73,253.72,0.0,6.0
117.0,25.0,53.0,29.12,92.13,6.41,24.52,3.0,8.0
25.0,62.0,21.0,26.73,68.14,7.04,67.15,3.0,1.0
95.0,13.0,46.0,29.84,93.76,6.13,23.28,3.0,8.0
25.0,48.0,21.0,28.44,83.49,6.27,52.55,1.0,9.0
95.0,12.0,46.0,26.22,81.01,6.32,54.65,2.0,5.0
119.0,19.0,55.0,25.19,83.45,6.82,46.87,2.0,5.0
64.0,45.0,43.0,25.63,83.53,5.53,209.9,0.0,6.0
11.0,71.0,24.0,21.14,22.72,5.61,141.61,0.0,0.0
22.0,64.0,82.0,19.49,17.17,6.47,87.51,1.0,7.0
0.0,23.0,15.0,22.57,93.37,7.6,109.86,1.0,4.0
37.0,18.0,39.0,24.15,94.51,6.42,110.23,3.0,2.0
81.0,30.0,48.0,28.52,92.1,6.04,29.87,3.0,8.0
104.0,17.0,46.0,25.71,80.23,6.19,43.09,2.0,5.0
32.0,79.0,15.0,23.91,20.75,5.71,81.6,0.0,0.0
19.0,39.0,17.0,29.28,81.8,6.89,44.47,1.0,9.0
5.0,65.0,16.0,21.33,18.49,5.87,109.1,0.0,0.0
13.0,7.0,43.0,18.2,91.12,7.01,109.66,3.0,2.0
40.0,64.0,16.0,16.43,24.24,5.93,140.37,0.0,0.0
108.0,26.0,52.0,28.83,94.27,6.2,26.24,3.0,8.0
31.0,8.0,7.0,34.51,93.64,7.16,103.57,1.0,4.0
44.0,55.0,25.0,29.63,65.91,7.42,71.16,3.0,1.0
31.0,25.0,12.0,18.05,90.04,7.02,111.78,1.0,4.0
8.0,7.0,10.0,28.26,91.98,6.93,105.21,1.0,4.0
99.0,38.0,21.0,22.88,71.6,6.35,67.73,3.0,3.0
68.0,41.0,16.0,21.78,57.81,6.16,102.09,3.0,3.0
83.0,45.0,21.0,18.83,58.75,5.72,79.75,3.0,3.0
39.0,37.0,15.0,29.0,83.79,6.82,59.84,1.0,9.0
39.0,37.0,15.0,29.0,83.79,6.82,59.84,1.0,9.0
19.0,55.0,20.0,27.43,87.81,7.19,54.73,1.0,9.0
34.0,60.0,23.0,20.13,24.97,5.66,100.05,0.0,0.0
11.0,61.0,21.0,18.62,23.02,5.53,135.34,0.0,0.0
92.0,20.0,55.0,25.1,87.53,6.59,59.27,2.0,5.0
21.0,17.0,15.0,23.98,91.55,7.46,118.49,1.0,4.0
66.0,53.0,19.0,23.09,60.12,6.03,65.5,3.0,3.0
22.0,60.0,24.0,18.78,20.25,5.63,104.26,0.0,0.0
93.0,53.0,38.0,26.93,81.91,7.07,290.68,0.0,6.0
5.0,29.0,44.0,21.02,93.06,5.58,104.78,3.0,2.0
21.0,21.0,38.0,22.55,89.33,6.33,104.9,3.0,2.0
114.0,27.0,48.0,27.82,93.04,6.53,26.32,3.0,8.0
23.0,62.0,85.0,18.97,19.52,8.49,80.71,1.0,7.0
10.0,5.0,5.0,21.21,91.35,7.82,112.98,1.0,4.0
18.0,12.0,8.0,12.59,91.82,6.21,119.39,1.0,4.0
24.0,55.0,78.0,17.3,15.15,6.65,75.58,1.0,7.0
9.0,48.0,22.0,27.77,87.1,6.4,49.51,1.0,9.0
30.0,44.0,16.0,29.73,82.89,6.44,50.92,1.0,9.0
60.0,51.0,36.0,22.7,82.81,6.03,257.0,0.0,6.0
39.0,71.0,84.0,20.28,16.4,8.14,82.52,1.0,7.0
26.0,65.0,22.0,17.85,18.78,5.95,143.1,0.0,0.0
5.0,65.0,16.0,21.33,18.49,5.87,109.1,0.0,0.0
26.0,80.0,83.0,17.08,16.15,7.53,71.31,1.0,7.0
78.0,58.0,15.0,25.01,67.82,6.53,62.91,3.0,3.0
63.0,35.0,16.0,22.03,65.36,6.27,83.73,3.0,3.0
23.0,39.0,22.0,29.26,81.98,6.86,42.02,1.0,9.0
25.0,27.0,41.0,19.2,94.28,6.92,108.04,3.0,2.0
60.0,48.0,39.0,24.28,80.3,7.04,231.09,0.0,6.0
19.0,55.0,20.0,27.43,87.81,7.19,54.73,1.0,9.0
23.0,72.0,84.0,19.02,17.13,6.92,79.93,1.0,7.0
42.0,67.0,77.0,18.99,15.94,6.11,78.71,1.0,7.0
49.0,71.0,76.0,19.71,17.64,6.61,85.58,1.0,7.0
81.0,16.0,45.0,26.9,86.25,6.73,59.76,2.0,5.0
58.0,79.0,17.0,27.25,66.1,7.04,62.32,3.0,1.0
31.0,51.0,25.0,27.54,85.57,7.2,53.02,1.0,9.0
25.0,48.0,21.0,28.44,83.49,6.27,52.55,1.0,9.0
39.0,24.0,14.0,30.55,90.9,7.19,106.07,1.0,4.0
20.0,60.0,25.0,27.33,69.09,6.73,61.19,3.0,1.0
59.0,62.0,83.0,18.58,19.22,8.1,72.95,1.0,7.0
40.0,78.0,20.0,19.19,20.83,5.67,80.15,0.0,0.0
36.0,7.0,37.0,19.87,86.36,5.78,108.32,3.0,2.0
5.0,15.0,38.0,18.26,88.17,5.71,108.08,3.0,2.0
20.0,23.0,11.0,31.85,90.12,6.41,109.95,1.0,4.0
86.0,36.0,24.0,26.55,72.89,5.79,73.34,3.0,3.0
26.0,80.0,83.0,17.08,16.15,7.53,71.31,1.0,7.0
27.0,62.0,77.0,18.2,14.71,6.58,70.18,1.0,7.0
100.0,14.0,49.0,29.49,91.08,6.37,26.02,3.0,8.0
91.0,13.0,47.0,29.11,92.44,6.14,27.96,3.0,8.0
34.0,66.0,17.0,18.81,21.28,5.89,125.08,0.0,0.0
4.0,59.0,25.0,27.69,81.94,6.23,54.62,1.0,9.0
57.0,60.0,84.0,19.1,17.26,6.59,75.49,1.0,7.0
26.0,18.0,42.0,19.73,89.65,6.91,108.23,3.0,2.0
76.0,48.0,18.0,19.3,69.63,5.78,83.21,3.0,3.0
8.0,16.0,6.0,12.23,90.26,7.11,108.42,1.0,4.0
28.0,35.0,22.0,29.53,86.73,7.16,59.87,1.0,9.0
18.0,23.0,8.0,21.49,93.44,6.41,101.48,1.0,4.0
21.0,38.0,21.0,29.76,86.45,6.64,37.55,1.0,9.0
66.0,54.0,21.0,25.19,60.2,5.92,72.12,3.0,3.0
85.0,52.0,45.0,26.31,82.37,7.22,265.54,0.0,6.0
60.0,68.0,83.0,19.12,18.43,6.62,85.53,1.0,7.0
37.0,55.0,82.0,19.46,18.02,6.42,78.45,1.0,7.0
104.0,25.0,51.0,28.96,93.88,6.47,23.56,3.0,8.0
27.0,56.0,22.0,19.92,20.7,5.83,108.64,0.0,0.0
96.0,54.0,22.0,25.7,61.33,6.96,83.21,3.0,3.0
22.0,60.0,24.0,18.78,20.25,5.63,104.26,0.0,0.0
30.0,44.0,16.0,29.73,82.89,6.44,50.92,1.0,9.0
96.0,13.0,55.0,29.53,94.57,6.7,21.14,3.0,8.0
52.0,63.0,19.0,29.59,68.32,6.93,67.53,3.0,1.0
31.0,37.0,21.0,27.24,86.4,6.71,37.31,1.0,9.0
5.0,8.0,5.0,11.03,92.23,6.56,112.77,1.0,4.0
76.0,51.0,18.0,26.17,71.96,6.25,79.85,3.0,3.0
31.0,8.0,7.0,34.51,93.64,7.16,103.57,1.0,4.0
26.0,67.0,16.0,29.11,67.91,7.18,67.83,3.0,1.0
22.0,60.0,85.0,18.84,14.74,6.81,94.78,1.0,7.0
91.0,53.0,40.0,26.53,81.42,5.39,264.61,0.0,6.0
27.0,64.0,15.0,20.16,24.84,5.51,138.24,0.0,0.0
26.0,11.0,11.0,13.7,90.96,7.61,106.29,1.0,4.0
39.0,71.0,84.0,20.28,16.4,8.14,82.52,1.0,7.0
83.0,29.0,52.0,25.76,87.59,6.7,46.05,2.0,5.0
119.0,30.0,49.0,25.36,80.46,6.9,47.72,2.0,5.0
90.0,52.0,25.0,25.97,69.36,6.82,103.22,3.0,3.0
22.0,64.0,82.0,19.49,17.17,6.47,87.51,1.0,7.0
70.0,47.0,17.0,24.61,70.42,6.6,104.16,3.0,3.0
101.0,17.0,55.0,24.37,87.13,6.45,44.64,2.0,5.0
101.0,17.0,47.0,29.49,94.73,6.19,26.31,3.0,8.0
54.0,61.0,77.0,18.81,15.22,6.21,77.54,1.0,7.0
98.0,7.0,45.0,27.79,92.51,6.16,26.85,3.0,8.0
67.0,35.0,22.0,23.31,63.25,6.39,108.76,3.0,3.0
90.0,46.0,42.0,23.98,81.45,7.5,250.08,0.0,6.0
109.0,21.0,55.0,24.9,89.74,6.77,57.45,2.0,5.0
99.0,50.0,15.0,18.15,71.09,5.57,88.08,3.0,3.0
31.0,37.0,21.0,27.24,86.4,6.71,37.31,1.0,9.0
4.0,6.0,7.0,23.01,91.12,6.71,112.67,1.0,4.0
19.0,78.0,16.0,20.65,23.11,5.97,67.72,0.0,0.0
95.0,55.0,42.0,26.8,82.15,5.95,193.35,0.0,6.0
28.0,7.0,9.0,34.59,92.13,6.73,115.57,1.0,4.0
32.0,60.0,83.0,19.69,19.44,8.83,91.76,1.0,7.0
81.0,30.0,48.0,28.52,92.1,6.04,29.87,3.0,8.0
55.0,77.0,22.0,31.43,62.99,7.76,64.78,3.0,1.0
57.0,67.0,25.0,32.35,66.61,7.55,64.56,3.0,1.0
30.0,20.0,38.0,22.6,93.16,7.06,110.09,3.0,2.0
69.0,37.0,42.0,23.06,83.37,7.07,251.05,0.0,6.0
30.0,44.0,16.0,29.73,82.89,6.44,50.92,1.0,9.0
24.0,55.0,78.0,17.3,15.15,6.65,75.58,1.0,7.0
34.0,59.0,23.0,28.56,83.25,6.94,56.48,1.0,9.0
12.0,29.0,13.0,22.46,91.53,7.57,118.01,1.0,4.0
95.0,12.0,46.0,26.22,81.01,6.32,54.65,2.0,5.0
85.0,21.0,47.0,29.87,90.61,6.19,24.7,3.0,8.0
95.0,38.0,22.0,19.85,61.25,5.73,100.77,3.0,3.0
26.0,54.0,17.0,28.55,88.96,6.27,49.49,1.0,9.0
3.0,9.0,45.0,23.89,89.62,6.54,104.62,3.0,2.0
64.0,45.0,43.0,25.63,83.53,5.53,209.9,0.0,6.0
1.0,15.0,9.0,29.98,94.55,7.53,115.36,1.0,4.0
42.0,67.0,77.0,18.99,15.94,6.11,78.71,1.0,7.0
31.0,26.0,9.0,11.7,93.26,7.57,103.2,1.0,4.0
1.0,59.0,23.0,27.47,87.18,7.18,43.78,1.0,9.0
28.0,58.0,81.0,17.48,16.54,6.18,93.35,1.0,7.0
120.0,23.0,55.0,27.84,91.61,6.73,26.48,3.0,8.0
6.0,48.0,24.0,28.64,84.61,6.79,48.48,1.0,9.0
26.0,18.0,42.0,19.73,89.65,6.91,108.23,3.0,2.0
26.0,27.0,10.0,28.07,92.91,6.08,114.13,1.0,4.0
112.0,25.0,51.0,25.05,85.57,6.93,56.72,2.0,5.0
9.0,48.0,20.0,29.66,84.28,6.38,56.1,1.0,9.0
79.0,45.0,20.0,23.81,59.25,5.72,89.96,3.0,3.0
113.0,6.0,52.0,27.76,90.36,6.74,25.22,3.0,8.0
114.0,27.0,48.0,27.82,93.04,6.53,26.32,3.0,8.0
23.0,62.0,85.0,18.97,19.52,8.49,80.71,1.0,7.0
83.0,60.0,36.0,25.6,80.15,6.9,200.83,0.0,6.0
52.0,68.0,78.0,17.49,16.96,6.9,86.05,1.0,7.0
67.0,43.0,39.0,26.04,84.97,6.0,186.75,0.0,6.0
17.0,58.0,20.0,28.07,85.92,6.43,39.24,1.0,9.0
37.0,55.0,82.0,19.46,18.02,6.42,78.45,1.0,7.0
50.0,64.0,25.0,28.84,63.37,6.73,70.25,3.0,1.0
0.0,49.0,18.0,29.68,87.94,6.99,41.82,1.0,9.0
23.0,62.0,19.0,16.52,20.46,5.61,98.78,0.0,0.0
100.0,14.0,49.0,29.49,91.08,6.37,26.02,3.0,8.0
9.0,11.0,8.0,24.86,94.39,6.56,111.78,1.0,4.0
22.0,56.0,17.0,29.88,87.33,6.89,44.75,1.0,9.0
63.0,35.0,16.0,22.03,65.36,6.27,83.73,3.0,3.0
9.0,80.0,19.0,21.81,18.57,5.95,125.1,0.0,0.0
105.0,14.0,50.0,26.21,87.69,6.42,59.66,2.0,5.0
37.0,49.0,25.0,29.91,85.85,6.42,41.39,1.0,9.0
85.0,37.0,39.0,24.53,82.74,6.36,224.68,0.0,6.0
6.0,18.0,37.0,19.66,89.94,5.94,108.05,3.0,2.0
93.0,53.0,38.0,26.93,81.91,7.07,290.68,0.0,6.0
73.0,35.0,38.0,24.89,81.98,5.01,185.95,0.0,6.0
39.0,17.0,45.0,18.1,90.42,6.92,104.88,3.0,2.0
115.0,11.0,46.0,24.42,89.4,6.62,40.32,2.0,5.0
23.0,59.0,19.0,21.99,24.87,5.85,129.57,0.0,0.0
13.0,16.0,8.0,34.74,93.12,6.95,100.2,1.0,4.0
28.0,58.0,81.0,17.48,16.54,6.18,93.35,1.0,7.0
29.0,22.0,40.0,23.63,89.73,6.15,107.68,3.0,2.0
20.0,8.0,12.0,25.3,94.96,7.26,117.97,1.0,4.0
6.0,77.0,25.0,20.61,24.36,5.79,69.64,0.0,0.0
11.0,10.0,45.0,22.63,88.46,6.4,109.04,3.0,2.0
34.0,47.0,19.0,27.31,85.45,6.57,53.15,1.0,9.0
109.0,21.0,55.0,24.9,89.74,6.77,57.45,2.0,5.0
91.0,56.0,37.0,23.43,80.57,6.36,269.5,0.0,6.0
107.0,11.0,54.0,28.59,91.34,6.09,29.44,3.0,8.0
27.0,65.0,18.0,20.11,23.22,5.6,73.36,0.0,0.0
23.0,59.0,25.0,27.83,88.73,6.32,56.69,1.0,9.0
8.0,54.0,20.0,28.33,80.77,7.03,38.8,1.0,9.0
69.0,37.0,42.0,23.06,83.37,7.07,251.05,0.0,6.0
4.0,19.0,43.0,18.07,93.15,5.78,106.36,3.0,2.0
118.0,18.0,52.0,28.05,90.83,6.56,20.76,3.0,8.0
60.0,55.0,44.0,23.0,82.32,7.84,263.96,0.0,6.0
97.0,12.0,47.0,25.29,89.64,6.77,58.29,2.0,5.0
101.0,17.0,55.0,24.37,87.13,6.45,44.64,2.0,5.0
8.0,28.0,37.0,23.88,86.21,6.08,108.31,3.0,2.0
77.0,52.0,17.0,24.86,65.74,5.71,75.82,3.0,3.0
100.0,10.0,53.0,24.54,84.61,6.21,42.01,2.0,5.0
86.0,36.0,24.0,26.55,72.89,5.79,73.34,3.0,3.0
59.0,70.0,84.0,17.33,18.75,7.55,82.62,1.0,7.0
38.0,60.0,76.0,18.65,17.81,8.87,77.93,1.0,7.0
97.0,50.0,41.0,24.53,80.54,7.07,260.26,0.0,6.0
0.0,49.0,18.0,29.68,87.94,6.99,41.82,1.0,9.0
52.0,56.0,85.0,20.12,14.44,6.82,88.68,1.0,7.0
12.0,20.0,10.0,24.45,93.11,6.53,109.47,1.0,4.0
5.0,13.0,37.0,22.34,89.79,5.65,103.32,3.0,2.0
31.0,37.0,21.0,27.24,86.4,6.71,37.31,1.0,9.0
81.0,6.0,55.0,24.89,85.87,6.11,51.71,2.0,5.0
90.0,46.0,42.0,23.98,81.45,7.5,250.08,0.0,6.0
105.0,14.0,50.0,26.21,87.69,6.42,59.66,2.0,5.0
5.0,45.0,21.0,28.36,88.01,6.49,43.05,1.0,9.0
102.0,28.0,54.0,25.16,80.28,6.86,55.5,2.0,5.0
22.0,60.0,24.0,18.78,20.25,5.63,104.26,0.0,0.0
78.0,58.0,15.0,25.01,67.82,6.53,62.91,3.0,3.0
34.0,71.0,79.0,17.93,15.86,7.73,74.64,1.0,7.0
113.0,6.0,52.0,27.76,90.36,6.74,25.22,3.0,8.0
39.0,73.0,24.0,25.66,61.18,7.22,69.29,3.0,1.0
30.0,44.0,16.0,29.73,82.89,6.44,50.92,1.0,9.0
90.0,44.0,38.0,23.84,83.88,7.47,241.2,0.0,6.0
120.0,20.0,45.0,25.67,88.7,6.11,54.23,2.0,5.0
42.0,58.0,25.0,27.46,62.9,6.51,69.46,3.0,1.0
27.0,64.0,15.0,20.16,24.84,5.51,138.24,0.0,0.0
21.0,17.0,15.0,23.98,91.55,7.46,118.49,1.0,4.0
24.0,55.0,78.0,17.3,15.15,6.65,75.58,1.0,7.0
83.0,60.0,36.0,25.6,80.15,6.9,200.83,0.0,6.0
29.0,11.0,5.0,23.13,91.95,7.64,104.42,1.0,4.0
27.0,56.0,20.0,19.26,20.51,5.54,94.95,0.0,0.0
48.0,65.0,78.0,17.44,14.34,7.86,73.09,1.0,7.0
6.0,8.0,11.0,24.36,92.4,6.6,119.69,1.0,4.0
91.0,24.0,55.0,26.27,83.09,6.26,46.77,2.0,5.0
61.0,52.0,41.0,24.98,83.89,6.88,204.8,0.0,6.0
6.0,9.0,12.0,31.08,90.14,7.03,109.69,1.0,4.0
100.0,6.0,53.0,29.05,93.92,6.11,23.67,3.0,8.0
86.0,36.0,24.0,26.55,72.89,5.79,73.34,3.0,3.0
9.0,8.0,15.0,14.34,94.36,7.99,110.22,1.0,4.0
100.0,18.0,52.0,26.2,80.38,6.88,56.48,2.0,5.0
20.0,8.0,12.0,25.3,94.96,7.26,117.97,1.0,4.0
60.0,43.0,44.0,21.02,82.95,7.42,298.4,0.0,6.0
40.0,18.0,43.0,19.39,86.79,5.77,109.91,3.0,2.0
1.0,59.0,23.0,27.47,87.18,7.18,43.78,1.0,9.0
52.0,60.0,79.0,19.45,18.23,8.38,75.63,1.0,7.0
57.0,73.0,85.0,18.49,14.72,7.36,91.95,1.0,7.0
65.0,60.0,43.0,21.97,81.9,5.66,227.36,0.0,6.0
9.0,77.0,17.0,20.12,24.45,5.78,106.16,0.0,0.0
81.0,45.0,23.0,19.33,68.03,6.19,84.23,3.0,3.0
115.0,18.0,53.0,29.17,94.2,6.01,22.07,3.0,8.0
83.0,9.0,45.0,25.85,89.13,6.05,46.85,2.0,5.0
31.0,75.0,18.0,15.47,21.44,5.82,88.89,0.0,0.0
75.0,56.0,18.0,19.4,62.36,5.7,60.95,3.0,3.0
92.0,20.0,55.0,25.1,87.53,6.59,59.27,2.0,5.0
61.0,44.0,17.0,26.1,71.57,6.93,102.27,3.0,3.0
11.0,72.0,20.0,19.52,24.93,5.95,113.33,0.0,0.0
114.0,8.0,52.0,29.34,94.55,6.42,28.23,3.0,8.0
12.0,6.0,8.0,30.85,92.87,6.39,107.41,1.0,4.0
25.0,68.0,77.0,20.09,15.11,7.7,85.75,1.0,7.0
22.0,78.0,76.0,17.85,19.09,8.62,76.32,1.0,7.0
32.0,14.0,37.0,22.73,88.49,6.83,104.68,3.0,2.0
119.0,5.0,55.0,29.69,94.3,6.17,26.84,3.0,8.0
29.0,63.0,17.0,30.03,67.89,7.26,66.47,3.0,1.0
90.0,52.0,25.0,25.97,69.36,6.82,103.22,3.0,3.0
52.0,70.0,16.0,33.67,66.6,7.53,67.33,3.0,1.0
113.0,20.0,48.0,27.47,94.88,6.44,27.28,3.0,8.0
101.0,17.0,55.0,24.37,87.13,6.45,44.64,2.0,5.0
1.0,62.0,23.0,15.44,18.37,5.61,139.03,0.0,0.0
73.0,58.0,21.0,19.97,57.68,6.6,60.65,3.0,3.0
3.0,77.0,25.0,24.85,22.89,5.61,62.21,0.0,0.0
4.0,23.0,5.0,22.68,93.36,7.48,110.33,1.0,4.0
19.0,78.0,16.0,20.65,23.11,5.97,67.72,0.0,0.0
40.0,58.0,75.0,18.59,14.78,6.17,89.61,1.0,7.0
40.0,29.0,42.0,24.63,89.02,7.1,110.7,3.0,2.0
30.0,44.0,16.0,29.73,82.89,6.44,50.92,1.0,9.0
102.0,11.0,47.0,27.99,92.78,6.5,27.15,3.0,8.0
39.0,76.0,76.0,19.97,15.57,6.14,69.16,1.0,7.0
27.0,79.0,82.0,17.07,17.54,6.31,70.87,1.0,7.0
10.0,59.0,15.0,29.83,89.3,6.32,58.87,1.0,9.0
104.0,17.0,46.0,25.71,80.23,6.19,43.09,2.0,5.0
4.0,67.0,25.0,23.79,24.36,5.95,119.64,0.0,0.0
30.0,64.0,20.0,33.86,61.57,6.57,68.02,3.0,1.0
99.0,5.0,47.0,24.13,84.84,6.65,51.19,2.0,5.0
39.0,9.0,15.0,25.35,91.81,7.99,116.76,1.0,4.0
66.0,44.0,20.0,19.08,69.02,6.74,80.73,3.0,3.0
23.0,57.0,19.0,32.84,68.0,7.25,73.4,3.0,1.0
52.0,60.0,79.0,19.45,18.23,8.38,75.63,1.0,7.0
27.0,56.0,20.0,29.21,87.11,6.42,51.54,1.0,9.0
99.0,39.0,18.0,19.2,68.31,6.11,87.85,3.0,3.0
29.0,11.0,5.0,23.13,91.95,7.64,104.42,1.0,4.0
104.0,25.0,51.0,28.96,93.88,6.47,23.56,3.0,8.0
34.0,71.0,79.0,17.93,15.86,7.73,74.64,1.0,7.0
22.0,56.0,17.0,29.88,87.33,6.89,44.75,1.0,9.0
84.0,18.0,46.0,27.09,93.42,6.78,25.32,3.0,8.0
19.0,17.0,39.0,24.72,85.56,6.73,111.28,3.0,2.0
57.0,73.0,85.0,18.49,14.72,7.36,91.95,1.0,7.0
66.0,54.0,21.0,25.19,60.2,5.92,72.12,3.0,3.0
60.0,44.0,23.0,24.79,70.05,5.72,76.73,3.0,3.0
27.0,56.0,22.0,19.92,20.7,5.83,108.64,0.0,0.0
91.0,24.0,55.0,26.27,83.09,6.26,46.77,2.0,5.0
29.0,21.0,45.0,23.41,93.13,6.75,105.22,3.0,2.0
19.0,7.0,9.0,27.26,91.71,6.97,101.14,1.0,4.0
27.0,30.0,5.0,32.72,90.55,7.66,113.33,1.0,4.0
49.0,68.0,22.0,28.57,61.53,7.13,63.5,3.0,1.0
79.0,45.0,20.0,23.81,59.25,5.72,89.96,3.0,3.0
30.0,70.0,79.0,20.27,19.97,7.31,69.64,1.0,7.0
91.0,53.0,40.0,26.53,81.42,5.39,264.61,0.0,6.0
108.0,23.0,51.0,26.84,83.85,6.11,40.23,2.0,5.0
99.0,39.0,18.0,19.2,68.31,6.11,87.85,3.0,3.0
116.0,25.0,50.0,29.26,92.92,6.09,28.71,3.0,8.0
6.0,18.0,37.0,19.66,89.94,5.94,108.05,3.0,2.0
44.0,74.0,85.0,20.19,19.64,7.15,78.26,1.0,7.0
30.0,37.0,25.0,29.89,80.14,7.12,54.8,1.0,9.0
116.0,25.0,50.0,29.26,92.92,6.09,28.71,3.0,8.0
39.0,37.0,15.0,29.0,83.79,6.82,59.84,1.0,9.0
34.0,59.0,18.0,23.38,21.99,5.74,87.67,0.0,0.0
34.0,71.0,79.0,17.93,15.86,7.73,74.64,1.0,7.0
56.0,67.0,78.0,17.57,16.72,8.26,77.82,1.0,7.0
60.0,48.0,39.0,24.28,80.3,7.04,231.09,0.0,6.0
83.0,60.0,36.0,25.6,80.15,6.9,200.83,0.0,6.0
57.0,68.0,81.0,17.17,17.3,8.08,72.79,1.0,7.0
99.0,6.0,45.0,26.13,86.55,6.0,40.71,2.0,5.0
28.0,35.0,22.0,29.53,86.73,7.16,59.87,1.0,9.0
59.0,55.0,19.0,31.74,62.51,7.33,68.97,3.0,1.0
98.0,7.0,45.0,27.79,92.51,6.16,26.85,3.0,8.0
14.0,22.0,9.0,17.25,91.14,6.54,112.51,1.0,4.0
94.0,39.0,18.0,23.89,57.49,5.89,102.83,3.0,3.0
76.0,40.0,43.0,25.16,83.12,5.07,231.38,0.0,6.0
93.0,22.0,48.0,29.13,91.52,6.78,21.9,3.0,8.0
57.0,67.0,25.0,32.35,66.61,7.55,64.56,3.0,1.0
3.0,26.0,39.0,24.38,91.19,7.08,103.6,3.0,2.0
36.0,43.0,21.0,28.36,84.86,7.14,52.93,1.0,9.0
29.0,11.0,5.0,23.13,91.95,7.64,104.42,1.0,4.0
11.0,71.0,24.0,21.14,22.72,5.61,141.61,0.0,0.0
42.0,79.0,85.0,17.22,15.82,6.13,76.58,1.0,7.0
12.0,8.0,10.0,16.15,91.44,8.0,107.43,1.0,4.0
90.0,23.0,54.0,28.56,90.46,6.16,27.27,3.0,8.0
21.0,63.0,22.0,25.1,67.73,6.86,74.62,3.0,1.0
11.0,18.0,42.0,21.58,94.88,5.94,102.86,3.0,2.0
11.0,61.0,21.0,18.62,23.02,5.53,135.34,0.0,0.0
25.0,60.0,22.0,21.63,21.18,5.89,134.36,0.0,0.0
67.0,45.0,38.0,22.73,82.17,7.3,260.89,0.0,6.0
90.0,57.0,24.0,18.93,72.8,6.16,82.34,3.0,3.0
18.0,23.0,44.0,23.71,89.62,6.18,105.65,3.0,2.0
34.0,35.0,21.0,28.45,82.68,6.68,58.19,1.0,9.0
50.0,56.0,76.0,21.0,19.86,7.97,73.51,1.0,7.0
40.0,30.0,35.0,20.89,91.08,6.27,104.44,3.0,2.0
117.0,24.0,53.0,29.17,92.21,6.29,21.3,3.0,8.0
85.0,27.0,45.0,26.07,88.73,6.47,57.8,2.0,5.0
28.0,7.0,9.0,34.59,92.13,6.73,115.57,1.0,4.0
97.0,12.0,47.0,25.29,89.64,6.77,58.29,2.0,5.0
60.0,55.0,44.0,23.0,82.32,7.84,263.96,0.0,6.0
5.0,74.0,21.0,16.24,21.36,5.59,66.97,0.0,0.0
26.0,11.0,11.0,13.7,90.96,7.61,106.29,1.0,4.0
14.0,8.0,43.0,21.93,94.46,7.05,111.72,3.0,2.0
37.0,50.0,23.0,29.65,88.49,6.53,56.02,1.0,9.0
62.0,42.0,36.0,22.78,82.07,6.43,248.72,0.0,6.0
5.0,23.0,15.0,25.67,92.05,7.41,112.54,1.0,4.0
15.0,6.0,41.0,19.01,88.84,6.9,108.68,3.0,2.0
87.0,21.0,52.0,27.35,94.29,6.07,27.21,3.0,8.0
0.0,12.0,7.0,20.18,90.65,6.97,116.81,1.0,4.0
20.0,7.0,45.0,18.91,89.24,6.08,112.48,3.0,2.0
58.0,70.0,84.0,20.65,16.61,6.23,74.66,1.0,7.0
22.0,60.0,85.0,18.84,14.74,6.81,94.78,1.0,7.0
36.0,55.0,20.0,27.01,84.34,6.64,55.3,1.0,9.0
85.0,9.0,53.0,28.21,92.87,6.45,28.79,3.0,8.0
40.0,64.0,16.0,16.43,24.24,5.93,140.37,0.0,0.0
93.0,58.0,38.0,20.62,83.77,6.93,279.55,0.0,6.0
20.0,7.0,45.0,18.91,89.24,6.08,112.48,3.0,2.0
18.0,5.0,11.0,20.88,90.94,6.25,102.46,1.0,4.0
59.0,69.0,80.0,19.08,17.87,8.17,69.41,1.0,7.0
77.0,58.0,19.0,22.81,56.51,5.79,101.6,3.0,3.0
82.0,25.0,51.0,24.31,87.47,6.07,48.11,2.0,5.0
20.0,79.0,77.0,18.55,16.03,7.65,76.33,1.0,7.0
53.0,65.0,76.0,20.19,16.42,6.72,77.34,1.0,7.0
27.0,76.0,83.0,19.13,14.92,6.29,89.62,1.0,7.0
8.0,16.0,6.0,12.23,90.26,7.11,108.42,1.0,4.0
25.0,17.0,40.0,18.91,87.75,6.61,111.28,3.0,2.0
97.0,36.0,45.0,22.23,81.86,6.94,278.08,0.0,6.0
11.0,71.0,17.0,19.92,21.47,5.75,82.69,0.0,0.0
91.0,24.0,55.0,26.27,83.09,6.26,46.77,2.0,5.0
120.0,8.0,46.0,29.56,90.71,6.73,28.37,3.0,8.0
25.0,70.0,16.0,19.63,18.91,5.76,106.36,0.0,0.0
87.0,54.0,20.0,25.62,63.47,6.58,108.83,3.0,3.0
99.0,6.0,46.0,28.61,94.22,6.4,28.99,3.0,8.0
105.0,30.0,50.0,25.3,81.78,6.38,57.04,2.0,5.0
60.0,68.0,83.0,19.12,18.43,6.62,85.53,1.0,7.0
92.0,7.0,48.0,26.28,86.63,6.96,54.39,2.0,5.0
29.0,36.0,25.0,28.29,88.44,7.13,48.57,1.0,9.0
19.0,65.0,25.0,18.1,18.29,5.63,144.79,0.0,0.0
31.0,11.0,45.0,24.84,86.89,6.03,107.64,3.0,2.0
12.0,8.0,10.0,16.15,91.44,8.0,107.43,1.0,4.0
13.0,47.0,20.0,29.22,87.94,6.54,43.14,1.0,9.0
27.0,59.0,22.0,21.81,23.21,5.79,130.06,0.0,0.0
63.0,35.0,16.0,22.03,65.36,6.27,83.73,3.0,3.0
15.0,14.0,8.0,10.01,90.22,6.22,119.39,1.0,4.0
0.0,23.0,15.0,22.57,93.37,7.6,109.86,1.0,4.0
96.0,13.0,55.0,29.53,94.57,6.7,21.14,3.0,8.0
20.0,60.0,25.0,27.33,69.09,6.73,61.19,3.0,1.0
26.0,65.0,22.0,17.85,18.78,5.95,143.1,0.0,0.0
80.0,26.0,55.0,24.53,88.99,6.14,49.12,2.0,5.0
93.0,22.0,48.0,29.13,91.52,6.78,21.9,3.0,8.0
22.0,70.0,19.0,18.24,21.08,5.52,69.45,0.0,0.0
53.0,74.0,15.0,29.43,64.94,7.52,72.18,3.0,1.0
22.0,70.0,19.0,18.24,21.08,5.52,69.45,0.0,0.0
19.0,65.0,25.0,18.1,18.29,5.63,144.79,0.0,0.0
27.0,62.0,24.0,28.63,66.77,7.35,62.27,3.0,1.0
90.0,23.0,54.0,28.56,90.46,6.16,27.27,3.0,8.0
87.0,54.0,20.0,25.62,63.47,6.58,108.83,3.0,3.0
37.0,6.0,13.0,26.03,91.51,7.51,101.28,1.0,4.0
120.0,20.0,45.0,25.67,88.7,6.11,54.23,2.0,5.0
94.0,53.0,40.0,20.28,82.89,5.72,241.97,0.0,6.0
13.0,17.0,45.0,21.25,92.65,7.16,106.28,3.0,2.0
73.0,57.0,41.0,21.45,84.94,5.82,272.2,0.0,6.0
101.0,17.0,47.0,29.49,94.73,6.19,26.31,3.0,8.0
103.0,17.0,51.0,25.11,80.03,6.21,44.21,2.0,5.0
40.0,18.0,43.0,19.39,86.79,5.77,109.91,3.0,2.0
12.0,61.0,19.0,19.33,24.14,5.66,68.51,0.0,0.0
85.0,58.0,41.0,21.77,80.32,7.04,226.66,0.0,6.0
18.0,5.0,11.0,20.88,90.94,6.25,102.46,1.0,4.0
81.0,25.0,49.0,29.87,93.25,6.08,26.26,3.0,8.0
21.0,38.0,21.0,29.76,86.45,6.64,37.55,1.0,9.0
6.0,8.0,11.0,24.36,92.4,6.6,119.69,1.0,4.0
11.0,71.0,24.0,21.14,22.72,5.61,141.61,0.0,0.0
11.0,78.0,22.0,23.9,22.74,5.94,112.66,0.0,0.0
13.0,8.0,12.0,25.16,92.55,7.11,114.31,1.0,4.0
117.0,25.0,54.0,28.68,92.51,6.15,29.11,3.0,8.0
9.0,77.0,17.0,20.12,24.45,5.78,106.16,0.0,0.0
76.0,49.0,42.0,24.96,84.48,5.21,196.96,0.0,6.0
94.0,50.0,37.0,25.67,80.66,6.95,209.59,0.0,6.0
35.0,69.0,23.0,16.79,24.97,5.58,75.45,0.0,0.0
29.0,11.0,5.0,23.13,91.95,7.64,104.42,1.0,4.0
3.0,26.0,39.0,24.38,91.19,7.08,103.6,3.0,2.0
44.0,75.0,22.0,30.03,64.15,7.57,71.21,3.0,1.0
41.0,74.0,18.0,28.76,61.03,6.6,73.38,3.0,1.0
6.0,8.0,11.0,24.36,92.4,6.6,119.69,1.0,4.0
14.0,67.0,15.0,19.56,24.67,5.69,139.29,0.0,0.0
9.0,48.0,20.0,29.66,84.28,6.38,56.1,1.0,9.0
22.0,79.0,17.0,21.42,20.4,5.91,116.52,0.0,0.0
14.0,59.0,15.0,21.35,22.91,5.78,146.45,0.0,0.0
91.0,21.0,50.0,24.34,81.44,6.76,48.32,2.0,5.0
99.0,38.0,21.0,22.88,71.6,6.35,67.73,3.0,3.0
36.0,66.0,15.0,30.09,69.35,6.67,67.14,3.0,1.0
82.0,22.0,45.0,26.22,85.35,6.51,54.6,2.0,5.0
29.0,25.0,14.0,30.49,90.46,7.78,113.33,1.0,4.0
102.0,28.0,54.0,25.16,80.28,6.86,55.5,2.0,5.0
63.0,35.0,16.0,22.03,65.36,6.27,83.73,3.0,3.0
68.0,40.0,19.0,26.14,66.21,6.66,107.24,3.0,3.0
14.0,48.0,21.0,29.25,84.8,6.99,53.43,1.0,9.0
31.0,25.0,12.0,18.05,90.04,7.02,111.78,1.0,4.0
40.0,78.0,20.0,19.19,20.83,5.67,80.15,0.0,0.0
82.0,25.0,51.0,24.31,87.47,6.07,48.11,2.0,5.0
101.0,17.0,55.0,24.37,87.13,6.45,44.64,2.0,5.0
8.0,54.0,20.0,28.33,80.77,7.03,38.8,1.0,9.0
24.0,30.0,11.0,32.4,94.52,6.6,113.25,1.0,4.0
9.0,10.0,10.0,22.36,93.52,6.01,101.52,1.0,4.0
35.0,72.0,21.0,34.04,64.29,7.74,66.86,3.0,1.0
8.0,72.0,17.0,20.57,19.75,5.71,87.88,0.0,0.0
10.0,5.0,5.0,21.21,91.35,7.82,112.98,1.0,4.0
52.0,65.0,20.0,32.82,66.16,6.81,68.84,3.0,1.0
52.0,65.0,20.0,32.82,66.16,6.81,68.84,3.0,1.0
3.0,77.0,25.0,24.85,22.89,5.61,62.21,0.0,0.0
89.0,60.0,17.0,25.38,57.21,5.98,101.7,3.0,3.0
55.0,78.0,21.0,33.39,62.94,6.6,63.57,3.0,1.0
114.0,27.0,48.0,27.82,93.04,6.53,26.32,3.0,8.0
99.0,36.0,20.0,20.58,65.35,6.67,78.35,3.0,3.0
37.0,18.0,39.0,24.15,94.51,6.42,110.23,3.0,2.0
29.0,36.0,25.0,28.29,88.44,7.13,48.57,1.0,9.0
77.0,52.0,17.0,24.86,65.74,5.71,75.82,3.0,3.0
104.0,17.0,46.0,25.71,80.23,6.19,43.09,2.0,5.0
30.0,75.0,81.0,19.42,16.81,6.41,68.52,1.0,7.0
101.0,17.0,55.0,24.37,87.13,6.45,44.64,2.0,5.0
11.0,10.0,45.0,22.63,88.46,6.4,109.04,3.0,2.0
92.0,60.0,23.0,18.67,71.52,5.72,69.93,3.0,3.0
90.0,14.0,52.0,24.85,89.2,6.39,59.68,2.0,5.0
120.0,8.0,46.0,29.56,90.71,6.73,28.37,3.0,8.0
22.0,70.0,19.0,18.24,21.08,5.52,69.45,0.0,0.0
42.0,73.0,25.0,34.04,67.21,6.5,73.24,3.0,1.0
9.0,48.0,22.0,27.77,87.1,6.4,49.51,1.0,9.0
39.0,17.0,45.0,18.1,90.42,6.92,104.88,3.0,2.0
26.0,27.0,10.0,28.07,92.91,6.08,114.13,1.0,4.0
32.0,13.0,42.0,23.5,92.98,5.79,106.62,3.0,2.0
63.0,35.0,16.0,22.03,65.36,6.27,83.73,3.0,3.0
61.0,53.0,43.0,26.4,81.06,6.35,223.37,0.0,6.0
40.0,58.0,75.0,18.59,14.78,6.17,89.61,1.0,7.0
104.0,17.0,46.0,25.71,80.23,6.19,43.09,2.0,5.0
24.0,55.0,78.0,17.3,15.15,6.65,75.58,1.0,7.0
76.0,40.0,43.0,25.16,83.12,5.07,231.38,0.0,6.0
83.0,45.0,21.0,18.83,58.75,5.72,79.75,3.0,3.0
4.0,44.0,19.0,27.96,83.53,6.92,43.26,1.0,9.0
95.0,26.0,45.0,29.92,94.56,6.12,28.16,3.0,8.0
85.0,22.0,53.0,25.97,89.77,6.85,59.46,2.0,5.0
10.0,5.0,5.0,21.21,91.35,7.82,112.98,1.0,4.0
29.0,21.0,45.0,23.41,93.13,6.75,105.22,3.0,2.0
114.0,30.0,51.0,29.25,90.07,6.07,25.93,3.0,8.0
14.0,19.0,14.0,17.68,94.36,6.7,108.06,1.0,4.0
39.0,24.0,14.0,30.55,90.9,7.19,106.07,1.0,4.0
8.0,54.0,20.0,28.33,80.77,7.03,38.8,1.0,9.0
21.0,38.0,21.0,29.76,86.45,6.64,37.55,1.0,9.0
12.0,29.0,13.0,22.46,91.53,7.57,118.01,1.0,4.0
65.0,37.0,40.0,23.36,83.6,5.33,188.41,0.0,6.0
74.0,56.0,22.0,18.28,66.66,6.83,80.98,3.0,3.0
99.0,38.0,21.0,22.88,71.6,6.35,67.73,3.0,3.0
51.0,72.0,75.0,18.89,14.99,7.1,80.11,1.0,7.0
31.0,55.0,22.0,22.91,21.34,5.87,109.23,0.0,0.0
15.0,6.0,41.0,19.01,88.84,6.9,108.68,3.0,2.0
14.0,37.0,15.0,27.96,83.98,6.58,48.94,1.0,9.0
51.0,72.0,75.0,18.89,14.99,7.1,80.11,1.0,7.0
38.0,36.0,21.0,28.03,84.88,6.56,36.12,1.0,9.0
29.0,22.0,43.0,19.66,87.95,5.56,106.04,3.0,2.0
83.0,25.0,53.0,26.49,80.05,6.06,57.73,2.0,5.0
100.0,6.0,53.0,29.05,93.92,6.11,23.67,3.0,8.0
40.0,51.0,17.0,28.66,86.12,6.86,50.02,1.0,9.0
101.0,13.0,54.0,25.43,82.91,6.83,56.34,2.0,5.0
89.0,60.0,19.0,25.19,66.69,5.91,78.07,3.0,3.0
95.0,39.0,36.0,23.86,83.15,5.56,285.25,0.0,6.0
52.0,70.0,16.0,33.67,66.6,7.53,67.33,3.0,1.0
91.0,24.0,55.0,26.27,83.09,6.26,46.77,2.0,5.0
18.0,14.0,11.0,28.05,90.01,6.55,117.13,1.0,4.0
5.0,59.0,15.0,18.87,20.18,5.97,134.18,0.0,0.0
69.0,46.0,41.0,23.64,80.29,5.01,263.11,0.0,6.0
61.0,60.0,15.0,24.88,68.74,6.27,91.26,3.0,3.0
31.0,53.0,16.0,28.74,85.82,6.45,48.55,1.0,9.0
37.0,64.0,22.0,17.48,18.83,5.95,121.94,0.0,0.0
39.0,58.0,85.0,17.89,15.41,6.0,68.55,1.0,7.0
11.0,72.0,20.0,19.52,24.93,5.95,113.33,0.0,0.0
95.0,16.0,55.0,25.27,87.55,6.61,40.13,2.0,5.0
11.0,18.0,42.0,21.58,94.88,5.94,102.86,3.0,2.0
10.0,56.0,16.0,28.17,81.05,6.83,36.36,1.0,9.0
73.0,57.0,41.0,21.45,84.94,5.82,272.2,0.0,6.0
27.0,79.0,82.0,17.07,17.54,6.31,70.87,1.0,7.0
89.0,45.0,36.0,21.33,80.47,6.44,185.5,0.0,6.0
91.0,50.0,40.0,20.82,84.13,6.46,230.22,0.0,6.0
6.0,18.0,37.0,19.66,89.94,5.94,108.05,3.0,2.0
56.0,76.0,16.0,28.27,61.19,7.51,63.3,3.0,1.0
20.0,60.0,78.0,18.17,14.7,6.36,90.78,1.0,7.0
37.0,55.0,82.0,19.46,18.02,6.42,78.45,1.0,7.0
3.0,9.0,45.0,23.89,89.62,6.54,104.62,3.0,2.0
26.0,80.0,18.0,19.33,23.33,5.58,104.78,0.0,0.0
115.0,12.0,52.0,27.51,94.96,6.69,21.02,3.0,8.0
60.0,46.0,22.0,24.89,65.61,6.63,87.93,3.0,3.0
112.0,28.0,54.0,24.86,85.05,6.74,55.3,2.0,5.0
5.0,29.0,44.0,21.02,93.06,5.58,104.78,3.0,2.0
12.0,29.0,40.0,19.68,89.75,6.59,111.28,3.0,2.0
7.0,16.0,9.0,18.88,92.04,7.81,114.67,1.0,4.0
59.0,70.0,84.0,17.33,18.75,7.55,82.62,1.0,7.0
14.0,59.0,15.0,21.35,22.91,5.78,146.45,0.0,0.0
21.0,21.0,38.0,22.55,89.33,6.33,104.9,3.0,2.0
28.0,74.0,81.0,18.01,18.31,8.75,81.99,1.0,7.0
2.0,24.0,38.0,24.56,91.64,5.92,111.97,3.0,2.0
66.0,54.0,21.0,25.19,60.2,5.92,72.12,3.0,3.0
1.0,48.0,24.0,29.35,85.6,6.23,59.04,1.0,9.0
86.0,18.0,45.0,28.97,90.72,6.57,22.26,3.0,8.0
83.0,58.0,45.0,25.76,83.52,5.88,245.66,0.0,6.0
120.0,16.0,51.0,28.0,91.64,6.55,23.29,3.0,8.0
36.0,76.0,75.0,18.38,16.64,8.74,70.52,1.0,7.0
74.0,35.0,40.0,26.49,80.16,6.98,242.86,0.0,6.0
27.0,72.0,23.0,19.93,21.8,5.96,64.03,0.0,0.0
7.0,16.0,9.0,18.88,92.04,7.81,114.67,1.0,4.0
89.0,54.0,38.0,24.52,83.54,6.69,230.45,0.0,6.0
31.0,25.0,12.0,18.05,90.04,7.02,111.78,1.0,4.0
43.0,79.0,79.0,19.41,18.98,7.81,80.25,1.0,7.0
39.0,71.0,84.0,20.28,16.4,8.14,82.52,1.0,7.0
105.0,30.0,50.0,25.3,81.78,6.38,57.04,2.0,5.0
17.0,77.0,23.0,24.51,20.82,5.67,64.19,0.0,0.0
95.0,16.0,46.0,27.08,90.14,6.75,24.45,3.0,8.0
9.0,69.0,20.0,19.31,23.96,5.59,129.34,0.0,0.0
18.0,5.0,11.0,20.88,90.94,6.25,102.46,1.0,4.0
85.0,58.0,41.0,21.77,80.32,7.04,226.66,0.0,6.0
27.0,56.0,20.0,19.26,20.51,5.54,94.95,0.0,0.0
43.0,68.0,81.0,17.48,17.93,6.76,78.92,1.0,7.0
97.0,25.0,50.0,26.22,80.9,6.09,49.09,2.0,5.0
27.0,64.0,15.0,20.16,24.84,5.51,138.24,0.0,0.0
22.0,78.0,76.0,17.85,19.09,8.62,76.32,1.0,7.0
83.0,10.0,53.0,24.93,85.01,6.2,48.76,2.0,5.0
101.0,17.0,55.0,24.37,87.13,6.45,44.64,2.0,5.0
4.0,14.0,41.0,19.85,89.81,6.43,102.82,3.0,2.0
72.0,60.0,25.0,18.53,69.03,5.77,88.1,3.0,3.0
5.0,65.0,16.0,21.33,18.49,5.87,109.1,0.0,0.0
97.0,25.0,50.0,26.22,80.9,6.09,49.09,2.0,5.0
12.0,78.0,23.0,16.07,18.72,6.0,88.07,0.0,0.0
90.0,15.0,52.0,27.05,91.38,6.45,23.66,3.0,8.0
61.0,52.0,41.0,24.98,83.89,6.88,204.8,0.0,6.0
8.0,26.0,36.0,18.78,87.4,6.8,102.52,3.0,2.0
24.0,80.0,19.0,29.68,69.09,6.81,65.66,3.0,1.0
93.0,58.0,38.0,20.62,83.77,6.93,279.55,0.0,6.0
57.0,73.0,85.0,18.49,14.72,7.36,91.95,1.0,7.0
37.0,18.0,12.0,10.27,90.19,7.4,106.7,1.0,4.0
25.0,70.0,16.0,19.63,18.91,5.76,106.36,0.0,0.0
65.0,60.0,43.0,21.97,81.9,5.66,227.36,0.0,6.0
96.0,46.0,22.0,20.58,69.0,6.5,66.29,3.0,3.0
41.0,74.0,18.0,28.76,61.03,6.6,73.38,3.0,1.0
34.0,59.0,18.0,23.38,21.99,5.74,87.67,0.0,0.0
63.0,35.0,16.0,22.03,65.36,6.27,83.73,3.0,3.0
52.0,63.0,19.0,29.59,68.32,6.93,67.53,3.0,1.0
95.0,7.0,45.0,27.3,90.8,6.03,25.09,3.0,8.0
49.0,71.0,76.0,19.71,17.64,6.61,85.58,1.0,7.0
83.0,29.0,52.0,25.76,87.59,6.7,46.05,2.0,5.0
3.0,9.0,45.0,23.89,89.62,6.54,104.62,3.0,2.0
98.0,25.0,52.0,25.28,83.15,6.22,49.29,2.0,5.0
102.0,11.0,45.0,29.03,93.13,6.36,24.16,3.0,8.0
38.0,60.0,76.0,18.65,17.81,8.87,77.93,1.0,7.0
3.0,67.0,24.0,17.0,19.91,5.52,103.29,0.0,0.0
33.0,75.0,84.0,19.46,18.73,7.22,68.81,1.0,7.0
36.0,43.0,22.0,27.83,87.17,6.39,58.37,1.0,9.0
91.0,13.0,47.0,29.11,92.44,6.14,27.96,3.0,8.0
78.0,58.0,44.0,26.8,80.89,5.11,284.44,0.0,6.0
110.0,21.0,54.0,26.74,87.82,6.75,47.46,2.0,5.0
10.0,59.0,15.0,29.83,89.3,6.32,58.87,1.0,9.0
35.0,64.0,78.0,17.93,14.27,7.5,85.37,1.0,7.0
13.0,47.0,20.0,29.22,87.94,6.54,43.14,1.0,9.0
32.0,79.0,15.0,23.91,20.75,5.71,81.6,0.0,0.0
20.0,8.0,12.0,25.3,94.96,7.26,117.97,1.0,4.0
9.0,16.0,39.0,18.41,91.12,6.1,105.18,3.0,2.0
82.0,25.0,51.0,24.31,87.47,6.07,48.11,2.0,5.0
110.0,14.0,51.0,27.02,91.67,6.09,21.26,3.0,8.0
68.0,57.0,43.0,26.09,80.38,5.71,182.9,0.0,6.0
99.0,36.0,20.0,20.58,65.35,6.67,78.35,3.0,3.0
29.0,22.0,43.0,19.66,87.95,5.56,106.04,3.0,2.0
31.0,53.0,16.0,28.74,85.82,6.45,48.55,1.0,9.0
49.0,55.0,78.0,18.66,16.18,7.86,81.71,1.0,7.0
53.0,65.0,76.0,20.19,16.42,6.72,77.34,1.0,7.0
27.0,64.0,21.0,32.84,68.68,7.54,73.67,3.0,1.0
27.0,62.0,77.0,18.2,14.71,6.58,70.18,1.0,7.0
22.0,9.0,44.0,24.72,88.88,5.74,112.19,3.0,2.0
21.0,6.0,41.0,24.88,89.4,7.09,107.2,3.0,2.0
51.0,72.0,75.0,18.89,14.99,7.1,80.11,1.0,7.0
85.0,22.0,53.0,25.97,89.77,6.85,59.46,2.0,5.0
36.0,76.0,75.0,18.38,16.64,8.74,70.52,1.0,7.0
99.0,50.0,15.0,18.15,71.09,5.57,88.08,3.0,3.0
11.0,18.0,42.0,21.58,94.88,5.94,102.86,3.0,2.0
25.0,70.0,16.0,19.63,18.91,5.76,106.36,0.0,0.0
3.0,9.0,45.0,23.89,89.62,6.54,104.62,3.0,2.0
81.0,45.0,35.0,26.53,80.12,6.16,218.92,0.0,6.0
107.0,5.0,52.0,26.66,89.98,6.88,57.41,2.0,5.0
29.0,16.0,36.0,19.81,88.93,5.74,102.86,3.0,2.0
40.0,58.0,75.0,18.59,14.78,6.17,89.61,1.0,7.0
78.0,42.0,42.0,20.13,81.6,7.63,262.72,0.0,6.0
4.0,13.0,6.0,15.63,94.26,7.56,101.47,1.0,4.0
12.0,6.0,8.0,30.85,92.87,6.39,107.41,1.0,4.0
53.0,73.0,77.0,19.71,18.1,7.33,73.64,1.0,7.0
26.0,65.0,22.0,17.85,18.78,5.95,143.1,0.0,0.0
58.0,63.0,81.0,19.81,14.7,6.52,78.97,1.0,7.0
89.0,45.0,36.0,21.33,80.47,6.44,185.5,0.0,6.0
39.0,37.0,15.0,29.0,83.79,6.82,59.84,1.0,9.0
22.0,56.0,17.0,29.88,87.33,6.89,44.75,1.0,9.0
60.0,44.0,23.0,24.79,70.05,5.72,76.73,3.0,3.0
93.0,53.0,38.0,26.93,81.91,7.07,290.68,0.0,6.0
71.0,54.0,16.0,22.61,63.69,5.75,87.76,3.0,3.0
12.0,20.0,10.0,24.45,93.11,6.53,109.47,1.0,4.0
25.0,48.0,21.0,28.44,83.49,6.27,52.55,1.0,9.0
99.0,6.0,45.0,26.13,86.55,6.0,40.71,2.0,5.0
113.0,28.0,48.0,28.88,92.49,6.17,24.44,3.0,8.0
1.0,62.0,23.0,15.44,18.37,5.61,139.03,0.0,0.0
4.0,13.0,6.0,15.63,94.26,7.56,101.47,1.0,4.0
36.0,43.0,22.0,27.83,87.17,6.39,58.37,1.0,9.0
11.0,46.0,24.0,27.65,89.81,6.46,56.53,1.0,9.0
39.0,37.0,15.0,29.0,83.79,6.82,59.84,1.0,9.0
29.0,70.0,15.0,30.33,63.55,6.87,74.17,3.0,1.0
37.0,66.0,85.0,20.93,18.91,6.46,78.07,1.0,7.0
22.0,60.0,24.0,18.78,20.25,5.63,104.26,0.0,0.0
25.0,62.0,21.0,26.73,68.14,7.04,67.15,3.0,1.0
12.0,78.0,23.0,16.07,18.72,6.0,88.07,0.0,0.0
37.0,66.0,85.0,20.93,18.91,6.46,78.07,1.0,7.0
114.0,30.0,51.0,29.25,90.07,6.07,25.93,3.0,8.0
89.0,25.0,50.0,27.05,91.35,6.38,25.08,3.0,8.0
22.0,26.0,38.0,22.92,85.13,6.99,110.24,3.0,2.0
91.0,55.0,15.0,18.09,72.61,6.38,78.96,3.0,3.0
22.0,60.0,85.0,18.84,14.74,6.81,94.78,1.0,7.0
95.0,38.0,22.0,19.85,61.25,5.73,100.77,3.0,3.0
90.0,23.0,54.0,28.56,90.46,6.16,27.27,3.0,8.0
27.0,24.0,41.0,24.33,90.88,6.61,110.46,3.0,2.0
30.0,44.0,16.0,29.73,82.89,6.44,50.92,1.0,9.0
85.0,21.0,52.0,29.63,90.1,6.08,23.7,3.0,8.0
6.0,62.0,22.0,20.53,18.09,5.82,120.45,0.0,0.0
52.0,60.0,79.0,19.45,18.23,8.38,75.63,1.0,7.0
34.0,59.0,23.0,28.56,83.25,6.94,56.48,1.0,9.0
17.0,77.0,23.0,24.51,20.82,5.67,64.19,0.0,0.0
85.0,9.0,53.0,28.21,92.87,6.45,28.79,3.0,8.0
5.0,45.0,21.0,28.36,88.01,6.49,43.05,1.0,9.0
4.0,67.0,25.0,23.79,24.36,5.95,119.64,0.0,0.0
29.0,22.0,40.0,23.63,89.73,6.15,107.68,3.0,2.0
23.0,59.0,25.0,27.83,88.73,6.32,56.69,1.0,9.0
40.0,17.0,15.0,21.35,90.95,7.87,107.09,1.0,4.0
82.0,23.0,49.0,26.81,87.22,6.87,51.7,2.0,5.0
1.0,15.0,9.0,29.98,94.55,7.53,115.36,1.0,4.0
108.0,23.0,51.0,26.84,83.85,6.11,40.23,2.0,5.0
114.0,27.0,48.0,27.82,93.04,6.53,26.32,3.0,8.0
21.0,51.0,15.0,29.36,89.19,6.68,48.3,1.0,9.0
20.0,41.0,20.0,29.27,89.49,7.07,50.92,1.0,9.0
34.0,59.0,18.0,23.38,21.99,5.74,87.67,0.0,0.0
31.0,55.0,22.0,22.91,21.34,5.87,109.23,0.0,0.0
31.0,58.0,15.0,27.11,84.97,7.12,51.53,1.0,9.0
4.0,36.0,22.0,27.61,86.13,7.01,43.8,1.0,9.0
78.0,43.0,42.0,21.32,83.0,7.28,192.32,0.0,6.0
57.0,73.0,85.0,18.49,14.72,7.36,91.95,1.0,7.0
30.0,37.0,25.0,29.89,80.14,7.12,54.8,1.0,9.0
3.0,9.0,45.0,23.89,89.62,6.54,104.62,3.0,2.0
27.0,62.0,77.0,18.2,14.71,6.58,70.18,1.0,7.0
102.0,11.0,47.0,27.99,92.78,6.5,27.15,3.0,8.0
8.0,45.0,18.0,27.93,85.42,7.01,43.25,1.0,9.0
94.0,39.0,18.0,23.89,57.49,5.89,102.83,3.0,3.0
22.0,60.0,85.0,18.84,14.74,6.81,94.78,1.0,7.0
97.0,50.0,41.0,24.53,80.54,7.07,260.26,0.0,6.0
32.0,25.0,35.0,18.1,85.71,5.89,107.01,3.0,2.0
100.0,10.0,53.0,24.54,84.61,6.21,42.01,2.0,5.0
71.0,52.0,18.0,25.11,55.98,5.79,78.16,3.0,3.0
100.0,18.0,52.0,26.2,80.38,6.88,56.48,2.0,5.0
20.0,23.0,11.0,31.85,90.12,6.41,109.95,1.0,4.0
99.0,5.0,47.0,24.13,84.84,6.65,51.19,2.0,5.0
89.0,22.0,52.0,24.9,86.11,6.22,53.15,2.0,5.0
112.0,25.0,51.0,25.05,85.57,6.93,56.72,2.0,5.0
73.0,58.0,21.0,19.97,57.68,6.6,60.65,3.0,3.0
22.0,60.0,24.0,18.78,20.25,5.63,104.26,0.0,0.0
74.0,55.0,19.0,18.05,62.89,6.29,84.24,3.0,3.0
86.0,36.0,24.0,26.55,72.89,5.79,73.34,3.0,3.0
83.0,45.0,21.0,18.83,58.75,5.72,79.75,3.0,3.0
38.0,36.0,21.0,28.03,84.88,6.56,36.12,1.0,9.0
34.0,9.0,36.0,22.81,86.34,6.28,110.44,3.0,2.0
101.0,11.0,51.0,25.51,84.24,6.79,44.21,2.0,5.0
93.0,58.0,38.0,20.62,83.77,6.93,279.55,0.0,6.0
36.0,38.0,15.0,28.36,87.6,6.32,58.0,1.0,9.0
62.0,48.0,20.0,21.7,60.47,6.71,95.71,3.0,3.0
43.0,79.0,79.0,19.41,18.98,7.81,80.25,1.0,7.0
89.0,45.0,36.0,21.33,80.47,6.44,185.5,0.0,6.0
6.0,62.0,22.0,20.53,18.09,5.82,120.45,0.0,0.0
40.0,78.0,20.0,19.19,20.83,5.67,80.15,0.0,0.0
11.0,18.0,42.0,21.58,94.88,5.94,102.86,3.0,2.0
74.0,48.0,17.0,21.63,60.28,6.43,69.22,3.0,3.0
34.0,47.0,19.0,27.31,85.45,6.57,53.15,1.0,9.0
23.0,72.0,84.0,19.02,17.13,6.92,79.93,1.0,7.0
22.0,60.0,24.0,18.78,20.25,5.63,104.26,0.0,0.0
4.0,24.0,43.0,22.4,88.15,7.2,109.87,3.0,2.0
34.0,35.0,21.0,28.45,82.68,6.68,58.19,1.0,9.0
4.0,44.0,19.0,27.96,83.53,6.92,43.26,1.0,9.0
112.0,25.0,51.0,25.05,85.57,6.93,56.72,2.0,5.0
77.0,52.0,17.0,24.86,65.74,5.71,75.82,3.0,3.0
37.0,55.0,82.0,19.46,18.02,6.42,78.45,1.0,7.0
83.0,45.0,21.0,18.83,58.75,5.72,79.75,3.0,3.0
76.0,60.0,39.0,20.05,80.35,6.77,208.58,0.0,6.0
59.0,58.0,17.0,28.55,66.31,7.37,62.83,3.0,1.0
39.0,71.0,84.0,20.28,16.4,8.14,82.52,1.0,7.0
36.0,55.0,20.0,27.01,84.34,6.64,55.3,1.0,9.0
24.0,30.0,11.0,32.4,94.52,6.6,113.25,1.0,4.0
99.0,29.0,55.0,29.19,91.46,6.66,26.48,3.0,8.0
85.0,58.0,41.0,21.77,80.32,7.04,226.66,0.0,6.0
21.0,63.0,22.0,25.1,67.73,6.86,74.62,3.0,1.0
9.0,8.0,40.0,22.49,89.92,6.55,111.66,3.0,2.0
26.0,11.0,11.0,13.7,90.96,7.61,106.29,1.0,4.0
30.0,70.0,79.0,20.27,19.97,7.31,69.64,1.0,7.0
51.0,72.0,75.0,18.89,14.99,7.1,80.11,1.0,7.0
52.0,60.0,79.0,19.45,18.23,8.38,75.63,1.0,7.0
22.0,64.0,82.0,19.49,17.17,6.47,87.51,1.0,7.0
99.0,39.0,18.0,19.2,68.31,6.11,87.85,3.0,3.0
30.0,70.0,79.0,20.27,19.97,7.31,69.64,1.0,7.0
17.0,59.0,17.0,18.42,23.43,5.69,132.98,0.0,0.0
13.0,30.0,37.0,20.86,91.62,6.28,106.87,3.0,2.0
81.0,6.0,55.0,24.89,85.87,6.11,51.71,2.0,5.0
1.0,62.0,23.0,15.44,18.37,5.61,139.03,0.0,0.0
44.0,55.0,25.0,29.63,65.91,7.42,71.16,3.0,1.0
108.0,22.0,47.0,28.54,91.73,6.16,25.13,3.0,8.0
37.0,72.0,18.0,18.88,24.54,5.72,105.41,0.0,0.0
14.0,67.0,22.0,23.83,24.75,5.62,84.64,0.0,0.0
13.0,72.0,21.0,24.32,21.03,5.82,60.28,0.0,0.0
31.0,8.0,7.0,34.51,93.64,7.16,103.57,1.0,4.0
35.0,64.0,15.0,28.47,63.54,6.5,69.53,3.0,1.0
37.0,64.0,22.0,17.48,18.83,5.95,121.94,0.0,0.0
93.0,41.0,17.0,25.62,66.5,6.05,105.47,3.0,3.0
29.0,70.0,15.0,30.33,63.55,6.87,74.17,3.0,1.0
0.0,18.0,14.0,29.77,92.01,7.21,114.42,1.0,4.0
40.0,64.0,16.0,16.43,24.24,5.93,140.37,0.0,0.0
25.0,27.0,41.0,19.2,94.28,6.92,108.04,3.0,2.0
112.0,28.0,54.0,24.86,85.05,6.74,55.3,2.0,5.0
20.0,79.0,77.0,18.55,16.03,7.65,76.33,1.0,7.0
0.0,18.0,14.0,29.77,92.01,7.21,114.42,1.0,4.0
95.0,13.0,46.0,29.84,93.76,6.13,23.28,3.0,8.0
58.0,70.0,84.0,20.65,16.61,6.23,74.66,1.0,7.0
30.0,70.0,79.0,20.27,19.97,7.31,69.64,1.0,7.0
14.0,37.0,15.0,27.96,83.98,6.58,48.94,1.0,9.0
113.0,6.0,52.0,27.76,90.36,6.74,25.22,3.0,8.0
61.0,44.0,17.0,26.1,71.57,6.93,102.27,3.0,3.0
33.0,37.0,19.0,27.93,86.55,7.18,43.48,1.0,9.0
17.0,58.0,20.0,28.07,85.92,6.43,39.24,1.0,9.0
20.0,40.0,15.0,29.57,88.08,7.2,45.04,1.0,9.0
11.0,61.0,21.0,18.62,23.02,5.53,135.34,0.0,0.0
48.0,65.0,78.0,17.44,14.34,7.86,73.09,1.0,7.0
78.0,48.0,22.0,23.09,63.1,5.59,70.43,3.0,3.0
89.0,9.0,47.0,29.47,90.77,6.67,28.75,3.0,8.0
83.0,45.0,21.0,18.83,58.75,5.72,79.75,3.0,3.0
32.0,14.0,37.0,22.73,88.49,6.83,104.68,3.0,2.0
85.0,22.0,53.0,25.97,89.77,6.85,59.46,2.0,5.0
117.0,19.0,55.0,28.8,91.78,6.12,25.16,3.0,8.0
68.0,57.0,43.0,26.09,80.38,5.71,182.9,0.0,6.0
42.0,67.0,77.0,18.99,15.94,6.11,78.71,1.0,7.0
66.0,54.0,21.0,25.19,60.2,5.92,72.12,3.0,3.0
23.0,72.0,84.0,19.02,17.13,6.92,79.93,1.0,7.0
114.0,8.0,50.0,24.75,88.31,6.58,57.96,2.0,5.0
14.0,48.0,21.0,29.25,84.8,6.99,53.43,1.0,9.0
86.0,55.0,21.0,21.54,59.64,6.8,109.75,3.0,3.0
24.0,27.0,9.0,18.87,93.25,6.16,119.39,1.0,4.0
57.0,57.0,75.0,17.09,18.25,7.79,87.27,1.0,7.0
14.0,67.0,22.0,23.83,24.75,5.62,84.64,0.0,0.0
30.0,20.0,38.0,22.6,93.16,7.06,110.09,3.0,2.0
37.0,66.0,85.0,20.93,18.91,6.46,78.07,1.0,7.0
95.0,39.0,36.0,23.86,83.15,5.56,285.25,0.0,6.0
15.0,6.0,41.0,19.01,88.84,6.9,108.68,3.0,2.0
83.0,58.0,45.0,25.76,83.52,5.88,245.66,0.0,6.0
27.0,62.0,24.0,28.63,66.77,7.35,62.27,3.0,1.0
68.0,57.0,43.0,26.09,80.38,5.71,182.9,0.0,6.0
18.0,21.0,35.0,23.28,94.94,6.37,111.14,3.0,2.0
84.0,57.0,25.0,22.54,67.99,6.49,64.41,3.0,3.0
85.0,58.0,41.0,21.77,80.32,7.04,226.66,0.0,6.0
61.0,44.0,17.0,26.1,71.57,6.93,102.27,3.0,3.0
114.0,8.0,52.0,29.34,94.55,6.42,28.23,3.0,8.0
100.0,6.0,53.0,29.05,93.92,6.11,23.67,3.0,8.0
27.0,59.0,22.0,21.81,23.21,5.79,130.06,0.0,0.0
86.0,18.0,45.0,28.97,90.72,6.57,22.26,3.0,8.0
67.0,47.0,44.0,26.73,81.79,7.87,280.4,0.0,6.0
19.0,7.0,10.0,14.78,91.22,6.12,100.2,1.0,4.0
12.0,20.0,10.0,24.45,93.11,6.53,109.47,1.0,4.0
21.0,39.0,20.0,28.14,82.12,7.06,46.76,1.0,9.0
1.0,62.0,23.0,15.44,18.37,5.61,139.03,0.0,0.0
116.0,25.0,50.0,29.26,92.92,6.09,28.71,3.0,8.0
48.0,65.0,78.0,17.44,14.34,7.86,73.09,1.0,7.0
34.0,9.0,36.0,22.81,86.34,6.28,110.44,3.0,2.0
109.0,21.0,55.0,24.9,89.74,6.77,57.45,2.0,5.0
18.0,12.0,8.0,12.59,91.82,6.21,119.39,1.0,4.0
86.0,37.0,16.0,20.52,59.21,5.56,67.61,3.0,3.0
83.0,22.0,54.0,25.9,81.97,6.28,54.5,2.0,5.0
25.0,17.0,40.0,18.91,87.75,6.61,111.28,3.0,2.0
118.0,18.0,52.0,28.05,90.83,6.56,20.76,3.0,8.0
20.0,20.0,10.0,11.87,93.68,6.98,106.06,1.0,4.0
85.0,37.0,39.0,24.53,82.74,6.36,224.68,0.0,6.0
0.0,55.0,22.0,22.99,20.58,5.92,143.86,0.0,0.0
95.0,7.0,45.0,27.3,90.8,6.03,25.09,3.0,8.0
12.0,20.0,39.0,19.86,86.2,6.03,111.02,3.0,2.0
35.0,72.0,21.0,34.04,64.29,7.74,66.86,3.0,1.0
119.0,30.0,49.0,25.36,80.46,6.9,47.72,2.0,5.0
7.0,63.0,24.0,22.95,24.04,5.86,107.73,0.0,0.0
37.0,6.0,13.0,26.03,91.51,7.51,101.28,1.0,4.0
116.0,25.0,50.0,29.26,92.92,6.09,28.71,3.0,8.0
26.0,80.0,83.0,17.08,16.15,7.53,71.31,1.0,7.0
10.0,59.0,15.0,29.83,89.3,6.32,58.87,1.0,9.0
99.0,6.0,45.0,26.13,86.55,6.0,40.71,2.0,5.0
44.0,76.0,22.0,27.26,68.01,7.78,68.92,3.0,1.0
19.0,65.0,25.0,18.1,18.29,5.63,144.79,0.0,0.0
95.0,12.0,46.0,26.22,81.01,6.32,54.65,2.0,5.0
82.0,20.0,54.0,29.34,90.02,6.54,21.45,3.0,8.0
52.0,68.0,78.0,17.49,16.96,6.9,86.05,1.0,7.0
19.0,65.0,25.0,18.1,18.29,5.63,144.79,0.0,0.0
72.0,60.0,25.0,18.53,69.03,5.77,88.1,3.0,3.0
71.0,60.0,22.0,26.07,59.37,6.2,85.76,3.0,3.0
92.0,60.0,23.0,18.67,71.52,5.72,69.93,3.0,3.0
31.0,79.0,25.0,23.19,22.31,5.9,63.38,0.0,0.0
42.0,73.0,25.0,34.04,67.21,6.5,73.24,3.0,1.0
27.0,63.0,19.0,20.93,21.19,5.56,133.19,0.0,0.0
45.0,61.0,78.0,19.49,16.06,6.49,81.53,1.0,7.0
120.0,16.0,51.0,28.0,91.64,6.55,23.29,3.0,8.0
89.0,11.0,47.0,29.79,94.65,6.33,27.87,3.0,8.0
117.0,24.0,53.0,29.17,92.21,6.29,21.3,3.0,8.0
53.0,65.0,76.0,20.19,16.42,6.72,77.34,1.0,7.0
32.0,25.0,9.0,10.36,93.76,7.8,101.15,1.0,4.0
71.0,52.0,18.0,25.11,55.98,5.79,78.16,3.0,3.0
95.0,39.0,36.0,23.86,83.15,5.56,285.25,0.0,6.0
11.0,61.0,21.0,18.62,23.02,5.53,135.34,0.0,0.0
27.0,72.0,23.0,19.93,21.8,5.96,64.03,0.0,0.0
31.0,75.0,18.0,15.47,21.44,5.82,88.89,0.0,0.0
37.0,55.0,82.0,19.46,18.02,6.42,78.45,1.0,7.0
95.0,16.0,46.0,27.08,90.14,6.75,24.45,3.0,8.0
16.0,10.0,41.0,24.77,85.64,6.74,105.76,3.0,2.0
8.0,28.0,37.0,23.88,86.21,6.08,108.31,3.0,2.0
60.0,38.0,17.0,18.42,64.24,6.47,76.41,3.0,3.0
93.0,41.0,17.0,25.62,66.5,6.05,105.47,3.0,3.0
85.0,27.0,45.0,26.07,88.73,6.47,57.8,2.0,5.0
81.0,25.0,49.0,29.87,93.25,6.08,26.26,3.0,8.0
114.0,8.0,50.0,24.75,88.31,6.58,57.96,2.0,5.0
34.0,59.0,18.0,23.38,21.99,5.74,87.67,0.0,0.0
32.0,57.0,18.0,15.54,23.76,5.7,107.39,0.0,0.0
15.0,11.0,38.0,23.13,92.68,6.63,109.39,3.0,2.0
93.0,56.0,42.0,23.86,82.23,7.38,195.09,0.0,6.0
4.0,36.0,22.0,27.61,86.13,7.01,43.8,1.0,9.0
31.0,70.0,77.0,20.89,14.32,6.49,90.46,1.0,7.0
40.0,64.0,16.0,16.43,24.24,5.93,140.37,0.0,0.0
5.0,18.0,14.0,33.11,93.48,7.43,119.17,1.0,4.0
5.0,21.0,38.0,22.43,90.34,6.11,112.46,3.0,2.0
27.0,13.0,6.0,13.36,91.36,7.34,111.23,1.0,4.0
16.0,75.0,21.0,18.51,23.62,5.68,87.05,0.0,0.0
100.0,17.0,48.0,29.73,94.3,6.37,26.52,3.0,8.0
25.0,70.0,16.0,19.63,18.91,5.76,106.36,0.0,0.0
31.0,79.0,75.0,18.82,16.11,8.2,89.73,1.0,7.0
4.0,18.0,37.0,22.92,85.41,7.13,106.28,3.0,2.0
109.0,12.0,48.0,29.46,92.13,6.71,20.76,3.0,8.0
77.0,36.0,23.0,24.71,56.73,6.65,88.45,3.0,3.0
35.0,69.0,23.0,16.79,24.97,5.58,75.45,0.0,0.0
20.0,60.0,78.0,18.17,14.7,6.36,90.78,1.0,7.0
5.0,65.0,16.0,21.33,18.49,5.87,109.1,0.0,0.0
101.0,25.0,52.0,29.1,94.22,6.75,22.52,3.0,8.0
89.0,60.0,17.0,25.38,57.21,5.98,101.7,3.0,3.0
10.0,56.0,16.0,28.17,81.05,6.83,36.36,1.0,9.0
32.0,57.0,22.0,28.69,87.5,6.77,44.57,1.0,9.0
88.0,46.0,42.0,22.68,83.46,6.6,194.27,0.0,6.0
26.0,11.0,11.0,13.7,90.96,7.61,106.29,1.0,4.0
23.0,30.0,44.0,20.94,85.43,6.12,103.03,3.0,2.0
42.0,74.0,83.0,19.26,14.28,7.55,65.78,1.0,7.0
89.0,60.0,17.0,25.38,57.21,5.98,101.7,3.0,3.0
87.0,54.0,20.0,25.62,63.47,6.58,108.83,3.0,3.0
102.0,28.0,54.0,25.16,80.28,6.86,55.5,2.0,5.0
113.0,20.0,48.0,27.47,94.88,6.44,27.28,3.0,8.0
24.0,18.0,6.0,26.57,94.45,6.29,116.38,1.0,4.0
55.0,67.0,16.0,34.37,69.69,6.6,70.27,3.0,1.0
61.0,44.0,17.0,26.1,71.57,6.93,102.27,3.0,3.0
9.0,69.0,20.0,19.31,23.96,5.59,129.34,0.0,0.0
3.0,77.0,25.0,24.85,22.89,5.61,62.21,0.0,0.0
109.0,10.0,53.0,26.82,87.83,6.55,46.06,2.0,5.0
20.0,72.0,19.0,32.48,64.35,7.4,65.82,3.0,1.0
12.0,29.0,13.0,22.46,91.53,7.57,118.01,1.0,4.0
98.0,22.0,47.0,29.07,91.92,6.34,28.84,3.0,8.0
85.0,58.0,41.0,21.77,80.32,7.04,226.66,0.0,6.0
74.0,39.0,23.0,22.63,65.77,6.78,88.17,3.0,3.0
19.0,65.0,25.0,18.1,18.29,5.63,144.79,0.0,0.0
12.0,8.0,10.0,16.15,91.44,8.0,107.43,1.0,4.0
27.0,56.0,20.0,19.26,20.51,5.54,94.95,0.0,0.0
111.0,5.0,55.0,26.28,84.42,6.52,50.79,2.0,5.0
53.0,73.0,77.0,19.71,18.1,7.33,73.64,1.0,7.0
19.0,17.0,39.0,24.72,85.56,6.73,111.28,3.0,2.0
17.0,77.0,23.0,24.51,20.82,5.67,64.19,0.0,0.0
36.0,24.0,41.0,24.94,94.26,7.01,103.88,3.0,2.0
100.0,10.0,53.0,24.54,84.61,6.21,42.01,2.0,5.0
27.0,62.0,77.0,18.2,14.71,6.58,70.18,1.0,7.0
11.0,18.0,42.0,21.58,94.88,5.94,102.86,3.0,2.0
20.0,7.0,45.0,18.91,89.24,6.08,112.48,3.0,2.0
82.0,13.0,52.0,27.12,94.87,6.44,26.52,3.0,8.0
38.0,62.0,25.0,32.75,67.78,7.45,63.38,3.0,1.0
44.0,74.0,85.0,20.19,19.64,7.15,78.26,1.0,7.0
61.0,44.0,17.0,26.1,71.57,6.93,102.27,3.0,3.0
79.0,51.0,16.0,25.34,68.5,6.59,96.46,3.0,3.0
24.0,67.0,22.0,20.12,22.9,5.62,104.63,0.0,0.0
76.0,60.0,39.0,20.05,80.35,6.77,208.58,0.0,6.0
47.0,80.0,77.0,17.18,16.43,7.56,72.85,1.0,7.0
27.0,73.0,79.0,19.16,15.84,7.35,82.7,1.0,7.0
37.0,6.0,13.0,26.03,91.51,7.51,101.28,1.0,4.0
8.0,7.0,10.0,28.26,91.98,6.93,105.21,1.0,4.0
100.0,14.0,49.0,29.49,91.08,6.37,26.02,3.0,8.0
112.0,25.0,51.0,25.05,85.57,6.93,56.72,2.0,5.0
38.0,21.0,35.0,20.34,89.38,5.84,110.97,3.0,2.0
20.0,8.0,12.0,25.3,94.96,7.26,117.97,1.0,4.0
4.0,20.0,41.0,24.27,93.8,6.54,104.54,3.0,2.0
86.0,55.0,21.0,21.54,59.64,6.8,109.75,3.0,3.0
105.0,30.0,50.0,25.3,81.78,6.38,57.04,2.0,5.0
40.0,51.0,17.0,28.66,86.12,6.86,50.02,1.0,9.0
25.0,65.0,21.0,33.86,68.59,6.88,69.24,3.0,1.0
33.0,75.0,84.0,19.46,18.73,7.22,68.81,1.0,7.0
75.0,53.0,18.0,20.69,59.44,6.86,103.65,3.0,3.0
101.0,11.0,51.0,25.51,84.24,6.79,44.21,2.0,5.0
99.0,6.0,45.0,26.13,86.55,6.0,40.71,2.0,5.0
94.0,53.0,40.0,20.28,82.89,5.72,241.97,0.0,6.0
15.0,6.0,41.0,19.01,88.84,6.9,108.68,3.0,2.0
35.0,57.0,83.0,19.48,17.45,7.48,80.5,1.0,7.0
31.0,11.0,45.0,24.84,86.89,6.03,107.64,3.0,2.0
6.0,37.0,17.0,28.09,80.35,6.76,38.14,1.0,9.0
66.0,53.0,19.0,23.09,60.12,6.03,65.5,3.0,3.0
42.0,79.0,85.0,17.22,15.82,6.13,76.58,1.0,7.0
68.0,58.0,38.0,23.22,83.03,6.34,221.21,0.0,6.0
34.0,11.0,10.0,31.75,94.6,7.36,115.2,1.0,4.0
30.0,20.0,38.0,22.6,93.16,7.06,110.09,3.0,2.0
99.0,39.0,18.0,19.2,68.31,6.11,87.85,3.0,3.0
12.0,63.0,17.0,18.36,19.38,5.72,138.41,0.0,0.0
119.0,7.0,55.0,26.04,84.64,6.03,44.4,2.0,5.0
37.0,56.0,25.0,22.06,19.6,5.77,126.73,0.0,0.0
37.0,56.0,25.0,22.06,19.6,5.77,126.73,0.0,0.0
79.0,59.0,17.0,20.38,63.74,6.64,108.51,3.0,3.0
67.0,43.0,39.0,26.04,84.97,6.0,186.75,0.0,6.0
31.0,48.0,17.0,28.88,86.94,6.59,53.8,1.0,9.0
43.0,68.0,20.0,29.58,66.18,7.5,69.44,3.0,1.0
62.0,42.0,36.0,22.78,82.07,6.43,248.72,0.0,6.0
38.0,60.0,76.0,18.65,17.81,8.87,77.93,1.0,7.0
18.0,21.0,35.0,23.28,94.94,6.37,111.14,3.0,2.0
20.0,79.0,77.0,18.55,16.03,7.65,76.33,1.0,7.0
79.0,51.0,16.0,25.34,68.5,6.59,96.46,3.0,3.0
39.0,58.0,85.0,17.89,15.41,6.0,68.55,1.0,7.0
105.0,14.0,50.0,26.21,87.69,6.42,59.66,2.0,5.0
105.0,14.0,50.0,26.21,87.69,6.42,59.66,2.0,5.0
28.0,66.0,23.0,21.54,24.25,6.0,120.69,0.0,0.0
21.0,44.0,18.0,27.07,86.9,7.13,50.47,1.0,9.0
25.0,17.0,40.0,18.91,87.75,6.61,111.28,3.0,2.0
60.0,61.0,78.0,20.71,19.84,6.32,94.04,1.0,7.0
77.0,58.0,19.0,22.81,56.51,5.79,101.6,3.0,3.0
85.0,25.0,47.0,26.11,87.64,6.3,58.48,2.0,5.0
99.0,36.0,20.0,20.58,65.35,6.67,78.35,3.0,3.0
21.0,38.0,21.0,29.76,86.45,6.64,37.55,1.0,9.0
21.0,51.0,15.0,29.36,89.19,6.68,48.3,1.0,9.0
37.0,24.0,13.0,19.14,90.71,7.85,108.02,1.0,4.0
42.0,62.0,75.0,18.18,18.9,7.01,81.85,1.0,7.0
10.0,5.0,42.0,20.24,91.09,6.89,109.25,3.0,2.0
95.0,16.0,46.0,27.08,90.14,6.75,24.45,3.0,8.0
119.0,25.0,51.0,26.47,80.92,6.28,53.66,2.0,5.0
18.0,23.0,44.0,23.71,89.62,6.18,105.65,3.0,2.0
91.0,35.0,39.0,23.79,80.42,6.97,206.26,0.0,6.0
69.0,55.0,38.0,22.71,82.64,5.7,271.32,0.0,6.0
78.0,58.0,44.0,26.8,80.89,5.11,284.44,0.0,6.0
20.0,29.0,10.0,29.07,93.27,7.37,100.79,1.0,4.0
31.0,40.0,22.0,29.41,86.16,6.37,53.35,1.0,9.0
3.0,9.0,45.0,23.89,89.62,6.54,104.62,3.0,2.0
20.0,23.0,11.0,31.85,90.12,6.41,109.95,1.0,4.0
120.0,20.0,45.0,25.67,88.7,6.11,54.23,2.0,5.0
56.0,75.0,15.0,30.2,60.07,7.15,66.37,3.0,1.0
5.0,59.0,15.0,18.87,20.18,5.97,134.18,0.0,0.0
31.0,25.0,38.0,24.96,92.41,6.5,109.42,3.0,2.0
113.0,20.0,48.0,27.47,94.88,6.44,27.28,3.0,8.0
25.0,60.0,22.0,21.63,21.18,5.89,134.36,0.0,0.0
19.0,17.0,39.0,24.72,85.56,6.73,111.28,3.0,2.0
82.0,43.0,38.0,23.29,81.43,5.11,242.32,0.0,6.0
1.0,27.0,36.0,23.99,93.34,5.68,104.99,3.0,2.0
12.0,6.0,8.0,30.85,92.87,6.39,107.41,1.0,4.0
37.0,56.0,25.0,22.06,19.6,5.77,126.73,0.0,0.0
20.0,79.0,77.0,18.55,16.03,7.65,76.33,1.0,7.0
51.0,72.0,75.0,18.89,14.99,7.1,80.11,1.0,7.0
33.0,12.0,8.0,25.26,90.31,6.82,117.37,1.0,4.0
9.0,77.0,17.0,20.12,24.45,5.78,106.16,0.0,0.0
35.0,64.0,15.0,28.47,63.54,6.5,69.53,3.0,1.0
111.0,6.0,53.0,26.49,88.59,6.31,46.06,2.0,5.0
34.0,60.0,23.0,20.13,24.97,5.66,100.05,0.0,0.0
98.0,26.0,52.0,27.34,90.7,6.15,28.69,3.0,8.0
85.0,52.0,45.0,26.31,82.37,7.22,265.54,0.0,6.0
52.0,71.0,16.0,27.74,68.54,7.08,71.79,3.0,1.0
7.0,16.0,9.0,18.88,92.04,7.81,114.67,1.0,4.0
76.0,39.0,24.0,24.25,55.65,7.0,64.24,3.0,3.0
77.0,38.0,36.0,21.87,80.19,5.95,224.56,0.0,6.0
40.0,64.0,16.0,16.43,24.24,5.93,140.37,0.0,0.0
49.0,71.0,76.0,19.71,17.64,6.61,85.58,1.0,7.0
84.0,57.0,25.0,22.54,67.99,6.49,64.41,3.0,3.0
89.0,22.0,52.0,24.9,86.11,6.22,53.15,2.0,5.0
76.0,57.0,18.0,18.98,74.53,6.09,94.26,3.0,3.0
85.0,58.0,41.0,21.77,80.32,7.04,226.66,0.0,6.0
14.0,37.0,15.0,27.96,83.98,6.58,48.94,1.0,9.0
14.0,67.0,22.0,23.83,24.75,5.62,84.64,0.0,0.0
35.0,41.0,18.0,28.71,81.59,6.71,59.87,1.0,9.0
12.0,6.0,8.0,30.85,92.87,6.39,107.41,1.0,4.0
25.0,71.0,24.0,28.5,60.45,7.19,74.92,3.0,1.0
52.0,60.0,79.0,19.45,18.23,8.38,75.63,1.0,7.0
33.0,60.0,15.0,28.95,81.67,6.51,56.51,1.0,9.0
114.0,30.0,51.0,29.25,90.07,6.07,25.93,3.0,8.0
72.0,60.0,25.0,18.53,69.03,5.77,88.1,3.0,3.0
33.0,80.0,22.0,28.57,65.72,6.59,70.09,3.0,1.0
31.0,75.0,18.0,15.47,21.44,5.82,88.89,0.0,0.0
13.0,23.0,6.0,23.96,90.26,7.37,102.7,1.0,4.0
75.0,54.0,36.0,26.29,84.57,7.02,257.49,0.0,6.0
99.0,39.0,18.0,19.2,68.31,6.11,87.85,3.0,3.0
4.0,6.0,7.0,23.01,91.12,6.71,112.67,1.0,4.0
30.0,44.0,16.0,29.73,82.89,6.44,50.92,1.0,9.0
40.0,18.0,43.0,19.39,86.79,5.77,109.91,3.0,2.0
12.0,29.0,40.0,19.68,89.75,6.59,111.28,3.0,2.0
9.0,8.0,40.0,22.49,89.92,6.55,111.66,3.0,2.0
29.0,22.0,40.0,23.63,89.73,6.15,107.68,3.0,2.0
27.0,56.0,20.0,19.26,20.51,5.54,94.95,0.0,0.0
17.0,64.0,17.0,21.02,24.94,5.66,124.61,0.0,0.0
97.0,25.0,50.0,26.22,80.9,6.09,49.09,2.0,5.0
41.0,74.0,18.0,28.76,61.03,6.6,73.38,3.0,1.0
20.0,27.0,41.0,20.51,92.52,5.7,110.58,3.0,2.0
92.0,7.0,48.0,26.28,86.63,6.96,54.39,2.0,5.0
12.0,8.0,10.0,16.15,91.44,8.0,107.43,1.0,4.0
71.0,46.0,40.0,20.28,82.12,7.24,191.95,0.0,6.0
87.0,6.0,45.0,29.83,90.79,6.4,22.84,3.0,8.0
0.0,55.0,22.0,22.99,20.58,5.92,143.86,0.0,0.0
43.0,66.0,79.0,19.46,15.23,7.98,74.59,1.0,7.0
36.0,43.0,22.0,27.83,87.17,6.39,58.37,1.0,9.0
110.0,28.0,46.0,24.29,88.05,6.5,51.26,2.0,5.0
93.0,56.0,42.0,23.86,82.23,7.38,195.09,0.0,6.0
60.0,61.0,78.0,20.71,19.84,6.32,94.04,1.0,7.0
99.0,29.0,55.0,29.19,91.46,6.66,26.48,3.0,8.0
19.0,39.0,17.0,29.28,81.8,6.89,44.47,1.0,9.0
15.0,11.0,38.0,23.13,92.68,6.63,109.39,3.0,2.0
11.0,18.0,42.0,21.58,94.88,5.94,102.86,3.0,2.0
61.0,44.0,17.0,26.1,71.57,6.93,102.27,3.0,3.0
114.0,30.0,51.0,29.25,90.07,6.07,25.93,3.0,8.0
40.0,9.0,41.0,24.38,85.4,5.78,106.13,3.0,2.0
18.0,27.0,41.0,22.37,92.31,7.18,104.82,3.0,2.0
83.0,23.0,55.0,26.9,83.89,6.46,43.97,2.0,5.0
53.0,65.0,76.0,20.19,16.42,6.72,77.34,1.0,7.0
3.0,26.0,39.0,24.38,91.19,7.08,103.6,3.0,2.0
39.0,37.0,15.0,29.0,83.79,6.82,59.84,1.0,9.0
76.0,39.0,24.0,24.25,55.65,7.0,64.24,3.0,3.0
66.0,44.0,20.0,19.08,69.02,6.74,80.73,3.0,3.0
36.0,68.0,20.0,17.06,23.77,5.86,81.83,0.0,0.0
37.0,24.0,13.0,19.14,90.71,7.85,108.02,1.0,4.0
69.0,55.0,38.0,22.71,82.64,5.7,271.32,0.0,6.0
20.0,27.0,41.0,20.51,92.52,5.7,110.58,3.0,2.0
111.0,15.0,54.0,27.71,92.91,6.19,22.06,3.0,8.0
11.0,72.0,20.0,19.52,24.93,5.95,113.33,0.0,0.0
29.0,68.0,23.0,24.16,19.28,5.83,116.73,0.0,0.0
111.0,6.0,53.0,26.49,88.59,6.31,46.06,2.0,5.0
5.0,24.0,40.0,24.69,93.87,6.3,104.67,3.0,2.0
11.0,14.0,5.0,11.5,94.89,6.95,115.57,1.0,4.0
80.0,26.0,55.0,24.53,88.99,6.14,49.12,2.0,5.0
23.0,72.0,84.0,19.02,17.13,6.92,79.93,1.0,7.0
25.0,70.0,16.0,19.63,18.91,5.76,106.36,0.0,0.0
90.0,49.0,21.0,24.84,68.36,6.47,74.05,3.0,3.0
51.0,72.0,75.0,18.89,14.99,7.1,80.11,1.0,7.0
63.0,35.0,16.0,22.03,65.36,6.27,83.73,3.0,3.0
57.0,57.0,75.0,17.09,18.25,7.79,87.27,1.0,7.0
111.0,6.0,53.0,26.49,88.59,6.31,46.06,2.0,5.0
26.0,80.0,83.0,17.08,16.15,7.53,71.31,1.0,7.0
22.0,79.0,17.0,21.42,20.4,5.91,116.52,0.0,0.0
34.0,59.0,18.0,23.38,21.99,5.74,87.67,0.0,0.0
21.0,72.0,17.0,31.52,66.56,7.58,61.71,3.0,1.0
7.0,16.0,9.0,18.88,92.04,7.81,114.67,1.0,4.0
95.0,55.0,42.0,26.8,82.15,5.95,193.35,0.0,6.0
7.0,79.0,23.0,19.64,19.69,5.82,96.66,0.0,0.0
40.0,27.0,45.0,21.66,94.79,5.89,112.43,3.0,2.0
21.0,51.0,15.0,29.36,89.19,6.68,48.3,1.0,9.0
98.0,26.0,52.0,27.34,90.7,6.15,28.69,3.0,8.0
88.0,46.0,42.0,22.68,83.46,6.6,194.27,0.0,6.0
101.0,11.0,51.0,25.51,84.24,6.79,44.21,2.0,5.0
99.0,6.0,45.0,26.13,86.55,6.0,40.71,2.0,5.0
20.0,79.0,77.0,18.55,16.03,7.65,76.33,1.0,7.0
116.0,5.0,54.0,25.38,80.99,6.65,57.23,2.0,5.0
96.0,46.0,22.0,20.58,69.0,6.5,66.29,3.0,3.0
20.0,72.0,19.0,32.48,64.35,7.4,65.82,3.0,1.0
97.0,22.0,50.0,26.26,86.15,6.77,58.98,2.0,5.0
33.0,80.0,22.0,28.57,65.72,6.59,70.09,3.0,1.0
32.0,18.0,13.0,13.84,91.75,6.04,107.99,1.0,4.0
88.0,35.0,40.0,23.58,83.59,5.85,291.3,0.0,6.0
113.0,28.0,48.0,28.88,92.49,6.17,24.44,3.0,8.0
76.0,49.0,42.0,24.96,84.48,5.21,196.96,0.0,6.0
22.0,60.0,85.0,18.84,14.74,6.81,94.78,1.0,7.0
0.0,12.0,7.0,20.18,90.65,6.97,116.81,1.0,4.0
81.0,6.0,55.0,24.89,85.87,6.11,51.71,2.0,5.0
90.0,15.0,52.0,27.05,91.38,6.45,23.66,3.0,8.0
9.0,77.0,17.0,20.12,24.45,5.78,106.16,0.0,0.0
53.0,73.0,77.0,19.71,18.1,7.33,73.64,1.0,7.0
95.0,7.0,45.0,27.3,90.8,6.03,25.09,3.0,8.0
71.0,52.0,18.0,25.11,55.98,5.79,78.16,3.0,3.0
92.0,44.0,16.0,18.88,65.77,6.08,94.76,3.0,3.0
52.0,70.0,16.0,33.67,66.6,7.53,67.33,3.0,1.0
81.0,16.0,45.0,26.9,86.25,6.73,59.76,2.0,5.0
31.0,5.0,14.0,17.67,91.7,6.58,110.69,1.0,4.0
37.0,6.0,13.0,26.03,91.51,7.51,101.28,1.0,4.0
12.0,6.0,8.0,30.85,92.87,6.39,107.41,1.0,4.0
66.0,53.0,19.0,23.09,60.12,6.03,65.5,3.0,3.0
40.0,22.0,6.0,24.54,91.91,6.49,115.98,1.0,4.0
35.0,69.0,23.0,16.79,24.97,5.58,75.45,0.0,0.0
110.0,7.0,45.0,26.64,84.7,6.19,48.32,2.0,5.0
44.0,74.0,85.0,20.19,19.64,7.15,78.26,1.0,7.0
40.0,78.0,20.0,19.19,20.83,5.67,80.15,0.0,0.0
37.0,64.0,22.0,17.48,18.83,5.95,121.94,0.0,0.0
34.0,47.0,19.0,27.31,85.45,6.57,53.15,1.0,9.0
5.0,59.0,15.0,18.87,20.18,5.97,134.18,0.0,0.0
13.0,60.0,25.0,17.14,20.61,5.69,128.26,0.0,0.0
83.0,57.0,19.0,25.73,70.75,6.88,98.74,3.0,3.0
29.0,76.0,15.0,28.54,64.2,7.03,69.69,3.0,1.0
22.0,37.0,20.0,27.63,86.49,6.61,39.26,1.0,9.0
81.0,25.0,49.0,29.87,93.25,6.08,26.26,3.0,8.0
43.0,66.0,79.0,19.46,15.23,7.98,74.59,1.0,7.0
119.0,19.0,55.0,25.19,83.45,6.82,46.87,2.0,5.0
81.0,49.0,20.0,18.04,60.61,5.51,104.23,3.0,3.0
99.0,41.0,36.0,24.46,82.75,6.74,182.56,0.0,6.0
20.0,8.0,12.0,25.3,94.96,7.26,117.97,1.0,4.0
35.0,52.0,19.0,27.11,89.9,6.7,37.46,1.0,9.0
101.0,17.0,47.0,29.49,94.73,6.19,26.31,3.0,8.0
41.0,62.0,15.0,29.38,64.15,7.36,65.24,3.0,1.0
11.0,72.0,20.0,19.52,24.93,5.95,113.33,0.0,0.0
7.0,79.0,23.0,19.64,19.69,5.82,96.66,0.0,0.0
104.0,23.0,47.0,26.98,86.7,6.77,42.91,2.0,5.0
89.0,60.0,19.0,25.19,66.69,5.91,78.07,3.0,3.0
9.0,77.0,17.0,20.12,24.45,5.78,106.16,0.0,0.0
4.0,24.0,43.0,22.4,88.15,7.2,109.87,3.0,2.0
66.0,53.0,19.0,23.09,60.12,6.03,65.5,3.0,3.0
61.0,44.0,17.0,26.1,71.57,6.93,102.27,3.0,3.0
72.0,60.0,25.0,18.53,69.03,5.77,88.1,3.0,3.0
78.0,58.0,15.0,25.01,67.82,6.53,62.91,3.0,3.0
23.0,5.0,44.0,21.21,94.26,7.16,107.57,3.0,2.0
83.0,25.0,53.0,26.49,80.05,6.06,57.73,2.0,5.0
28.0,80.0,17.0,19.62,18.67,5.81,144.16,0.0,0.0
14.0,59.0,15.0,21.35,22.91,5.78,146.45,0.0,0.0
22.0,26.0,38.0,22.92,85.13,6.99,110.24,3.0,2.0
101.0,17.0,47.0,29.49,94.73,6.19,26.31,3.0,8.0
115.0,17.0,55.0,27.58,94.12,6.78,28.08,3.0,8.0
85.0,25.0,47.0,26.11,87.64,6.3,58.48,2.0,5.0
9.0,8.0,15.0,14.34,94.36,7.99,110.22,1.0,4.0
31.0,53.0,16.0,28.74,85.82,6.45,48.55,1.0,9.0
120.0,8.0,46.0,29.56,90.71,6.73,28.37,3.0,8.0
91.0,36.0,45.0,24.44,82.45,5.95,267.98,0.0,6.0
8.0,25.0,36.0,19.91,94.95,6.83,104.03,3.0,2.0
119.0,19.0,55.0,25.19,83.45,6.82,46.87,2.0,5.0
36.0,24.0,41.0,24.94,94.26,7.01,103.88,3.0,2.0
71.0,52.0,18.0,25.11,55.98,5.79,78.16,3.0,3.0
5.0,15.0,38.0,18.26,88.17,5.71,108.08,3.0,2.0
23.0,57.0,19.0,32.84,68.0,7.25,73.4,3.0,1.0
15.0,6.0,41.0,19.01,88.84,6.9,108.68,3.0,2.0
37.0,18.0,39.0,24.15,94.51,6.42,110.23,3.0,2.0
12.0,78.0,23.0,16.07,18.72,6.0,88.07,0.0,0.0
86.0,55.0,21.0,21.54,59.64,6.8,109.75,3.0,3.0
52.0,68.0,78.0,17.49,16.96,6.9,86.05,1.0,7.0
40.0,73.0,20.0,21.59,20.32,5.81,61.14,0.0,0.0
15.0,6.0,41.0,19.01,88.84,6.9,108.68,3.0,2.0
32.0,14.0,37.0,22.73,88.49,6.83,104.68,3.0,2.0
13.0,47.0,20.0,29.22,87.94,6.54,43.14,1.0,9.0
10.0,59.0,22.0,28.61,86.99,7.16,36.95,1.0,9.0
49.0,69.0,82.0,18.32,15.36,6.26,81.79,1.0,7.0
110.0,21.0,54.0,26.74,87.82,6.75,47.46,2.0,5.0
36.0,7.0,37.0,19.87,86.36,5.78,108.32,3.0,2.0
4.0,59.0,25.0,27.69,81.94,6.23,54.62,1.0,9.0
87.0,25.0,46.0,27.43,90.03,6.38,21.75,3.0,8.0
108.0,23.0,51.0,26.84,83.85,6.11,40.23,2.0,5.0
21.0,6.0,41.0,24.88,89.4,7.09,107.2,3.0,2.0
7.0,16.0,9.0,18.88,92.04,7.81,114.67,1.0,4.0
4.0,67.0,25.0,23.79,24.36,5.95,119.64,0.0,0.0
29.0,36.0,25.0,28.29,88.44,7.13,48.57,1.0,9.0
33.0,12.0,8.0,25.26,90.31,6.82,117.37,1.0,4.0
89.0,60.0,17.0,25.38,57.21,5.98,101.7,3.0,3.0
95.0,12.0,46.0,26.22,81.01,6.32,54.65,2.0,5.0
119.0,9.0,50.0,26.75,83.92,6.25,40.79,2.0,5.0
23.0,30.0,44.0,20.94,85.43,6.12,103.03,3.0,2.0
1.0,27.0,36.0,23.99,93.34,5.68,104.99,3.0,2.0
85.0,38.0,41.0,21.59,82.79,6.25,276.66,0.0,6.0
108.0,22.0,46.0,26.18,86.73,6.12,53.33,2.0,5.0
34.0,35.0,21.0,28.45,82.68,6.68,58.19,1.0,9.0
87.0,6.0,45.0,29.83,90.79,6.4,22.84,3.0,8.0
95.0,12.0,46.0,26.22,81.01,6.32,54.65,2.0,5.0
20.0,45.0,22.0,29.59,89.99,6.9,54.96,1.0,9.0
29.0,45.0,16.0,28.44,87.91,6.58,43.12,1.0,9.0
93.0,56.0,42.0,23.86,82.23,7.38,195.09,0.0,6.0
9.0,8.0,40.0,22.49,89.92,6.55,111.66,3.0,2.0
34.0,60.0,23.0,20.13,24.97,5.66,100.05,0.0,0.0
29.0,11.0,5.0,23.13,91.95,7.64,104.42,1.0,4.0
6.0,48.0,24.0,28.64,84.61,6.79,48.48,1.0,9.0
24.0,21.0,42.0,20.82,87.23,7.0,109.44,3.0,2.0
63.0,42.0,21.0,23.26,72.33,5.8,67.1,3.0,3.0
99.0,6.0,45.0,26.13,86.55,6.0,40.71,2.0,5.0
6.0,18.0,37.0,19.66,89.94,5.94,108.05,3.0,2.0
114.0,27.0,48.0,27.82,93.04,6.53,26.32,3.0,8.0
60.0,55.0,45.0,21.41,83.33,5.94,287.58,0.0,6.0
62.0,52.0,16.0,22.28,58.84,6.97,63.87,3.0,3.0
112.0,25.0,51.0,25.05,85.57,6.93,56.72,2.0,5.0
111.0,6.0,53.0,26.49,88.59,6.31,46.06,2.0,5.0
20.0,8.0,12.0,25.3,94.96,7.26,117.97,1.0,4.0
99.0,29.0,55.0,29.19,91.46,6.66,26.48,3.0,8.0
53.0,65.0,76.0,20.19,16.42,6.72,77.34,1.0,7.0
38.0,36.0,21.0,28.03,84.88,6.56,36.12,1.0,9.0
89.0,54.0,38.0,24.52,83.54,6.69,230.45,0.0,6.0
81.0,53.0,42.0,23.68,81.04,5.18,233.7,0.0,6.0
14.0,19.0,14.0,17.68,94.36,6.7,108.06,1.0,4.0
95.0,21.0,47.0,27.93,93.56,6.43,20.66,3.0,8.0
31.0,25.0,12.0,18.05,90.04,7.02,111.78,1.0,4.0
59.0,70.0,84.0,17.33,18.75,7.55,82.62,1.0,7.0
81.0,45.0,35.0,26.53,80.12,6.16,218.92,0.0,6.0
64.0,35.0,23.0,23.02,61.89,5.68,63.04,3.0,3.0
51.0,72.0,75.0,18.89,14.99,7.1,80.11,1.0,7.0
0.0,65.0,15.0,23.46,23.22,5.65,95.84,0.0,0.0
69.0,37.0,42.0,23.06,83.37,7.07,251.05,0.0,6.0
97.0,8.0,52.0,24.91,86.97,6.24,49.49,2.0,5.0
89.0,45.0,36.0,21.33,80.47,6.44,185.5,0.0,6.0
103.0,16.0,49.0,24.07,81.64,6.92,51.75,2.0,5.0
95.0,13.0,46.0,29.84,93.76,6.13,23.28,3.0,8.0
33.0,59.0,22.0,22.64,21.59,5.95,122.39,0.0,0.0
107.0,22.0,54.0,28.0,90.85,6.63,21.62,3.0,8.0
61.0,60.0,15.0,24.88,68.74,6.27,91.26,3.0,3.0
107.0,22.0,54.0,28.0,90.85,6.63,21.62,3.0,8.0
117.0,27.0,48.0,26.53,82.39,6.84,54.31,2.0,5.0
67.0,47.0,44.0,26.73,81.79,7.87,280.4,0.0,6.0
35.0,52.0,19.0,27.11,89.9,6.7,37.46,1.0,9.0
0.0,23.0,15.0,22.57,93.37,7.6,109.86,1.0,4.0
40.0,18.0,43.0,19.39,86.79,5.77,109.91,3.0,2.0
72.0,60.0,25.0,18.53,69.03,5.77,88.1,3.0,3.0
19.0,39.0,17.0,29.28,81.8,6.89,44.47,1.0,9.0
87.0,21.0,52.0,27.35,94.29,6.07,27.21,3.0,8.0
29.0,16.0,36.0,19.81,88.93,5.74,102.86,3.0,2.0
87.0,6.0,45.0,29.83,90.79,6.4,22.84,3.0,8.0
114.0,21.0,55.0,25.44,87.94,6.47,57.52,2.0,5.0
35.0,69.0,23.0,16.79,24.97,5.58,75.45,0.0,0.0
73.0,58.0,21.0,19.97,57.68,6.6,60.65,3.0,3.0
23.0,39.0,22.0,29.26,81.98,6.86,42.02,1.0,9.0
89.0,45.0,36.0,21.33,80.47,6.44,185.5,0.0,6.0
60.0,55.0,45.0,21.41,83.33,5.94,287.58,0.0,6.0
60.0,49.0,44.0,20.78,84.5,6.24,240.08,0.0,6.0
47.0,80.0,77.0,17.18,16.43,7.56,72.85,1.0,7.0
79.0,42.0,37.0,24.87,82.84,6.59,295.61,0.0,6.0
21.0,6.0,41.0,24.88,89.4,7.09,107.2,3.0,2.0
76.0,48.0,18.0,19.3,69.63,5.78,83.21,3.0,3.0
81.0,53.0,42.0,23.68,81.04,5.18,233.7,0.0,6.0
86.0,55.0,21.0,21.54,59.64,6.8,109.75,3.0,3.0
44.0,63.0,15.0,26.42,64.51,7.34,63.47,3.0,1.0
106.0,21.0,52.0,28.9,94.79,6.29,23.04,3.0,8.0
20.0,79.0,77.0,18.55,16.03,7.65,76.33,1.0,7.0
3.0,9.0,45.0,23.89,89.62,6.54,104.62,3.0,2.0
8.0,45.0,18.0,27.93,85.42,7.01,43.25,1.0,9.0
102.0,28.0,54.0,25.16,80.28,6.86,55.5,2.0,5.0
6.0,9.0,12.0,31.08,90.14,7.03,109.69,1.0,4.0
18.0,12.0,8.0,12.59,91.82,6.21,119.39,1.0,4.0
96.0,46.0,22.0,20.58,69.0,6.5,66.29,3.0,3.0
51.0,72.0,75.0,18.89,14.99,7.1,80.11,1.0,7.0
36.0,11.0,13.0,17.34,93.05,7.19,112.72,1.0,4.0
84.0,7.0,51.0,26.82,87.66,6.4,55.74,2.0,5.0
57.0,73.0,85.0,18.49,14.72,7.36,91.95,1.0,7.0
95.0,39.0,36.0,23.86,83.15,5.56,285.25,0.0,6.0
15.0,9.0,11.0,11.55,94.15,7.91,108.83,1.0,4.0
16.0,75.0,21.0,18.51,23.62,5.68,87.05,0.0,0.0
106.0,10.0,49.0,27.73,92.01,6.35,20.21,3.0,8.0
58.0,79.0,17.0,27.25,66.1,7.04,62.32,3.0,1.0
2.0,61.0,20.0,22.14,23.02,5.96,76.64,0.0,0.0
34.0,66.0,17.0,18.81,21.28,5.89,125.08,0.0,0.0
79.0,42.0,37.0,24.87,82.84,6.59,295.61,0.0,6.0
31.0,5.0,14.0,17.67,91.7,6.58,110.69,1.0,4.0
5.0,21.0,38.0,22.43,90.34,6.11,112.46,3.0,2.0
5.0,24.0,40.0,24.69,93.87,6.3,104.67,3.0,2.0
71.0,35.0,24.0,22.27,59.52,5.83,67.97,3.0,3.0
93.0,20.0,50.0,29.93,93.23,6.45,24.35,3.0,8.0
97.0,36.0,45.0,22.23,81.86,6.94,278.08,0.0,6.0
100.0,6.0,53.0,29.05,93.92,6.11,23.67,3.0,8.0
74.0,35.0,40.0,26.49,80.16,6.98,242.86,0.0,6.0
68.0,40.0,19.0,26.14,66.21,6.66,107.24,3.0,3.0
20.0,41.0,20.0,29.27,89.49,7.07,50.92,1.0,9.0
24.0,18.0,6.0,26.57,94.45,6.29,116.38,1.0,4.0
14.0,57.0,15.0,29.88,83.15,6.62,40.12,1.0,9.0
28.0,58.0,81.0,17.48,16.54,6.18,93.35,1.0,7.0
13.0,30.0,37.0,20.86,91.62,6.28,106.87,3.0,2.0
32.0,25.0,9.0,10.36,93.76,7.8,101.15,1.0,4.0
81.0,45.0,35.0,26.53,80.12,6.16,218.92,0.0,6.0
99.0,29.0,55.0,29.19,91.46,6.66,26.48,3.0,8.0
107.0,22.0,54.0,28.0,90.85,6.63,21.62,3.0,8.0
60.0,36.0,43.0,23.43,83.06,5.29,219.9,0.0,6.0
4.0,44.0,19.0,27.96,83.53,6.92,43.26,1.0,9.0
32.0,57.0,22.0,28.69,87.5,6.77,44.57,1.0,9.0
69.0,55.0,38.0,22.71,82.64,5.7,271.32,0.0,6.0
44.0,63.0,15.0,26.42,64.51,7.34,63.47,3.0,1.0
9.0,8.0,15.0,14.34,94.36,7.99,110.22,1.0,4.0
57.0,60.0,84.0,19.1,17.26,6.59,75.49,1.0,7.0
37.0,79.0,19.0,27.54,69.35,7.14,69.41,3.0,1.0
101.0,13.0,54.0,25.43,82.91,6.83,56.34,2.0,5.0
51.0,72.0,75.0,18.89,14.99,7.1,80.11,1.0,7.0
25.0,70.0,16.0,19.63,18.91,5.76,106.36,0.0,0.0
76.0,60.0,39.0,20.05,80.35,6.77,208.58,0.0,6.0
34.0,71.0,79.0,17.93,15.86,7.73,74.64,1.0,7.0
32.0,57.0,22.0,28.69,87.5,6.77,44.57,1.0,9.0
23.0,57.0,19.0,32.84,68.0,7.25,73.4,3.0,1.0
9.0,48.0,20.0,29.66,84.28,6.38,56.1,1.0,9.0
95.0,13.0,46.0,29.84,93.76,6.13,23.28,3.0,8.0
120.0,7.0,47.0,24.25,83.04,6.65,54.77,2.0,5.0
95.0,13.0,46.0,29.84,93.76,6.13,23.28,3.0,8.0
34.0,60.0,25.0,29.78,85.17,6.79,40.78,1.0,9.0
8.0,54.0,20.0,28.33,80.77,7.03,38.8,1.0,9.0
95.0,23.0,45.0,27.82,90.57,6.27,21.19,3.0,8.0
108.0,23.0,51.0,26.84,83.85,6.11,40.23,2.0,5.0
31.0,55.0,22.0,22.91,21.34,5.87,109.23,0.0,0.0
115.0,12.0,52.0,27.51,94.96,6.69,21.02,3.0,8.0
112.0,28.0,54.0,24.86,85.05,6.74,55.3,2.0,5.0
36.0,55.0,20.0,27.01,84.34,6.64,55.3,1.0,9.0
71.0,35.0,24.0,22.27,59.52,5.83,67.97,3.0,3.0
34.0,71.0,79.0,17.93,15.86,7.73,74.64,1.0,7.0
99.0,5.0,47.0,24.13,84.84,6.65,51.19,2.0,5.0
60.0,55.0,44.0,23.0,82.32,7.84,263.96,0.0,6.0
24.0,42.0,23.0,28.22,82.36,6.43,44.01,1.0,9.0
20.0,8.0,12.0,25.3,94.96,7.26,117.97,1.0,4.0
85.0,21.0,47.0,29.87,90.61,6.19,24.7,3.0,8.0
25.0,71.0,24.0,28.5,60.45,7.19,74.92,3.0,1.0
30.0,20.0,38.0,22.6,93.16,7.06,110.09,3.0,2.0
99.0,39.0,18.0,19.2,68.31,6.11,87.85,3.0,3.0
25.0,65.0,21.0,33.86,68.59,6.88,69.24,3.0,1.0
40.0,64.0,16.0,16.43,24.24,5.93,140.37,0.0,0.0
7.0,79.0,23.0,19.64,19.69,5.82,96.66,0.0,0.0
22.0,54.0,20.0,28.56,83.64,6.69,41.01,1.0,9.0
18.0,12.0,8.0,12.59,91.82,6.21,119.39,1.0,4.0
26.0,18.0,42.0,19.73,89.65,6.91,108.23,3.0,2.0
96.0,46.0,22.0,20.58,69.0,6.5,66.29,3.0,3.0
71.0,54.0,16.0,22.61,63.69,5.75,87.76,3.0,3.0
21.0,44.0,18.0,27.07,86.9,7.13,50.47,1.0,9.0
97.0,22.0,50.0,26.26,86.15,6.77,58.98,2.0,5.0
10.0,56.0,16.0,28.17,81.05,6.83,36.36,1.0,9.0
27.0,65.0,18.0,20.11,23.22,5.6,73.36,0.0,0.0
87.0,6.0,45.0,29.83,90.79,6.4,22.84,3.0,8.0
23.0,39.0,22.0,29.26,81.98,6.86,42.02,1.0,9.0
27.0,64.0,21.0,32.84,68.68,7.54,73.67,3.0,1.0
36.0,38.0,15.0,28.36,87.6,6.32,58.0,1.0,9.0
31.0,5.0,14.0,17.67,91.7,6.58,110.69,1.0,4.0
42.0,74.0,83.0,19.26,14.28,7.55,65.78,1.0,7.0
93.0,58.0,38.0,20.62,83.77,6.93,279.55,0.0,6.0
114.0,30.0,51.0,29.25,90.07,6.07,25.93,3.0,8.0
36.0,43.0,21.0,28.36,84.86,7.14,52.93,1.0,9.0
37.0,6.0,13.0,26.03,91.51,7.51,101.28,1.0,4.0
91.0,36.0,45.0,24.44,82.45,5.95,267.98,0.0,6.0
22.0,54.0,20.0,28.56,83.64,6.69,41.01,1.0,9.0
5.0,23.0,15.0,25.67,92.05,7.41,112.54,1.0,4.0
109.0,12.0,48.0,29.46,92.13,6.71,20.76,3.0,8.0
120.0,24.0,47.0,26.99,89.41,6.26,58.55,2.0,5.0
23.0,57.0,19.0,32.84,68.0,7.25,73.4,3.0,1.0
33.0,37.0,19.0,27.93,86.55,7.18,43.48,1.0,9.0
27.0,13.0,6.0,13.36,91.36,7.34,111.23,1.0,4.0
82.0,25.0,51.0,24.31,87.47,6.07,48.11,2.0,5.0
7.0,60.0,25.0,28.28,82.76,6.4,56.05,1.0,9.0
9.0,8.0,15.0,14.34,94.36,7.99,110.22,1.0,4.0
32.0,25.0,9.0,10.36,93.76,7.8,101.15,1.0,4.0
5.0,13.0,37.0,22.34,89.79,5.65,103.32,3.0,2.0
98.0,53.0,38.0,20.27,81.64,5.01,270.44,0.0,6.0
49.0,69.0,82.0,18.32,15.36,6.26,81.79,1.0,7.0
92.0,7.0,48.0,26.28,86.63,6.96,54.39,2.0,5.0
87.0,25.0,46.0,27.43,90.03,6.38,21.75,3.0,8.0
32.0,71.0,85.0,20.63,14.44,6.4,92.07,1.0,7.0
105.0,14.0,50.0,26.21,87.69,6.42,59.66,2.0,5.0
12.0,6.0,8.0,30.85,92.87,6.39,107.41,1.0,4.0
19.0,78.0,16.0,20.65,23.11,5.97,67.72,0.0,0.0
19.0,7.0,10.0,14.78,91.22,6.12,100.2,1.0,4.0
19.0,17.0,39.0,24.72,85.56,6.73,111.28,3.0,2.0
32.0,71.0,85.0,20.63,14.44,6.4,92.07,1.0,7.0
25.0,62.0,21.0,26.73,68.14,7.04,67.15,3.0,1.0
107.0,22.0,54.0,28.0,90.85,6.63,21.62,3.0,8.0
24.0,55.0,78.0,17.3,15.15,6.65,75.58,1.0,7.0
59.0,69.0,80.0,19.08,17.87,8.17,69.41,1.0,7.0
110.0,25.0,54.0,28.91,90.78,6.43,23.44,3.0,8.0
39.0,28.0,10.0,31.35,91.48,7.18,109.15,1.0,4.0
13.0,22.0,5.0,19.67,90.5,7.76,100.17,1.0,4.0
39.0,24.0,14.0,30.55,90.9,7.19,106.07,1.0,4.0
6.0,77.0,25.0,20.61,24.36,5.79,69.64,0.0,0.0
11.0,10.0,45.0,22.63,88.46,6.4,109.04,3.0,2.0
90.0,15.0,52.0,27.05,91.38,6.45,23.66,3.0,8.0
88.0,35.0,40.0,23.58,83.59,5.85,291.3,0.0,6.0
99.0,41.0,36.0,24.46,82.75,6.74,182.56,0.0,6.0
5.0,65.0,16.0,21.33,18.49,5.87,109.1,0.0,0.0
20.0,69.0,15.0,23.44,22.77,5.93,107.41,0.0,0.0
30.0,65.0,25.0,32.89,64.59,7.71,71.51,3.0,1.0
83.0,29.0,52.0,25.76,87.59,6.7,46.05,2.0,5.0
84.0,57.0,25.0,22.54,67.99,6.49,64.41,3.0,3.0
8.0,16.0,6.0,12.23,90.26,7.11,108.42,1.0,4.0
30.0,44.0,16.0,29.73,82.89,6.44,50.92,1.0,9.0
48.0,61.0,21.0,30.28,61.69,6.63,65.63,3.0,1.0
34.0,60.0,23.0,20.13,24.97,5.66,100.05,0.0,0.0
18.0,23.0,8.0,21.49,93.44,6.41,101.48,1.0,4.0
117.0,27.0,48.0,26.53,82.39,6.84,54.31,2.0,5.0
27.0,62.0,77.0,18.2,14.71,6.58,70.18,1.0,7.0
18.0,74.0,15.0,24.9,22.28,5.71,146.47,0.0,0.0
87.0,60.0,23.0,20.27,63.91,6.44,62.5,3.0,3.0
61.0,59.0,17.0,23.34,59.25,6.47,105.01,3.0,3.0
31.0,48.0,17.0,28.88,86.94,6.59,53.8,1.0,9.0
25.0,68.0,77.0,20.09,15.11,7.7,85.75,1.0,7.0
14.0,19.0,14.0,17.68,94.36,6.7,108.06,1.0,4.0
91.0,55.0,15.0,18.09,72.61,6.38,78.96,3.0,3.0
95.0,39.0,36.0,23.86,83.15,5.56,285.25,0.0,6.0
3.0,77.0,25.0,24.85,22.89,5.61,62.21,0.0,0.0
28.0,6.0,40.0,22.11,91.34,6.77,106.87,3.0,2.0
22.0,79.0,17.0,21.42,20.4,5.91,116.52,0.0,0.0
25.0,78.0,76.0,17.48,15.76,7.23,66.97,1.0,7.0
22.0,9.0,44.0,24.72,88.88,5.74,112.19,3.0,2.0
22.0,56.0,17.0,29.88,87.33,6.89,44.75,1.0,9.0
36.0,65.0,80.0,18.29,16.68,6.05,74.87,1.0,7.0
37.0,78.0,79.0,19.95,14.83,7.79,88.68,1.0,7.0
91.0,7.0,52.0,25.08,83.46,6.41,56.4,2.0,5.0
66.0,54.0,21.0,25.19,60.2,5.92,72.12,3.0,3.0
7.0,60.0,25.0,28.28,82.76,6.4,56.05,1.0,9.0
82.0,43.0,38.0,23.29,81.43,5.11,242.32,0.0,6.0
9.0,48.0,22.0,27.77,87.1,6.4,49.51,1.0,9.0
12.0,29.0,40.0,19.68,89.75,6.59,111.28,3.0,2.0
14.0,67.0,22.0,23.83,24.75,5.62,84.64,0.0,0.0
112.0,25.0,51.0,25.05,85.57,6.93,56.72,2.0,5.0
1.0,62.0,23.0,15.44,18.37,5.61,139.03,0.0,0.0
5.0,65.0,16.0,21.33,18.49,5.87,109.1,0.0,0.0
37.0,6.0,13.0,26.03,91.51,7.51,101.28,1.0,4.0
31.0,37.0,21.0,27.24,86.4,6.71,37.31,1.0,9.0
27.0,63.0,19.0,20.93,21.19,5.56,133.19,0.0,0.0
73.0,58.0,21.0,19.97,57.68,6.6,60.65,3.0,3.0
24.0,18.0,6.0,26.57,94.45,6.29,116.38,1.0,4.0
26.0,80.0,83.0,17.08,16.15,7.53,71.31,1.0,7.0
13.0,22.0,5.0,19.67,90.5,7.76,100.17,1.0,4.0
31.0,8.0,7.0,34.51,93.64,7.16,103.57,1.0,4.0
53.0,65.0,76.0,20.19,16.42,6.72,77.34,1.0,7.0
80.0,16.0,46.0,25.5,81.4,6.94,48.48,2.0,5.0
19.0,17.0,39.0,24.72,85.56,6.73,111.28,3.0,2.0
23.0,30.0,44.0,20.94,85.43,6.12,103.03,3.0,2.0
26.0,18.0,42.0,19.73,89.65,6.91,108.23,3.0,2.0
36.0,68.0,20.0,17.06,23.77,5.86,81.83,0.0,0.0
24.0,67.0,22.0,20.12,22.9,5.62,104.63,0.0,0.0
22.0,72.0,85.0,18.87,15.66,6.39,88.51,1.0,7.0
43.0,79.0,79.0,19.41,18.98,7.81,80.25,1.0,7.0
32.0,60.0,83.0,19.69,19.44,8.83,91.76,1.0,7.0
37.0,74.0,15.0,24.92,18.23,5.58,62.71,0.0,0.0
31.0,26.0,9.0,11.7,93.26,7.57,103.2,1.0,4.0
86.0,59.0,35.0,25.79,82.11,6.95,243.51,0.0,6.0
36.0,29.0,13.0,20.68,90.92,7.83,109.75,1.0,4.0
101.0,11.0,51.0,25.51,84.24,6.79,44.21,2.0,5.0
98.0,26.0,52.0,27.34,90.7,6.15,28.69,3.0,8.0
40.0,58.0,15.0,29.46,87.61,6.98,43.15,1.0,9.0
39.0,76.0,76.0,19.97,15.57,6.14,69.16,1.0,7.0
11.0,14.0,5.0,11.5,94.89,6.95,115.57,1.0,4.0
99.0,57.0,35.0,26.76,81.18,5.96,272.3,0.0,6.0
5.0,74.0,21.0,16.24,21.36,5.59,66.97,0.0,0.0
32.0,79.0,15.0,23.91,20.75,5.71,81.6,0.0,0.0
98.0,35.0,18.0,23.8,74.83,6.25,91.76,3.0,3.0
34.0,60.0,25.0,29.78,85.17,6.79,40.78,1.0,9.0
8.0,23.0,38.0,19.3,87.18,7.01,105.48,3.0,2.0
25.0,70.0,16.0,19.63,18.91,5.76,106.36,0.0,0.0
110.0,22.0,47.0,29.03,91.82,6.24,24.94,3.0,8.0
37.0,18.0,12.0,10.27,90.19,7.4,106.7,1.0,4.0
84.0,50.0,44.0,25.49,81.41,5.94,182.65,0.0,6.0
51.0,72.0,75.0,18.89,14.99,7.1,80.11,1.0,7.0
81.0,41.0,38.0,22.68,83.73,7.52,200.91,0.0,6.0
26.0,80.0,83.0,17.08,16.15,7.53,71.31,1.0,7.0
31.0,26.0,9.0,11.7,93.26,7.57,103.2,1.0,4.0
19.0,78.0,16.0,20.65,23.11,5.97,67.72,0.0,0.0
99.0,29.0,55.0,29.19,91.46,6.66,26.48,3.0,8.0
39.0,28.0,10.0,31.35,91.48,7.18,109.15,1.0,4.0
10.0,55.0,23.0,21.19,19.63,5.73,137.19,0.0,0.0
113.0,20.0,48.0,27.47,94.88,6.44,27.28,3.0,8.0
12.0,61.0,19.0,19.33,24.14,5.66,68.51,0.0,0.0
94.0,50.0,37.0,25.67,80.66,6.95,209.59,0.0,6.0
22.0,64.0,82.0,19.49,17.17,6.47,87.51,1.0,7.0
37.0,24.0,13.0,19.14,90.71,7.85,108.02,1.0,4.0
59.0,60.0,84.0,19.03,18.67,7.69,94.71,1.0,7.0
4.0,59.0,25.0,27.69,81.94,6.23,54.62,1.0,9.0
2.0,38.0,18.0,27.54,89.93,6.62,45.49,1.0,9.0
83.0,58.0,45.0,25.76,83.52,5.88,245.66,0.0,6.0
35.0,69.0,23.0,16.79,24.97,5.58,75.45,0.0,0.0
3.0,9.0,45.0,23.89,89.62,6.54,104.62,3.0,2.0
26.0,65.0,22.0,17.85,18.78,5.95,143.1,0.0,0.0
6.0,7.0,7.0,27.68,94.47,7.2,114.0,1.0,4.0
99.0,6.0,45.0,26.13,86.55,6.0,40.71,2.0,5.0
9.0,25.0,41.0,24.82,91.91,5.97,109.29,3.0,2.0
22.0,54.0,20.0,28.56,83.64,6.69,41.01,1.0,9.0
60.0,68.0,83.0,19.12,18.43,6.62,85.53,1.0,7.0
34.0,9.0,36.0,22.81,86.34,6.28,110.44,3.0,2.0
34.0,60.0,23.0,20.13,24.97,5.66,100.05,0.0,0.0
21.0,17.0,15.0,23.98,91.55,7.46,118.49,1.0,4.0
15.0,9.0,11.0,11.55,94.15,7.91,108.83,1.0,4.0
98.0,53.0,38.0,20.27,81.64,5.01,270.44,0.0,6.0
91.0,24.0,55.0,26.27,83.09,6.26,46.77,2.0,5.0
39.0,71.0,84.0,20.28,16.4,8.14,82.52,1.0,7.0
29.0,77.0,75.0,17.5,15.48,7.78,72.94,1.0,7.0
4.0,13.0,6.0,15.63,94.26,7.56,101.47,1.0,4.0
98.0,26.0,49.0,27.29,90.53,6.13,23.5,3.0,8.0
86.0,18.0,45.0,28.97,90.72,6.57,22.26,3.0,8.0
34.0,66.0,19.0,32.97,60.18,7.59,73.45,3.0,1.0
94.0,50.0,37.0,25.67,80.66,6.95,209.59,0.0,6.0
8.0,23.0,38.0,19.3,87.18,7.01,105.48,3.0,2.0
59.0,60.0,84.0,19.03,18.67,7.69,94.71,1.0,7.0
29.0,21.0,45.0,23.41,93.13,6.75,105.22,3.0,2.0
40.0,29.0,42.0,24.63,89.02,7.1,110.7,3.0,2.0
55.0,67.0,16.0,34.37,69.69,6.6,70.27,3.0,1.0
87.0,35.0,25.0,21.45,63.16,6.18,65.89,3.0,3.0
17.0,77.0,24.0,20.77,18.93,5.57,109.02,0.0,0.0
39.0,71.0,84.0,20.28,16.4,8.14,82.52,1.0,7.0
6.0,48.0,24.0,28.64,84.61,6.79,48.48,1.0,9.0
44.0,76.0,22.0,27.26,68.01,7.78,68.92,3.0,1.0
81.0,25.0,49.0,29.87,93.25,6.08,26.26,3.0,8.0
73.0,58.0,21.0,19.97,57.68,6.6,60.65,3.0,3.0
7.0,20.0,12.0,16.53,94.77,6.48,110.04,1.0,4.0
101.0,17.0,47.0,29.49,94.73,6.19,26.31,3.0,8.0
40.0,27.0,45.0,21.66,94.79,5.89,112.43,3.0,2.0
86.0,37.0,16.0,20.52,59.21,5.56,67.61,3.0,3.0
37.0,6.0,13.0,26.03,91.51,7.51,101.28,1.0,4.0
8.0,54.0,20.0,28.33,80.77,7.03,38.8,1.0,9.0
29.0,75.0,75.0,19.62,18.71,7.06,88.46,1.0,7.0
43.0,79.0,79.0,19.41,18.98,7.81,80.25,1.0,7.0
22.0,26.0,38.0,22.92,85.13,6.99,110.24,3.0,2.0
115.0,12.0,52.0,27.51,94.96,6.69,21.02,3.0,8.0
89.0,25.0,54.0,24.69,85.57,6.35,48.99,2.0,5.0
25.0,65.0,21.0,33.86,68.59,6.88,69.24,3.0,1.0
40.0,27.0,45.0,21.66,94.79,5.89,112.43,3.0,2.0
60.0,38.0,17.0,18.42,64.24,6.47,76.41,3.0,3.0
65.0,60.0,22.0,25.37,72.52,6.61,107.91,3.0,3.0
24.0,42.0,23.0,28.22,82.36,6.43,44.01,1.0,9.0
83.0,15.0,49.0,28.93,91.39,6.44,23.2,3.0,8.0
74.0,55.0,19.0,18.05,62.89,6.29,84.24,3.0,3.0
53.0,73.0,77.0,19.71,18.1,7.33,73.64,1.0,7.0
58.0,71.0,15.0,27.83,67.59,6.92,74.01,3.0,1.0
37.0,65.0,16.0,22.84,18.97,5.68,63.59,0.0,0.0
21.0,38.0,21.0,29.76,86.45,6.64,37.55,1.0,9.0
70.0,44.0,19.0,23.32,73.45,5.85,94.3,3.0,3.0
119.0,25.0,51.0,26.47,80.92,6.28,53.66,2.0,5.0
22.0,60.0,85.0,18.84,14.74,6.81,94.78,1.0,7.0
100.0,10.0,53.0,24.54,84.61,6.21,42.01,2.0,5.0
23.0,5.0,44.0,21.21,94.26,7.16,107.57,3.0,2.0
110.0,14.0,51.0,27.02,91.67,6.09,21.26,3.0,8.0
44.0,55.0,25.0,29.63,65.91,7.42,71.16,3.0,1.0
20.0,69.0,15.0,23.44,22.77,5.93,107.41,0.0,0.0
22.0,60.0,24.0,18.78,20.25,5.63,104.26,0.0,0.0
21.0,17.0,15.0,23.98,91.55,7.46,118.49,1.0,4.0
20.0,29.0,10.0,29.07,93.27,7.37,100.79,1.0,4.0
26.0,65.0,22.0,17.85,18.78,5.95,143.1,0.0,0.0
19.0,65.0,25.0,18.1,18.29,5.63,144.79,0.0,0.0
74.0,39.0,38.0,23.24,84.59,7.78,233.05,0.0,6.0
40.0,58.0,75.0,18.59,14.78,6.17,89.61,1.0,7.0
17.0,64.0,17.0,21.02,24.94,5.66,124.61,0.0,0.0
0.0,18.0,14.0,29.77,92.01,7.21,114.42,1.0,4.0
84.0,50.0,44.0,25.49,81.41,5.94,182.65,0.0,6.0
49.0,55.0,78.0,18.66,16.18,7.86,81.71,1.0,7.0
62.0,52.0,16.0,22.28,58.84,6.97,63.87,3.0,3.0
18.0,14.0,11.0,28.05,90.01,6.55,117.13,1.0,4.0
85.0,9.0,53.0,28.21,92.87,6.45,28.79,3.0,8.0
23.0,30.0,44.0,20.94,85.43,6.12,103.03,3.0,2.0
44.0,63.0,15.0,26.42,64.51,7.34,63.47,3.0,1.0
28.0,65.0,23.0,28.39,61.89,7.41,74.24,3.0,1.0
31.0,8.0,7.0,34.51,93.64,7.16,103.57,1.0,4.0
6.0,62.0,22.0,20.53,18.09,5.82,120.45,0.0,0.0
32.0,60.0,83.0,19.69,19.44,8.83,91.76,1.0,7.0
30.0,64.0,20.0,33.86,61.57,6.57,68.02,3.0,1.0
33.0,80.0,22.0,28.57,65.72,6.59,70.09,3.0,1.0
7.0,16.0,9.0,18.88,92.04,7.81,114.67,1.0,4.0
34.0,11.0,10.0,31.75,94.6,7.36,115.2,1.0,4.0
40.0,9.0,41.0,24.38,85.4,5.78,106.13,3.0,2.0
95.0,39.0,36.0,23.86,83.15,5.56,285.25,0.0,6.0
69.0,37.0,42.0,23.06,83.37,7.07,251.05,0.0,6.0
24.0,56.0,85.0,18.2,17.41,6.55,80.64,1.0,7.0
100.0,48.0,16.0,25.72,67.22,5.55,74.51,3.0,3.0
37.0,49.0,25.0,29.91,85.85,6.42,41.39,1.0,9.0
31.0,58.0,15.0,27.11,84.97,7.12,51.53,1.0,9.0
68.0,57.0,43.0,26.09,80.38,5.71,182.9,0.0,6.0
37.0,62.0,17.0,25.69,69.84,7.12,74.62,3.0,1.0
25.0,70.0,16.0,19.63,18.91,5.76,106.36,0.0,0.0
34.0,60.0,16.0,31.36,64.25,7.32,63.86,3.0,1.0
83.0,58.0,45.0,25.76,83.52,5.88,245.66,0.0,6.0
34.0,29.0,8.0,31.88,91.15,6.45,105.34,1.0,4.0
13.0,8.0,12.0,25.16,92.55,7.11,114.31,1.0,4.0
2.0,24.0,38.0,24.56,91.64,5.92,111.97,3.0,2.0
37.0,24.0,13.0,19.14,90.71,7.85,108.02,1.0,4.0
83.0,41.0,43.0,21.05,82.68,6.25,233.11,0.0,6.0
35.0,41.0,18.0,28.71,81.59,6.71,59.87,1.0,9.0
20.0,8.0,12.0,25.3,94.96,7.26,117.97,1.0,4.0
34.0,60.0,22.0,17.66,18.15,5.64,100.67,0.0,0.0
26.0,27.0,10.0,28.07,92.91,6.08,114.13,1.0,4.0
79.0,43.0,39.0,21.67,80.71,7.06,210.81,0.0,6.0
9.0,16.0,36.0,23.78,92.93,5.89,106.98,3.0,2.0
37.0,6.0,13.0,26.03,91.51,7.51,101.28,1.0,4.0
9.0,16.0,39.0,18.41,91.12,6.1,105.18,3.0,2.0
36.0,76.0,75.0,18.38,16.64,8.74,70.52,1.0,7.0
13.0,7.0,43.0,18.2,91.12,7.01,109.66,3.0,2.0
109.0,12.0,48.0,29.46,92.13,6.71,20.76,3.0,8.0
111.0,5.0,50.0,27.59,91.8,6.4,24.84,3.0,8.0
28.0,46.0,16.0,29.01,84.96,6.66,45.91,1.0,9.0
95.0,7.0,45.0,27.3,90.8,6.03,25.09,3.0,8.0
0.0,12.0,7.0,20.18,90.65,6.97,116.81,1.0,4.0
11.0,10.0,45.0,22.63,88.46,6.4,109.04,3.0,2.0
35.0,52.0,19.0,27.11,89.9,6.7,37.46,1.0,9.0
34.0,47.0,19.0,27.31,85.45,6.57,53.15,1.0,9.0
12.0,61.0,19.0,19.33,24.14,5.66,68.51,0.0,0.0
74.0,35.0,40.0,26.49,80.16,6.98,242.86,0.0,6.0
28.0,46.0,16.0,29.01,84.96,6.66,45.91,1.0,9.0
82.0,20.0,54.0,29.34,90.02,6.54,21.45,3.0,8.0
39.0,24.0,39.0,23.65,93.33,6.43,109.81,3.0,2.0
8.0,26.0,36.0,18.78,87.4,6.8,102.52,3.0,2.0
60.0,36.0,43.0,23.43,83.06,5.29,219.9,0.0,6.0
19.0,53.0,22.0,27.86,80.45,6.85,42.83,1.0,9.0
95.0,55.0,42.0,26.8,82.15,5.95,193.35,0.0,6.0
95.0,21.0,47.0,27.93,93.56,6.43,20.66,3.0,8.0
11.0,72.0,20.0,19.52,24.93,5.95,113.33,0.0,0.0
5.0,65.0,16.0,21.33,18.49,5.87,109.1,0.0,0.0
57.0,68.0,81.0,17.17,17.3,8.08,72.79,1.0,7.0
11.0,72.0,20.0,19.52,24.93,5.95,113.33,0.0,0.0
21.0,6.0,41.0,24.88,89.4,7.09,107.2,3.0,2.0
60.0,51.0,36.0,22.7,82.81,6.03,257.0,0.0,6.0
13.0,16.0,8.0,34.74,93.12,6.95,100.2,1.0,4.0
20.0,79.0,77.0,18.55,16.03,7.65,76.33,1.0,7.0
114.0,8.0,50.0,24.75,88.31,6.58,57.96,2.0,5.0
36.0,55.0,20.0,27.01,84.34,6.64,55.3,1.0,9.0
25.0,70.0,16.0,19.63,18.91,5.76,106.36,0.0,0.0
32.0,25.0,35.0,18.1,85.71,5.89,107.01,3.0,2.0
11.0,18.0,42.0,21.58,94.88,5.94,102.86,3.0,2.0
61.0,52.0,41.0,24.98,83.89,6.88,204.8,0.0,6.0
37.0,74.0,15.0,24.92,18.23,5.58,62.71,0.0,0.0
120.0,24.0,47.0,26.99,89.41,6.26,58.55,2.0,5.0
31.0,53.0,16.0,28.74,85.82,6.45,48.55,1.0,9.0
95.0,12.0,46.0,26.22,81.01,6.32,54.65,2.0,5.0
11.0,18.0,42.0,21.58,94.88,5.94,102.86,3.0,2.0
40.0,73.0,20.0,21.59,20.32,5.81,61.14,0.0,0.0
11.0,18.0,42.0,21.58,94.88,5.94,102.86,3.0,2.0
27.0,63.0,19.0,20.93,21.19,5.56,133.19,0.0,0.0
81.0,18.0,50.0,26.44,80.92,6.51,47.82,2.0,5.0
60.0,61.0,78.0,20.71,19.84,6.32,94.04,1.0,7.0
74.0,56.0,22.0,18.28,66.66,6.83,80.98,3.0,3.0
41.0,74.0,18.0,28.76,61.03,6.6,73.38,3.0,1.0
63.0,42.0,21.0,23.26,72.33,5.8,67.1,3.0,3.0
34.0,59.0,23.0,28.56,83.25,6.94,56.48,1.0,9.0
95.0,13.0,46.0,29.84,93.76,6.13,23.28,3.0,8.0
94.0,5.0,55.0,28.59,91.89,6.09,26.88,3.0,8.0
1.0,48.0,24.0,29.35,85.6,6.23,59.04,1.0,9.0
60.0,57.0,24.0,18.66,61.55,6.12,75.03,3.0,3.0
0.0,65.0,15.0,23.46,23.22,5.65,95.84,0.0,0.0
101.0,17.0,55.0,24.37,87.13,6.45,44.64,2.0,5.0
99.0,6.0,45.0,26.13,86.55,6.0,40.71,2.0,5.0
37.0,24.0,13.0,19.14,90.71,7.85,108.02,1.0,4.0
15.0,11.0,38.0,23.13,92.68,6.63,109.39,3.0,2.0
31.0,79.0,25.0,23.19,22.31,5.9,63.38,0.0,0.0
24.0,18.0,6.0,26.57,94.45,6.29,116.38,1.0,4.0
115.0,9.0,52.0,29.07,90.98,6.02,29.12,3.0,8.0
60.0,44.0,23.0,24.79,70.05,5.72,76.73,3.0,3.0
79.0,45.0,20.0,23.81,59.25,5.72,89.96,3.0,3.0
27.0,62.0,77.0,18.2,14.71,6.58,70.18,1.0,7.0
38.0,14.0,37.0,21.81,94.64,6.66,102.65,3.0,2.0
52.0,58.0,16.0,30.64,61.15,7.17,71.37,3.0,1.0
23.0,72.0,84.0,19.02,17.13,6.92,79.93,1.0,7.0
73.0,58.0,21.0,19.97,57.68,6.6,60.65,3.0,3.0
62.0,48.0,20.0,21.7,60.47,6.71,95.71,3.0,3.0
61.0,44.0,17.0,26.1,71.57,6.93,102.27,3.0,3.0
89.0,60.0,17.0,25.38,57.21,5.98,101.7,3.0,3.0
27.0,65.0,18.0,20.11,23.22,5.6,73.36,0.0,0.0
11.0,72.0,20.0,19.52,24.93,5.95,113.33,0.0,0.0
30.0,44.0,16.0,29.73,82.89,6.44,50.92,1.0,9.0
28.0,65.0,23.0,28.39,61.89,7.41,74.24,3.0,1.0
39.0,28.0,10.0,31.35,91.48,7.18,109.15,1.0,4.0
88.0,17.0,52.0,29.9,90.75,6.65,25.38,3.0,8.0
31.0,70.0,77.0,20.89,14.32,6.49,90.46,1.0,7.0
86.0,36.0,24.0,26.55,72.89,5.79,73.34,3.0,3.0
82.0,20.0,54.0,29.34,90.02,6.54,21.45,3.0,8.0
8.0,26.0,36.0,18.78,87.4,6.8,102.52,3.0,2.0
31.0,53.0,16.0,28.74,85.82,6.45,48.55,1.0,9.0
20.0,41.0,20.0,29.27,89.49,7.07,50.92,1.0,9.0
110.0,22.0,47.0,29.03,91.82,6.24,24.94,3.0,8.0
14.0,48.0,21.0,29.25,84.8,6.99,53.43,1.0,9.0
98.0,35.0,18.0,23.8,74.83,6.25,91.76,3.0,3.0
25.0,70.0,16.0,19.63,18.91,5.76,106.36,0.0,0.0
12.0,61.0,19.0,19.33,24.14,5.66,68.51,0.0,0.0
35.0,48.0,15.0,27.11,87.45,6.98,55.04,1.0,9.0
22.0,72.0,85.0,18.87,15.66,6.39,88.51,1.0,7.0
39.0,24.0,39.0,23.65,93.33,6.43,109.81,3.0,2.0
32.0,14.0,37.0,22.73,88.49,6.83,104.68,3.0,2.0
14.0,8.0,43.0,21.93,94.46,7.05,111.72,3.0,2.0
99.0,55.0,35.0,21.72,80.24,6.5,277.96,0.0,6.0
4.0,19.0,42.0,23.83,87.84,6.31,111.22,3.0,2.0
72.0,60.0,25.0,18.53,69.03,5.77,88.1,3.0,3.0
14.0,8.0,43.0,21.93,94.46,7.05,111.72,3.0,2.0
29.0,76.0,15.0,28.54,64.2,7.03,69.69,3.0,1.0
13.0,69.0,19.0,17.31,20.02,5.86,115.2,0.0,0.0
61.0,41.0,17.0,25.14,65.26,6.02,76.68,3.0,3.0
27.0,64.0,21.0,32.84,68.68,7.54,73.67,3.0,1.0
9.0,77.0,17.0,20.12,24.45,5.78,106.16,0.0,0.0
13.0,72.0,21.0,24.32,21.03,5.82,60.28,0.0,0.0
26.0,80.0,83.0,17.08,16.15,7.53,71.31,1.0,7.0
75.0,54.0,36.0,26.29,84.57,7.02,257.49,0.0,6.0
36.0,66.0,15.0,30.09,69.35,6.67,67.14,3.0,1.0
6.0,30.0,40.0,22.77,91.45,6.36,106.97,3.0,2.0
3.0,9.0,45.0,23.89,89.62,6.54,104.62,3.0,2.0
8.0,26.0,36.0,18.78,87.4,6.8,102.52,3.0,2.0
116.0,5.0,54.0,25.38,80.99,6.65,57.23,2.0,5.0
21.0,9.0,40.0,24.51,90.64,5.96,105.62,3.0,2.0
8.0,28.0,38.0,23.23,94.43,6.84,105.69,3.0,2.0
101.0,17.0,55.0,24.37,87.13,6.45,44.64,2.0,5.0
86.0,59.0,35.0,25.79,82.11,6.95,243.51,0.0,6.0
4.0,24.0,43.0,22.4,88.15,7.2,109.87,3.0,2.0
83.0,57.0,19.0,25.73,70.75,6.88,98.74,3.0,3.0
84.0,18.0,46.0,27.09,93.42,6.78,25.32,3.0,8.0
81.0,41.0,38.0,22.68,83.73,7.52,200.91,0.0,6.0
38.0,60.0,76.0,18.65,17.81,8.87,77.93,1.0,7.0
4.0,24.0,43.0,22.4,88.15,7.2,109.87,3.0,2.0
99.0,36.0,20.0,20.58,65.35,6.67,78.35,3.0,3.0
119.0,19.0,55.0,25.19,83.45,6.82,46.87,2.0,5.0
95.0,21.0,47.0,27.93,93.56,6.43,20.66,3.0,8.0
104.0,17.0,46.0,25.71,80.23,6.19,43.09,2.0,5.0
0.0,65.0,15.0,23.46,23.22,5.65,95.84,0.0,0.0
25.0,65.0,21.0,33.86,68.59,6.88,69.24,3.0,1.0
23.0,62.0,85.0,18.97,19.52,8.49,80.71,1.0,7.0
99.0,55.0,35.0,21.72,80.24,6.5,277.96,0.0,6.0
23.0,59.0,25.0,27.83,88.73,6.32,56.69,1.0,9.0
99.0,36.0,20.0,20.58,65.35,6.67,78.35,3.0,3.0
81.0,25.0,49.0,29.87,93.25,6.08,26.26,3.0,8.0
39.0,28.0,10.0,31.35,91.48,7.18,109.15,1.0,4.0
114.0,27.0,48.0,27.82,93.04,6.53,26.32,3.0,8.0
102.0,11.0,47.0,27.99,92.78,6.5,27.15,3.0,8.0
109.0,10.0,53.0,26.82,87.83,6.55,46.06,2.0,5.0
58.0,71.0,15.0,27.83,67.59,6.92,74.01,3.0,1.0
1.0,15.0,9.0,29.98,94.55,7.53,115.36,1.0,4.0
71.0,46.0,40.0,20.28,82.12,7.24,191.95,0.0,6.0
119.0,30.0,49.0,25.36,80.46,6.9,47.72,2.0,5.0
61.0,41.0,17.0,25.14,65.26,6.02,76.68,3.0,3.0
36.0,55.0,20.0,27.01,84.34,6.64,55.3,1.0,9.0
8.0,50.0,21.0,28.63,89.11,6.22,50.5,1.0,9.0
83.0,25.0,53.0,26.49,80.05,6.06,57.73,2.0,5.0
109.0,21.0,55.0,24.9,89.74,6.77,57.45,2.0,5.0
21.0,21.0,38.0,22.55,89.33,6.33,104.9,3.0,2.0
65.0,60.0,43.0,21.97,81.9,5.66,227.36,0.0,6.0
90.0,49.0,21.0,24.84,68.36,6.47,74.05,3.0,3.0
40.0,27.0,45.0,21.66,94.79,5.89,112.43,3.0,2.0
117.0,25.0,54.0,28.68,92.51,6.15,29.11,3.0,8.0
115.0,17.0,55.0,27.58,94.12,6.78,28.08,3.0,8.0
6.0,77.0,25.0,20.61,24.36,5.79,69.64,0.0,0.0
115.0,11.0,46.0,24.42,89.4,6.62,40.32,2.0,5.0
22.0,56.0,17.0,29.88,87.33,6.89,44.75,1.0,9.0
34.0,59.0,23.0,28.56,83.25,6.94,56.48,1.0,9.0
84.0,21.0,55.0,28.47,94.79,6.49,21.08,3.0,8.0
120.0,23.0,55.0,27.84,91.61,6.73,26.48,3.0,8.0
61.0,53.0,43.0,26.4,81.06,6.35,223.37,0.0,6.0
95.0,21.0,47.0,27.93,93.56,6.43,20.66,3.0,8.0
14.0,48.0,21.0,29.25,84.8,6.99,53.43,1.0,9.0
12.0,78.0,23.0,16.07,18.72,6.0,88.07,0.0,0.0
11.0,60.0,23.0,27.34,88.5,7.03,51.1,1.0,9.0
27.0,79.0,82.0,17.07,17.54,6.31,70.87,1.0,7.0
25.0,63.0,20.0,15.79,21.15,5.5,95.17,0.0,0.0
86.0,18.0,45.0,28.97,90.72,6.57,22.26,3.0,8.0
44.0,63.0,15.0,26.42,64.51,7.34,63.47,3.0,1.0
111.0,6.0,53.0,26.49,88.59,6.31,46.06,2.0,5.0
22.0,79.0,17.0,21.42,20.4,5.91,116.52,0.0,0.0
56.0,79.0,15.0,29.48,63.2,7.45,71.89,3.0,1.0
74.0,39.0,38.0,23.24,84.59,7.78,233.05,0.0,6.0
63.0,35.0,16.0,22.03,65.36,6.27,83.73,3.0,3.0
31.0,51.0,25.0,27.54,85.57,7.2,53.02,1.0,9.0
13.0,16.0,8.0,34.74,93.12,6.95,100.2,1.0,4.0
10.0,55.0,23.0,21.19,19.63,5.73,137.19,0.0,0.0
4.0,19.0,43.0,18.07,93.15,5.78,106.36,3.0,2.0
9.0,16.0,39.0,18.41,91.12,6.1,105.18,3.0,2.0
20.0,29.0,10.0,29.07,93.27,7.37,100.79,1.0,4.0
85.0,9.0,53.0,28.21,92.87,6.45,28.79,3.0,8.0
76.0,57.0,18.0,18.98,74.53,6.09,94.26,3.0,3.0
39.0,73.0,24.0,25.66,61.18,7.22,69.29,3.0,1.0
22.0,78.0,76.0,17.85,19.09,8.62,76.32,1.0,7.0
8.0,54.0,20.0,28.33,80.77,7.03,38.8,1.0,9.0
11.0,46.0,24.0,27.65,89.81,6.46,56.53,1.0,9.0
32.0,14.0,37.0,22.73,88.49,6.83,104.68,3.0,2.0
85.0,25.0,47.0,26.11,87.64,6.3,58.48,2.0,5.0
21.0,9.0,40.0,24.51,90.64,5.96,105.62,3.0,2.0
63.0,35.0,16.0,22.03,65.36,6.27,83.73,3.0,3.0
22.0,80.0,20.0,23.01,18.87,5.67,100.12,0.0,0.0
33.0,59.0,22.0,22.64,21.59,5.95,122.39,0.0,0.0
9.0,57.0,24.0,29.89,89.72,7.17,42.99,1.0,9.0
95.0,16.0,46.0,27.08,90.14,6.75,24.45,3.0,8.0
75.0,54.0,36.0,26.29,84.57,7.02,257.49,0.0,6.0
84.0,21.0,55.0,28.47,94.79,6.49,21.08,3.0,8.0
34.0,60.0,25.0,29.78,85.17,6.79,40.78,1.0,9.0
68.0,41.0,16.0,21.78,57.81,6.16,102.09,3.0,3.0
120.0,7.0,47.0,24.25,83.04,6.65,54.77,2.0,5.0
39.0,28.0,10.0,31.35,91.48,7.18,109.15,1.0,4.0
101.0,11.0,51.0,25.51,84.24,6.79,44.21,2.0,5.0
112.0,25.0,51.0,25.05,85.57,6.93,56.72,2.0,5.0
119.0,30.0,49.0,25.36,80.46,6.9,47.72,2.0,5.0
100.0,14.0,49.0,29.49,91.08,6.37,26.02,3.0,8.0
29.0,22.0,40.0,23.63,89.73,6.15,107.68,3.0,2.0
36.0,76.0,75.0,18.38,16.64,8.74,70.52,1.0,7.0
109.0,21.0,55.0,24.9,89.74,6.77,57.45,2.0,5.0
58.0,66.0,79.0,20.99,19.33,8.72,93.55,1.0,7.0
21.0,6.0,41.0,24.88,89.4,7.09,107.2,3.0,2.0
14.0,48.0,21.0,29.25,84.8,6.99,53.43,1.0,9.0
99.0,36.0,20.0,20.58,65.35,6.67,78.35,3.0,3.0
13.0,30.0,37.0,20.86,91.62,6.28,106.87,3.0,2.0
52.0,70.0,16.0,33.67,66.6,7.53,67.33,3.0,1.0
39.0,76.0,76.0,19.97,15.57,6.14,69.16,1.0,7.0
0.0,18.0,14.0,29.77,92.01,7.21,114.42,1.0,4.0
1.0,62.0,23.0,15.44,18.37,5.61,139.03,0.0,0.0
25.0,70.0,16.0,19.63,18.91,5.76,106.36,0.0,0.0
16.0,10.0,41.0,24.77,85.64,6.74,105.76,3.0,2.0
30.0,75.0,81.0,19.42,16.81,6.41,68.52,1.0,7.0
9.0,16.0,36.0,23.78,92.93,5.89,106.98,3.0,2.0
79.0,45.0,20.0,23.81,59.25,5.72,89.96,3.0,3.0
52.0,60.0,79.0,19.45,18.23,8.38,75.63,1.0,7.0
9.0,69.0,20.0,19.31,23.96,5.59,129.34,0.0,0.0
51.0,72.0,75.0,18.89,14.99,7.1,80.11,1.0,7.0
90.0,57.0,24.0,18.93,72.8,6.16,82.34,3.0,3.0
76.0,44.0,17.0,20.42,62.55,5.86,65.28,3.0,3.0
99.0,55.0,35.0,21.72,80.24,6.5,277.96,0.0,6.0
44.0,58.0,18.0,28.04,65.07,6.81,72.5,3.0,1.0
64.0,35.0,23.0,23.02,61.89,5.68,63.04,3.0,3.0
17.0,58.0,20.0,28.07,85.92,6.43,39.24,1.0,9.0
4.0,44.0,19.0,27.96,83.53,6.92,43.26,1.0,9.0
78.0,37.0,22.0,25.34,63.32,6.33,74.52,3.0,3.0
8.0,28.0,37.0,23.88,86.21,6.08,108.31,3.0,2.0
118.0,18.0,52.0,28.05,90.83,6.56,20.76,3.0,8.0
43.0,66.0,79.0,19.46,15.23,7.98,74.59,1.0,7.0
29.0,67.0,21.0,29.79,63.39,6.62,63.02,3.0,1.0
37.0,24.0,13.0,19.14,90.71,7.85,108.02,1.0,4.0
37.0,64.0,22.0,17.48,18.83,5.95,121.94,0.0,0.0
43.0,79.0,79.0,19.41,18.98,7.81,80.25,1.0,7.0
21.0,51.0,15.0,29.36,89.19,6.68,48.3,1.0,9.0
26.0,80.0,83.0,17.08,16.15,7.53,71.31,1.0,7.0
70.0,36.0,42.0,21.84,80.73,6.95,202.38,0.0,6.0
60.0,55.0,44.0,23.0,82.32,7.84,263.96,0.0,6.0
42.0,79.0,85.0,17.22,15.82,6.13,76.58,1.0,7.0
87.0,35.0,25.0,21.45,63.16,6.18,65.89,3.0,3.0
90.0,44.0,38.0,23.84,83.88,7.47,241.2,0.0,6.0
32.0,25.0,9.0,10.36,93.76,7.8,101.15,1.0,4.0
22.0,72.0,85.0,18.87,15.66,6.39,88.51,1.0,7.0
36.0,29.0,13.0,20.68,90.92,7.83,109.75,1.0,4.0
39.0,76.0,76.0,19.97,15.57,6.14,69.16,1.0,7.0
84.0,25.0,52.0,24.37,81.25,6.13,44.21,2.0,5.0
83.0,57.0,19.0,25.73,70.75,6.88,98.74,3.0,3.0
17.0,52.0,17.0,27.88,86.45,6.36,44.64,1.0,9.0
104.0,25.0,51.0,28.96,93.88,6.47,23.56,3.0,8.0
22.0,78.0,76.0,17.85,19.09,8.62,76.32,1.0,7.0
59.0,70.0,84.0,17.33,18.75,7.55,82.62,1.0,7.0
74.0,58.0,18.0,20.04,56.36,6.73,109.02,3.0,3.0
36.0,38.0,15.0,28.36,87.6,6.32,58.0,1.0,9.0
116.0,25.0,50.0,29.26,92.92,6.09,28.71,3.0,8.0
26.0,54.0,17.0,28.55,88.96,6.27,49.49,1.0,9.0
39.0,9.0,15.0,25.35,91.81,7.99,116.76,1.0,4.0
75.0,54.0,36.0,26.29,84.57,7.02,257.49,0.0,6.0
21.0,17.0,15.0,23.98,91.55,7.46,118.49,1.0,4.0
12.0,20.0,10.0,24.45,93.11,6.53,109.47,1.0,4.0
106.0,10.0,49.0,27.73,92.01,6.35,20.21,3.0,8.0
42.0,67.0,77.0,18.99,15.94,6.11,78.71,1.0,7.0
25.0,17.0,40.0,18.91,87.75,6.61,111.28,3.0,2.0
57.0,68.0,81.0,17.17,17.3,8.08,72.79,1.0,7.0
76.0,49.0,42.0,24.96,84.48,5.21,196.96,0.0,6.0
24.0,21.0,42.0,20.82,87.23,7.0,109.44,3.0,2.0
106.0,20.0,51.0,29.73,90.97,6.34,20.49,3.0,8.0
40.0,27.0,45.0,21.66,94.79,5.89,112.43,3.0,2.0
38.0,36.0,21.0,28.03,84.88,6.56,36.12,1.0,9.0
102.0,14.0,52.0,26.79,89.65,6.51,57.74,2.0,5.0
11.0,72.0,20.0,19.52,24.93,5.95,113.33,0.0,0.0
90.0,44.0,38.0,23.84,83.88,7.47,241.2,0.0,6.0
39.0,71.0,84.0,20.28,16.4,8.14,82.52,1.0,7.0
11.0,10.0,45.0,22.63,88.46,6.4,109.04,3.0,2.0
116.0,25.0,50.0,29.26,92.92,6.09,28.71,3.0,8.0
101.0,20.0,48.0,24.68,82.75,6.21,57.06,2.0,5.0
39.0,17.0,45.0,18.1,90.42,6.92,104.88,3.0,2.0
36.0,29.0,13.0,20.68,90.92,7.83,109.75,1.0,4.0
22.0,64.0,82.0,19.49,17.17,6.47,87.51,1.0,7.0
31.0,75.0,18.0,15.47,21.44,5.82,88.89,0.0,0.0
56.0,79.0,15.0,29.48,63.2,7.45,71.89,3.0,1.0
27.0,56.0,20.0,29.21,87.11,6.42,51.54,1.0,9.0
90.0,14.0,52.0,24.85,89.2,6.39,59.68,2.0,5.0
15.0,6.0,41.0,19.01,88.84,6.9,108.68,3.0,2.0
28.0,66.0,23.0,21.54,24.25,6.0,120.69,0.0,0.0
95.0,12.0,51.0,25.76,84.17,6.68,44.22,2.0,5.0
9.0,8.0,40.0,22.49,89.92,6.55,111.66,3.0,2.0
114.0,8.0,50.0,24.75,88.31,6.58,57.96,2.0,5.0
83.0,9.0,45.0,25.85,89.13,6.05,46.85,2.0,5.0
27.0,62.0,77.0,18.2,14.71,6.58,70.18,1.0,7.0
4.0,6.0,7.0,23.01,91.12,6.71,112.67,1.0,4.0
27.0,80.0,15.0,19.07,21.21,5.79,86.22,0.0,0.0
21.0,21.0,38.0,22.55,89.33,6.33,104.9,3.0,2.0
22.0,70.0,19.0,18.24,21.08,5.52,69.45,0.0,0.0
37.0,79.0,19.0,27.54,69.35,7.14,69.41,3.0,1.0
95.0,13.0,46.0,29.84,93.76,6.13,23.28,3.0,8.0
13.0,60.0,25.0,17.14,20.61,5.69,128.26,0.0,0.0
84.0,29.0,49.0,29.94,93.91,6.25,20.39,3.0,8.0
21.0,39.0,20.0,28.14,82.12,7.06,46.76,1.0,9.0
29.0,76.0,15.0,28.54,64.2,7.03,69.69,3.0,1.0
98.0,8.0,51.0,26.18,86.52,6.26,49.43,2.0,5.0
84.0,44.0,21.0,21.87,61.91,5.85,107.27,3.0,3.0
20.0,27.0,41.0,20.51,92.52,5.7,110.58,3.0,2.0
111.0,6.0,53.0,26.49,88.59,6.31,46.06,2.0,5.0
40.0,78.0,20.0,19.19,20.83,5.67,80.15,0.0,0.0
40.0,9.0,41.0,24.38,85.4,5.78,106.13,3.0,2.0
3.0,77.0,25.0,24.85,22.89,5.61,62.21,0.0,0.0
74.0,35.0,40.0,26.49,80.16,6.98,242.86,0.0,6.0
28.0,58.0,81.0,17.48,16.54,6.18,93.35,1.0,7.0
61.0,44.0,17.0,26.1,71.57,6.93,102.27,3.0,3.0
13.0,7.0,43.0,18.2,91.12,7.01,109.66,3.0,2.0
20.0,20.0,10.0,11.87,93.68,6.98,106.06,1.0,4.0
120.0,16.0,51.0,28.0,91.64,6.55,23.29,3.0,8.0
23.0,30.0,44.0,20.94,85.43,6.12,103.03,3.0,2.0
53.0,67.0,17.0,31.78,69.02,7.3,61.47,3.0,1.0
8.0,23.0,44.0,18.47,89.69,7.13,108.48,3.0,2.0
25.0,76.0,24.0,15.33,24.92,5.57,135.33,0.0,0.0
110.0,14.0,51.0,27.02,91.67,6.09,21.26,3.0,8.0
8.0,26.0,36.0,18.78,87.4,6.8,102.52,3.0,2.0
8.0,7.0,10.0,28.26,91.98,6.93,105.21,1.0,4.0
40.0,68.0,17.0,34.13,65.15,7.73,70.41,3.0,1.0
74.0,35.0,40.0,26.49,80.16,6.98,242.86,0.0,6.0
71.0,46.0,40.0,20.28,82.12,7.24,191.95,0.0,6.0
4.0,13.0,6.0,15.63,94.26,7.56,101.47,1.0,4.0
61.0,41.0,17.0,25.14,65.26,6.02,76.68,3.0,3.0
7.0,20.0,12.0,16.53,94.77,6.48,110.04,1.0,4.0
30.0,44.0,16.0,29.73,82.89,6.44,50.92,1.0,9.0
111.0,6.0,53.0,26.49,88.59,6.31,46.06,2.0,5.0
21.0,38.0,21.0,29.76,86.45,6.64,37.55,1.0,9.0
51.0,72.0,75.0,18.89,14.99,7.1,80.11,1.0,7.0
49.0,55.0,78.0,18.66,16.18,7.86,81.71,1.0,7.0
6.0,77.0,25.0,20.61,24.36,5.79,69.64,0.0,0.0
39.0,24.0,14.0,30.55,90.9,7.19,106.07,1.0,4.0
74.0,35.0,40.0,26.49,80.16,6.98,242.86,0.0,6.0
97.0,12.0,47.0,25.29,89.64,6.77,58.29,2.0,5.0
30.0,65.0,82.0,20.71,15.28,6.11,76.78,1.0,7.0
87.0,60.0,23.0,20.27,63.91,6.44,62.5,3.0,3.0
111.0,15.0,54.0,27.71,92.91,6.19,22.06,3.0,8.0
40.0,64.0,16.0,16.43,24.24,5.93,140.37,0.0,0.0
37.0,18.0,12.0,10.27,90.19,7.4,106.7,1.0,4.0
81.0,53.0,42.0,23.68,81.04,5.18,233.7,0.0,6.0
27.0,62.0,24.0,28.63,66.77,7.35,62.27,3.0,1.0
115.0,11.0,46.0,24.42,89.4,6.62,40.32,2.0,5.0
86.0,36.0,24.0,26.55,72.89,5.79,73.34,3.0,3.0
61.0,44.0,17.0,26.1,71.57,6.93,102.27,3.0,3.0
11.0,71.0,17.0,19.92,21.47,5.75,82.69,0.0,0.0
12.0,63.0,17.0,18.36,19.38,5.72,138.41,0.0,0.0
16.0,29.0,13.0,32.32,93.68,6.2,117.62,1.0,4.0
35.0,69.0,23.0,16.79,24.97,5.58,75.45,0.0,0.0
82.0,22.0,45.0,26.22,85.35,6.51,54.6,2.0,5.0
94.0,50.0,37.0,25.67,80.66,6.95,209.59,0.0,6.0
98.0,25.0,52.0,25.28,83.15,6.22,49.29,2.0,5.0
92.0,35.0,40.0,22.18,80.33,6.36,200.09,0.0,6.0
18.0,27.0,41.0,22.37,92.31,7.18,104.82,3.0,2.0
34.0,66.0,19.0,32.97,60.18,7.59,73.45,3.0,1.0
75.0,56.0,18.0,19.4,62.36,5.7,60.95,3.0,3.0
73.0,58.0,21.0,19.97,57.68,6.6,60.65,3.0,3.0
82.0,20.0,54.0,29.34,90.02,6.54,21.45,3.0,8.0
6.0,30.0,40.0,22.77,91.45,6.36,106.97,3.0,2.0
63.0,43.0,17.0,19.29,65.47,6.81,71.32,3.0,3.0
0.0,17.0,42.0,23.2,91.19,6.86,109.09,3.0,2.0
34.0,60.0,23.0,20.13,24.97,5.66,100.05,0.0,0.0
43.0,61.0,20.0,26.87,61.61,6.8,63.52,3.0,1.0
98.0,53.0,38.0,20.27,81.64,5.01,270.44,0.0,6.0
24.0,21.0,42.0,20.82,87.23,7.0,109.44,3.0,2.0
93.0,41.0,17.0,25.62,66.5,6.05,105.47,3.0,3.0
31.0,51.0,25.0,27.54,85.57,7.2,53.02,1.0,9.0
90.0,23.0,54.0,28.56,90.46,6.16,27.27,3.0,8.0
106.0,14.0,45.0,24.47,84.16,6.42,57.27,2.0,5.0
99.0,55.0,35.0,21.72,80.24,6.5,277.96,0.0,6.0
18.0,21.0,35.0,23.28,94.94,6.37,111.14,3.0,2.0
95.0,16.0,46.0,27.08,90.14,6.75,24.45,3.0,8.0
86.0,18.0,45.0,28.97,90.72,6.57,22.26,3.0,8.0
53.0,65.0,76.0,20.19,16.42,6.72,77.34,1.0,7.0
72.0,60.0,25.0,18.53,69.03,5.77,88.1,3.0,3.0
3.0,26.0,39.0,24.38,91.19,7.08,103.6,3.0,2.0
20.0,79.0,77.0,18.55,16.03,7.65,76.33,1.0,7.0
85.0,9.0,53.0,28.21,92.87,6.45,28.79,3.0,8.0
21.0,62.0,24.0,33.49,62.73,6.85,65.45,3.0,1.0
96.0,13.0,55.0,29.53,94.57,6.7,21.14,3.0,8.0
88.0,29.0,51.0,24.72,88.95,6.1,48.46,2.0,5.0
27.0,80.0,15.0,19.07,21.21,5.79,86.22,0.0,0.0
27.0,64.0,21.0,32.84,68.68,7.54,73.67,3.0,1.0
101.0,17.0,47.0,29.49,94.73,6.19,26.31,3.0,8.0
26.0,67.0,16.0,29.11,67.91,7.18,67.83,3.0,1.0
30.0,70.0,79.0,20.27,19.97,7.31,69.64,1.0,7.0
39.0,28.0,10.0,31.35,91.48,7.18,109.15,1.0,4.0
9.0,48.0,22.0,27.77,87.1,6.4,49.51,1.0,9.0
31.0,37.0,21.0,27.24,86.4,6.71,37.31,1.0,9.0
120.0,20.0,45.0,25.67,88.7,6.11,54.23,2.0,5.0
113.0,6.0,52.0,27.76,90.36,6.74,25.22,3.0,8.0
28.0,68.0,19.0,34.64,61.39,7.7,72.43,3.0,1.0
36.0,43.0,22.0,27.83,87.17,6.39,58.37,1.0,9.0
85.0,58.0,41.0,21.77,80.32,7.04,226.66,0.0,6.0
18.0,5.0,11.0,20.88,90.94,6.25,102.46,1.0,4.0
58.0,75.0,25.0,25.26,61.37,7.26,68.65,3.0,1.0
6.0,18.0,37.0,19.66,89.94,5.94,108.05,3.0,2.0
30.0,64.0,20.0,33.86,61.57,6.57,68.02,3.0,1.0
107.0,22.0,54.0,28.0,90.85,6.63,21.62,3.0,8.0
52.0,73.0,79.0,17.26,18.75,7.84,94.0,1.0,7.0
39.0,60.0,21.0,34.9,63.6,6.97,64.73,3.0,1.0
120.0,23.0,55.0,27.84,91.61,6.73,26.48,3.0,8.0
27.0,64.0,15.0,20.16,24.84,5.51,138.24,0.0,0.0
34.0,59.0,18.0,23.38,21.99,5.74,87.67,0.0,0.0
34.0,29.0,8.0,31.88,91.15,6.45,105.34,1.0,4.0
85.0,27.0,45.0,26.07,88.73,6.47,57.8,2.0,5.0
58.0,63.0,81.0,19.81,14.7,6.52,78.97,1.0,7.0
28.0,65.0,23.0,28.39,61.89,7.41,74.24,3.0,1.0
8.0,45.0,18.0,27.93,85.42,7.01,43.25,1.0,9.0
111.0,5.0,47.0,28.03,91.47,6.27,21.18,3.0,8.0
61.0,60.0,15.0,24.88,68.74,6.27,91.26,3.0,3.0
12.0,61.0,19.0,19.33,24.14,5.66,68.51,0.0,0.0
61.0,53.0,43.0,26.4,81.06,6.35,223.37,0.0,6.0
12.0,20.0,10.0,24.45,93.11,6.53,109.47,1.0,4.0
80.0,18.0,51.0,28.05,91.82,6.71,20.77,3.0,8.0
34.0,66.0,19.0,32.97,60.18,7.59,73.45,3.0,1.0
107.0,10.0,49.0,25.83,89.0,6.76,45.25,2.0,5.0
102.0,11.0,47.0,27.99,92.78,6.5,27.15,3.0,8.0
12.0,8.0,10.0,16.15,91.44,8.0,107.43,1.0,4.0
31.0,79.0,25.0,23.19,22.31,5.9,63.38,0.0,0.0
37.0,18.0,39.0,24.15,94.51,6.42,110.23,3.0,2.0
64.0,35.0,23.0,23.02,61.89,5.68,63.04,3.0,3.0
42.0,67.0,77.0,18.99,15.94,6.11,78.71,1.0,7.0
89.0,45.0,36.0,21.33,80.47,6.44,185.5,0.0,6.0
35.0,48.0,15.0,27.11,87.45,6.98,55.04,1.0,9.0
89.0,45.0,36.0,21.33,80.47,6.44,185.5,0.0,6.0
18.0,74.0,15.0,24.9,22.28,5.71,146.47,0.0,0.0
102.0,11.0,47.0,27.99,92.78,6.5,27.15,3.0,8.0
21.0,39.0,20.0,28.14,82.12,7.06,46.76,1.0,9.0
6.0,18.0,37.0,19.66,89.94,5.94,108.05,3.0,2.0
6.0,62.0,22.0,20.53,18.09,5.82,120.45,0.0,0.0
15.0,11.0,38.0,23.13,92.68,6.63,109.39,3.0,2.0
101.0,17.0,55.0,24.37,87.13,6.45,44.64,2.0,5.0
36.0,38.0,15.0,28.36,87.6,6.32,58.0,1.0,9.0
84.0,7.0,51.0,26.82,87.66,6.4,55.74,2.0,5.0
20.0,7.0,45.0,18.91,89.24,6.08,112.48,3.0,2.0
13.0,22.0,5.0,19.67,90.5,7.76,100.17,1.0,4.0
114.0,27.0,48.0,27.82,93.04,6.53,26.32,3.0,8.0
52.0,73.0,79.0,17.26,18.75,7.84,94.0,1.0,7.0
120.0,24.0,47.0,26.99,89.41,6.26,58.55,2.0,5.0
25.0,78.0,76.0,17.48,15.76,7.23,66.97,1.0,7.0
97.0,22.0,50.0,26.26,86.15,6.77,58.98,2.0,5.0
95.0,12.0,51.0,25.76,84.17,6.68,44.22,2.0,5.0
55.0,78.0,21.0,33.39,62.94,6.6,63.57,3.0,1.0
59.0,58.0,17.0,28.55,66.31,7.37,62.83,3.0,1.0
93.0,20.0,50.0,29.93,93.23,6.45,24.35,3.0,8.0
21.0,38.0,21.0,29.76,86.45,6.64,37.55,1.0,9.0
29.0,16.0,36.0,19.81,88.93,5.74,102.86,3.0,2.0
25.0,68.0,77.0,20.09,15.11,7.7,85.75,1.0,7.0
34.0,60.0,23.0,20.13,24.97,5.66,100.05,0.0,0.0
89.0,45.0,36.0,21.33,80.47,6.44,185.5,0.0,6.0
59.0,55.0,19.0,31.74,62.51,7.33,68.97,3.0,1.0
84.0,21.0,55.0,28.47,94.79,6.49,21.08,3.0,8.0
29.0,77.0,75.0,17.5,15.48,7.78,72.94,1.0,7.0
5.0,65.0,16.0,21.33,18.49,5.87,109.1,0.0,0.0
22.0,64.0,82.0,19.49,17.17,6.47,87.51,1.0,7.0
90.0,49.0,21.0,24.84,68.36,6.47,74.05,3.0,3.0
37.0,6.0,13.0,26.03,91.51,7.51,101.28,1.0,4.0
87.0,6.0,45.0,29.83,90.79,6.4,22.84,3.0,8.0
107.0,5.0,52.0,26.66,89.98,6.88,57.41,2.0,5.0
13.0,8.0,12.0,25.16,92.55,7.11,114.31,1.0,4.0
27.0,13.0,6.0,13.36,91.36,7.34,111.23,1.0,4.0
1.0,17.0,6.0,10.79,91.38,6.82,117.53,1.0,4.0
37.0,50.0,23.0,29.65,88.49,6.53,56.02,1.0,9.0
63.0,58.0,22.0,18.25,55.28,6.2,63.72,3.0,3.0
95.0,13.0,46.0,29.84,93.76,6.13,23.28,3.0,8.0
7.0,20.0,12.0,16.53,94.77,6.48,110.04,1.0,4.0
78.0,37.0,22.0,25.34,63.32,6.33,74.52,3.0,3.0
117.0,24.0,53.0,29.17,92.21,6.29,21.3,3.0,8.0
59.0,69.0,80.0,19.08,17.87,8.17,69.41,1.0,7.0
33.0,37.0,19.0,27.93,86.55,7.18,43.48,1.0,9.0
88.0,29.0,51.0,24.72,88.95,6.1,48.46,2.0,5.0
79.0,42.0,37.0,24.87,82.84,6.59,295.61,0.0,6.0
89.0,54.0,38.0,24.52,83.54,6.69,230.45,0.0,6.0
61.0,52.0,41.0,24.98,83.89,6.88,204.8,0.0,6.0
27.0,59.0,22.0,21.81,23.21,5.79,130.06,0.0,0.0
83.0,10.0,53.0,24.93,85.01,6.2,48.76,2.0,5.0
4.0,18.0,37.0,22.92,85.41,7.13,106.28,3.0,2.0
42.0,74.0,83.0,19.26,14.28,7.55,65.78,1.0,7.0
65.0,60.0,22.0,25.37,72.52,6.61,107.91,3.0,3.0
106.0,20.0,51.0,29.73,90.97,6.34,20.49,3.0,8.0
57.0,68.0,81.0,17.17,17.3,8.08,72.79,1.0,7.0
14.0,48.0,21.0,29.25,84.8,6.99,53.43,1.0,9.0
43.0,66.0,79.0,19.46,15.23,7.98,74.59,1.0,7.0
37.0,55.0,82.0,19.46,18.02,6.42,78.45,1.0,7.0
88.0,55.0,45.0,24.64,80.41,7.73,253.72,0.0,6.0
36.0,7.0,37.0,19.87,86.36,5.78,108.32,3.0,2.0
88.0,46.0,42.0,22.68,83.46,6.6,194.27,0.0,6.0
34.0,29.0,8.0,31.88,91.15,6.45,105.34,1.0,4.0
3.0,77.0,25.0,24.85,22.89,5.61,62.21,0.0,0.0
81.0,25.0,49.0,29.87,93.25,6.08,26.26,3.0,8.0
99.0,39.0,18.0,19.2,68.31,6.11,87.85,3.0,3.0
56.0,67.0,78.0,17.57,16.72,8.26,77.82,1.0,7.0
34.0,66.0,17.0,18.81,21.28,5.89,125.08,0.0,0.0
34.0,11.0,10.0,31.75,94.6,7.36,115.2,1.0,4.0
85.0,37.0,39.0,24.53,82.74,6.36,224.68,0.0,6.0
25.0,65.0,21.0,33.86,68.59,6.88,69.24,3.0,1.0
99.0,36.0,20.0,20.58,65.35,6.67,78.35,3.0,3.0
111.0,5.0,52.0,29.88,94.04,6.14,21.0,3.0,8.0
104.0,23.0,47.0,26.98,86.7,6.77,42.91,2.0,5.0
0.0,5.0,36.0,24.35,90.89,6.15,105.53,3.0,2.0
12.0,8.0,10.0,16.15,91.44,8.0,107.43,1.0,4.0
22.0,37.0,20.0,27.63,86.49,6.61,39.26,1.0,9.0
67.0,51.0,24.0,23.5,61.32,5.58,64.78,3.0,3.0
98.0,8.0,51.0,26.18,86.52,6.26,49.43,2.0,5.0
61.0,53.0,43.0,26.4,81.06,6.35,223.37,0.0,6.0
72.0,45.0,35.0,25.43,82.95,5.76,195.36,0.0,6.0
27.0,69.0,22.0,17.92,24.91,5.93,69.15,0.0,0.0
95.0,12.0,51.0,25.76,84.17,6.68,44.22,2.0,5.0
28.0,7.0,9.0,34.59,92.13,6.73,115.57,1.0,4.0
40.0,18.0,43.0,19.39,86.79,5.77,109.91,3.0,2.0
63.0,35.0,16.0,22.03,65.36,6.27,83.73,3.0,3.0
109.0,21.0,55.0,24.9,89.74,6.77,57.45,2.0,5.0
20.0,23.0,11.0,31.85,90.12,6.41,109.95,1.0,4.0
100.0,48.0,16.0,25.72,67.22,5.55,74.51,3.0,3.0
55.0,78.0,21.0,33.39,62.94,6.6,63.57,3.0,1.0
99.0,50.0,15.0,18.15,71.09,5.57,88.08,3.0,3.0
99.0,38.0,21.0,22.88,71.6,6.35,67.73,3.0,3.0
83.0,57.0,19.0,25.73,70.75,6.88,98.74,3.0,3.0
20.0,45.0,22.0,29.59,89.99,6.9,54.96,1.0,9.0
22.0,26.0,38.0,22.92,85.13,6.99,110.24,3.0,2.0
27.0,62.0,24.0,28.63,66.77,7.35,62.27,3.0,1.0
3.0,77.0,25.0,24.85,22.89,5.61,62.21,0.0,0.0
29.0,75.0,75.0,19.62,18.71,7.06,88.46,1.0,7.0
26.0,27.0,10.0,28.07,92.91,6.08,114.13,1.0,4.0
87.0,35.0,25.0,21.45,63.16,6.18,65.89,3.0,3.0
97.0,22.0,50.0,26.26,86.15,6.77,58.98,2.0,5.0
85.0,9.0,53.0,28.21,92.87,6.45,28.79,3.0,8.0
84.0,57.0,25.0,22.54,67.99,6.49,64.41,3.0,3.0
9.0,11.0,8.0,24.86,94.39,6.56,111.78,1.0,4.0
23.0,70.0,15.0,34.6,63.11,7.4,60.42,3.0,1.0
85.0,25.0,47.0,26.11,87.64,6.3,58.48,2.0,5.0
53.0,73.0,77.0,19.71,18.1,7.33,73.64,1.0,7.0
13.0,47.0,20.0,29.22,87.94,6.54,43.14,1.0,9.0
27.0,79.0,82.0,17.07,17.54,6.31,70.87,1.0,7.0
63.0,44.0,41.0,24.17,83.73,5.58,257.03,0.0,6.0
44.0,75.0,22.0,30.03,64.15,7.57,71.21,3.0,1.0
101.0,17.0,47.0,29.49,94.73,6.19,26.31,3.0,8.0
42.0,73.0,25.0,34.04,67.21,6.5,73.24,3.0,1.0
81.0,18.0,50.0,26.81,88.23,6.43,58.8,2.0,5.0
76.0,60.0,39.0,20.05,80.35,6.77,208.58,0.0,6.0
86.0,55.0,21.0,21.54,59.64,6.8,109.75,3.0,3.0
7.0,20.0,12.0,16.53,94.77,6.48,110.04,1.0,4.0
19.0,7.0,10.0,14.78,91.22,6.12,100.2,1.0,4.0
29.0,11.0,5.0,23.13,91.95,7.64,104.42,1.0,4.0
22.0,64.0,82.0,19.49,17.17,6.47,87.51,1.0,7.0
109.0,10.0,53.0,26.82,87.83,6.55,46.06,2.0,5.0
93.0,20.0,50.0,29.93,93.23,6.45,24.35,3.0,8.0
29.0,36.0,25.0,28.29,88.44,7.13,48.57,1.0,9.0
49.0,55.0,78.0,18.66,16.18,7.86,81.71,1.0,7.0
57.0,67.0,25.0,32.35,66.61,7.55,64.56,3.0,1.0
66.0,54.0,21.0,25.19,60.2,5.92,72.12,3.0,3.0
52.0,71.0,16.0,27.74,68.54,7.08,71.79,3.0,1.0
0.0,27.0,38.0,22.45,89.9,6.74,109.39,3.0,2.0
81.0,45.0,35.0,26.53,80.12,6.16,218.92,0.0,6.0
101.0,25.0,52.0,29.1,94.22,6.75,22.52,3.0,8.0
17.0,52.0,17.0,27.88,86.45,6.36,44.64,1.0,9.0
40.0,27.0,45.0,21.66,94.79,5.89,112.43,3.0,2.0
34.0,66.0,19.0,32.97,60.18,7.59,73.45,3.0,1.0
90.0,14.0,52.0,24.85,89.2,6.39,59.68,2.0,5.0
57.0,57.0,75.0,17.09,18.25,7.79,87.27,1.0,7.0
91.0,7.0,53.0,25.14,89.28,6.46,43.53,2.0,5.0
6.0,30.0,40.0,22.77,91.45,6.36,106.97,3.0,2.0
84.0,25.0,52.0,24.37,81.25,6.13,44.21,2.0,5.0
87.0,6.0,45.0,29.83,90.79,6.4,22.84,3.0,8.0
77.0,36.0,23.0,24.71,56.73,6.65,88.45,3.0,3.0
89.0,60.0,19.0,25.19,66.69,5.91,78.07,3.0,3.0
109.0,26.0,45.0,28.28,90.39,6.22,21.59,3.0,8.0
44.0,76.0,22.0,27.26,68.01,7.78,68.92,3.0,1.0
10.0,56.0,16.0,28.17,81.05,6.83,36.36,1.0,9.0
109.0,26.0,45.0,28.28,90.39,6.22,21.59,3.0,8.0
27.0,56.0,20.0,19.26,20.51,5.54,94.95,0.0,0.0
113.0,28.0,48.0,28.88,92.49,6.17,24.44,3.0,8.0
95.0,16.0,55.0,25.27,87.55,6.61,40.13,2.0,5.0
60.0,46.0,22.0,24.89,65.61,6.63,87.93,3.0,3.0
24.0,67.0,22.0,20.12,22.9,5.62,104.63,0.0,0.0
105.0,14.0,50.0,26.21,87.69,6.42,59.66,2.0,5.0
39.0,24.0,14.0,30.55,90.9,7.19,106.07,1.0,4.0
115.0,12.0,52.0,27.51,94.96,6.69,21.02,3.0,8.0
9.0,25.0,41.0,24.82,91.91,5.97,109.29,3.0,2.0
22.0,70.0,19.0,18.24,21.08,5.52,69.45,0.0,0.0
80.0,16.0,46.0,25.5,81.4,6.94,48.48,2.0,5.0
37.0,64.0,22.0,17.48,18.83,5.95,121.94,0.0,0.0
89.0,25.0,50.0,27.05,91.35,6.38,25.08,3.0,8.0
36.0,55.0,20.0,27.01,84.34,6.64,55.3,1.0,9.0
31.0,55.0,22.0,22.91,21.34,5.87,109.23,0.0,0.0
21.0,21.0,38.0,22.55,89.33,6.33,104.9,3.0,2.0
23.0,72.0,84.0,19.02,17.13,6.92,79.93,1.0,7.0
52.0,60.0,79.0,19.45,18.23,8.38,75.63,1.0,7.0
84.0,21.0,55.0,28.47,94.79,6.49,21.08,3.0,8.0
4.0,19.0,43.0,18.07,93.15,5.78,106.36,3.0,2.0
110.0,28.0,46.0,24.29,88.05,6.5,51.26,2.0,5.0
31.0,70.0,77.0,20.89,14.32,6.49,90.46,1.0,7.0
76.0,44.0,17.0,20.42,62.55,5.86,65.28,3.0,3.0
118.0,18.0,52.0,28.05,90.83,6.56,20.76,3.0,8.0
32.0,66.0,17.0,34.95,65.27,7.16,70.14,3.0,1.0
6.0,62.0,22.0,20.53,18.09,5.82,120.45,0.0,0.0
113.0,28.0,48.0,28.88,92.49,6.17,24.44,3.0,8.0
88.0,46.0,42.0,22.68,83.46,6.6,194.27,0.0,6.0
67.0,47.0,44.0,26.73,81.79,7.87,280.4,0.0,6.0
24.0,55.0,78.0,17.3,15.15,6.65,75.58,1.0,7.0
93.0,53.0,38.0,26.93,81.91,7.07,290.68,0.0,6.0
0.0,12.0,7.0,20.18,90.65,6.97,116.81,1.0,4.0
31.0,26.0,9.0,11.7,93.26,7.57,103.2,1.0,4.0
105.0,14.0,50.0,26.21,87.69,6.42,59.66,2.0,5.0
101.0,11.0,51.0,25.51,84.24,6.79,44.21,2.0,5.0
58.0,71.0,15.0,27.83,67.59,6.92,74.01,3.0,1.0
8.0,50.0,21.0,28.63,89.11,6.22,50.5,1.0,9.0
29.0,77.0,75.0,17.5,15.48,7.78,72.94,1.0,7.0
26.0,27.0,10.0,28.07,92.91,6.08,114.13,1.0,4.0
57.0,58.0,77.0,18.73,17.58,7.98,81.2,1.0,7.0
98.0,35.0,18.0,23.8,74.83,6.25,91.76,3.0,3.0
81.0,6.0,55.0,24.89,85.87,6.11,51.71,2.0,5.0
107.0,5.0,52.0,26.66,89.98,6.88,57.41,2.0,5.0
28.0,74.0,81.0,18.01,18.31,8.75,81.99,1.0,7.0
107.0,10.0,49.0,25.83,89.0,6.76,45.25,2.0,5.0
16.0,75.0,21.0,18.51,23.62,5.68,87.05,0.0,0.0
91.0,36.0,45.0,24.44,82.45,5.95,267.98,0.0,6.0
98.0,7.0,45.0,27.79,92.51,6.16,26.85,3.0,8.0
68.0,40.0,19.0,26.14,66.21,6.66,107.24,3.0,3.0
35.0,66.0,81.0,19.37,15.77,6.14,85.25,1.0,7.0
32.0,68.0,19.0,24.63,18.18,5.51,149.74,0.0,0.0
68.0,41.0,16.0,21.78,57.81,6.16,102.09,3.0,3.0
119.0,19.0,55.0,25.19,83.45,6.82,46.87,2.0,5.0
66.0,54.0,21.0,25.19,60.2,5.92,72.12,3.0,3.0
30.0,37.0,25.0,29.89,80.14,7.12,54.8,1.0,9.0
54.0,61.0,77.0,18.81,15.22,6.21,77.54,1.0,7.0
60.0,49.0,44.0,20.78,84.5,6.24,240.08,0.0,6.0
58.0,75.0,25.0,25.26,61.37,7.26,68.65,3.0,1.0
37.0,49.0,25.0,29.91,85.85,6.42,41.39,1.0,9.0
32.0,73.0,81.0,20.45,15.4,5.99,92.68,1.0,7.0
105.0,14.0,50.0,26.21,87.69,6.42,59.66,2.0,5.0
103.0,17.0,51.0,25.11,80.03,6.21,44.21,2.0,5.0
21.0,44.0,18.0,27.07,86.9,7.13,50.47,1.0,9.0
40.0,78.0,20.0,19.19,20.83,5.67,80.15,0.0,0.0
39.0,28.0,10.0,31.35,91.48,7.18,109.15,1.0,4.0
101.0,17.0,47.0,29.49,94.73,6.19,26.31,3.0,8.0
91.0,55.0,15.0,18.09,72.61,6.38,78.96,3.0,3.0
40.0,73.0,20.0,21.59,20.32,5.81,61.14,0.0,0.0
78.0,58.0,44.0,26.8,80.89,5.11,284.44,0.0,6.0
37.0,49.0,25.0,29.91,85.85,6.42,41.39,1.0,9.0
19.0,78.0,16.0,20.65,23.11,5.97,67.72,0.0,0.0
7.0,23.0,35.0,19.75,88.72,7.05,102.55,3.0,2.0
108.0,22.0,46.0,26.18,86.73,6.12,53.33,2.0,5.0
93.0,53.0,38.0,26.93,81.91,7.07,290.68,0.0,6.0
21.0,6.0,41.0,24.88,89.4,7.09,107.2,3.0,2.0
114.0,27.0,48.0,27.82,93.04,6.53,26.32,3.0,8.0
24.0,30.0,11.0,32.4,94.52,6.6,113.25,1.0,4.0
60.0,68.0,83.0,19.12,18.43,6.62,85.53,1.0,7.0
60.0,49.0,44.0,20.78,84.5,6.24,240.08,0.0,6.0
12.0,8.0,10.0,16.15,91.44,8.0,107.43,1.0,4.0
4.0,23.0,5.0,22.68,93.36,7.48,110.33,1.0,4.0
7.0,79.0,23.0,19.64,19.69,5.82,96.66,0.0,0.0
39.0,24.0,39.0,23.65,93.33,6.43,109.81,3.0,2.0
31.0,11.0,45.0,24.84,86.89,6.03,107.64,3.0,2.0
37.0,55.0,82.0,19.46,18.02,6.42,78.45,1.0,7.0
95.0,16.0,55.0,25.27,87.55,6.61,40.13,2.0,5.0
4.0,40.0,21.0,28.8,80.46,6.73,44.3,1.0,9.0
13.0,7.0,43.0,18.2,91.12,7.01,109.66,3.0,2.0
59.0,60.0,84.0,19.03,18.67,7.69,94.71,1.0,7.0
80.0,18.0,51.0,28.05,91.82,6.71,20.77,3.0,8.0
75.0,56.0,18.0,19.4,62.36,5.7,60.95,3.0,3.0
27.0,65.0,18.0,20.11,23.22,5.6,73.36,0.0,0.0
23.0,62.0,85.0,18.97,19.52,8.49,80.71,1.0,7.0
83.0,7.0,45.0,29.08,90.74,6.7,25.33,3.0,8.0
109.0,10.0,53.0,26.82,87.83,6.55,46.06,2.0,5.0
61.0,41.0,17.0,25.14,65.26,6.02,76.68,3.0,3.0
29.0,22.0,43.0,19.66,87.95,5.56,106.04,3.0,2.0
25.0,65.0,21.0,33.86,68.59,6.88,69.24,3.0,1.0
59.0,70.0,84.0,17.33,18.75,7.55,82.62,1.0,7.0
23.0,30.0,44.0,20.94,85.43,6.12,103.03,3.0,2.0
28.0,6.0,40.0,22.11,91.34,6.77,106.87,3.0,2.0
12.0,63.0,17.0,18.36,19.38,5.72,138.41,0.0,0.0
13.0,16.0,8.0,34.74,93.12,6.95,100.2,1.0,4.0
32.0,25.0,35.0,18.1,85.71,5.89,107.01,3.0,2.0
97.0,22.0,50.0,26.26,86.15,6.77,58.98,2.0,5.0
24.0,67.0,22.0,20.12,22.9,5.62,104.63,0.0,0.0
83.0,22.0,54.0,25.9,81.97,6.28,54.5,2.0,5.0
31.0,55.0,22.0,22.91,21.34,5.87,109.23,0.0,0.0
27.0,79.0,82.0,17.07,17.54,6.31,70.87,1.0,7.0
38.0,36.0,21.0,28.03,84.88,6.56,36.12,1.0,9.0
43.0,79.0,79.0,19.41,18.98,7.81,80.25,1.0,7.0
17.0,58.0,20.0,28.07,85.92,6.43,39.24,1.0,9.0
1.0,62.0,23.0,15.44,18.37,5.61,139.03,0.0,0.0
103.0,16.0,49.0,24.07,81.64,6.92,51.75,2.0,5.0
37.0,78.0,79.0,19.95,14.83,7.79,88.68,1.0,7.0
91.0,21.0,50.0,24.34,81.44,6.76,48.32,2.0,5.0
98.0,7.0,45.0,27.79,92.51,6.16,26.85,3.0,8.0
80.0,26.0,55.0,24.53,88.99,6.14,49.12,2.0,5.0
13.0,47.0,20.0,29.22,87.94,6.54,43.14,1.0,9.0
26.0,27.0,10.0,28.07,92.91,6.08,114.13,1.0,4.0
17.0,52.0,17.0,27.88,86.45,6.36,44.64,1.0,9.0
76.0,60.0,39.0,20.05,80.35,6.77,208.58,0.0,6.0
14.0,25.0,40.0,20.07,90.98,6.41,103.71,3.0,2.0
31.0,76.0,82.0,20.82,17.85,7.6,79.21,1.0,7.0
19.0,7.0,9.0,27.26,91.71,6.97,101.14,1.0,4.0
91.0,7.0,52.0,25.08,83.46,6.41,56.4,2.0,5.0
11.0,14.0,5.0,11.5,94.89,6.95,115.57,1.0,4.0
114.0,27.0,48.0,27.82,93.04,6.53,26.32,3.0,8.0
25.0,60.0,22.0,21.63,21.18,5.89,134.36,0.0,0.0
23.0,30.0,44.0,20.94,85.43,6.12,103.03,3.0,2.0
24.0,27.0,9.0,18.87,93.25,6.16,119.39,1.0,4.0
22.0,80.0,20.0,23.01,18.87,5.67,100.12,0.0,0.0
74.0,58.0,18.0,20.04,56.36,6.73,109.02,3.0,3.0
9.0,48.0,20.0,29.66,84.28,6.38,56.1,1.0,9.0
8.0,54.0,20.0,28.33,80.77,7.03,38.8,1.0,9.0
27.0,80.0,15.0,19.07,21.21,5.79,86.22,0.0,0.0
12.0,20.0,39.0,19.86,86.2,6.03,111.02,3.0,2.0
9.0,48.0,22.0,27.77,87.1,6.4,49.51,1.0,9.0
75.0,54.0,36.0,26.29,84.57,7.02,257.49,0.0,6.0
5.0,24.0,40.0,24.69,93.87,6.3,104.67,3.0,2.0
72.0,40.0,38.0,20.41,82.21,7.59,245.15,0.0,6.0
81.0,53.0,42.0,23.68,81.04,5.18,233.7,0.0,6.0
1.0,27.0,36.0,23.99,93.34,5.68,104.99,3.0,2.0
77.0,36.0,23.0,24.71,56.73,6.65,88.45,3.0,3.0
42.0,79.0,23.0,27.72,63.29,6.78,68.57,3.0,1.0
22.0,64.0,82.0,19.49,17.17,6.47,87.51,1.0,7.0
67.0,43.0,39.0,26.04,84.97,6.0,186.75,0.0,6.0
49.0,71.0,76.0,19.71,17.64,6.61,85.58,1.0,7.0
13.0,22.0,5.0,19.67,90.5,7.76,100.17,1.0,4.0
25.0,27.0,41.0,19.2,94.28,6.92,108.04,3.0,2.0
69.0,46.0,41.0,23.64,80.29,5.01,263.11,0.0,6.0
84.0,18.0,46.0,27.09,93.42,6.78,25.32,3.0,8.0
99.0,41.0,36.0,24.46,82.75,6.74,182.56,0.0,6.0
101.0,20.0,48.0,24.68,82.75,6.21,57.06,2.0,5.0
101.0,25.0,52.0,29.1,94.22,6.75,22.52,3.0,8.0
91.0,24.0,55.0,26.27,83.09,6.26,46.77,2.0,5.0
23.0,70.0,15.0,34.6,63.11,7.4,60.42,3.0,1.0
38.0,21.0,35.0,20.34,89.38,5.84,110.97,3.0,2.0
99.0,12.0,52.0,28.7,94.31,6.0,22.22,3.0,8.0
33.0,12.0,8.0,25.26,90.31,6.82,117.37,1.0,4.0
9.0,69.0,20.0,19.31,23.96,5.59,129.34,0.0,0.0
61.0,41.0,17.0,25.14,65.26,6.02,76.68,3.0,3.0
95.0,23.0,45.0,27.82,90.57,6.27,21.19,3.0,8.0
14.0,57.0,15.0,29.88,83.15,6.62,40.12,1.0,9.0
44.0,74.0,85.0,20.19,19.64,7.15,78.26,1.0,7.0
104.0,17.0,46.0,25.71,80.23,6.19,43.09,2.0,5.0
99.0,12.0,52.0,28.7,94.31,6.0,22.22,3.0,8.0
87.0,48.0,25.0,18.65,61.38,6.66,93.62,3.0,3.0
83.0,57.0,19.0,25.73,70.75,6.88,98.74,3.0,3.0
20.0,20.0,10.0,11.87,93.68,6.98,106.06,1.0,4.0
40.0,68.0,17.0,34.13,65.15,7.73,70.41,3.0,1.0
32.0,60.0,83.0,19.69,19.44,8.83,91.76,1.0,7.0
25.0,60.0,22.0,21.63,21.18,5.89,134.36,0.0,0.0
98.0,35.0,18.0,23.8,74.83,6.25,91.76,3.0,3.0
13.0,7.0,43.0,18.2,91.12,7.01,109.66,3.0,2.0
115.0,9.0,52.0,29.07,90.98,6.02,29.12,3.0,8.0
36.0,65.0,80.0,18.29,16.68,6.05,74.87,1.0,7.0
120.0,20.0,45.0,25.67,88.7,6.11,54.23,2.0,5.0
36.0,55.0,20.0,27.01,84.34,6.64,55.3,1.0,9.0
37.0,56.0,25.0,22.06,19.6,5.77,126.73,0.0,0.0
68.0,57.0,43.0,26.09,80.38,5.71,182.9,0.0,6.0
88.0,17.0,52.0,29.9,90.75,6.65,25.38,3.0,8.0
